date,product_id,quantity_sold,revenue
2026-03-08,P1000,2,7242.1
2026-03-09,P1000,3,10863.15
2026-03-10,P1000,2,7242.1
2026-03-11,P1000,6,21726.3
2026-03-12,P1000,3,10863.15
2026-03-13,P1000,6,21726.3
2026-03-14,P1000,4,14484.2
2026-03-15,P1000,4,14484.2
2026-03-16,P1000,3,10863.15
2026-03-17,P1000,3,10863.15
2026-03-18,P1000,2,7242.1
2026-03-19,P1000,8,28968.4
2026-03-21,P1000,3,10863.15
2026-03-22,P1000,7,25347.35
2026-03-23,P1000,7,25347.35
2026-03-24,P1000,3,10863.15
2026-03-25,P1000,2,7242.1
2026-03-26,P1000,2,7242.1
2026-03-27,P1000,2,7242.1
2026-03-28,P1000,5,18105.25
2026-03-29,P1000,2,7242.1
2026-03-30,P1000,3,10863.15
2026-03-31,P1000,1,3621.05
2026-04-01,P1000,1,3621.05
2026-04-02,P1000,3,10863.15
2026-04-03,P1000,3,10863.15
2026-04-04,P1000,1,3621.05
2026-04-05,P1000,5,18105.25
2026-04-06,P1000,1,3621.05
2026-04-07,P1000,3,10863.15
2026-04-08,P1000,7,25347.35
2026-04-09,P1000,5,18105.25
2026-04-10,P1000,5,18105.25
2026-04-11,P1000,10,36210.5
2026-04-12,P1000,9,32589.45
2026-04-13,P1000,8,28968.4
2026-04-14,P1000,5,18105.25
2026-04-15,P1000,9,32589.45
2026-04-16,P1000,2,7242.1
2026-04-17,P1000,5,18105.25
2026-04-18,P1000,9,32589.45
2026-04-19,P1000,2,7242.1
2026-04-20,P1000,5,18105.25
2026-04-23,P1000,2,7242.1
2026-04-24,P1000,4,14484.2
2026-04-25,P1000,1,3621.05
2026-04-26,P1000,2,7242.1
2026-04-27,P1000,4,14484.2
2026-04-28,P1000,2,7242.1
2026-04-29,P1000,2,7242.1
2026-04-30,P1000,1,3621.05
2026-05-01,P1000,2,7242.1
2026-05-02,P1000,3,10863.15
2026-05-03,P1000,2,7242.1
2026-05-04,P1000,3,10863.15
2026-05-06,P1000,1,3621.05
2026-05-07,P1000,3,10863.15
2026-05-08,P1000,5,18105.25
2026-05-09,P1000,4,14484.2
2026-05-10,P1000,4,14484.2
2026-05-11,P1000,2,7242.1
2026-05-12,P1000,9,32589.45
2026-05-13,P1000,3,10863.15
2026-05-14,P1000,4,14484.2
2026-05-15,P1000,5,18105.25
2026-05-16,P1000,7,25347.35
2026-05-17,P1000,7,25347.35
2026-05-18,P1000,5,18105.25
2026-05-19,P1000,2,7242.1
2026-05-20,P1000,3,10863.15
2026-05-21,P1000,3,10863.15
2026-05-22,P1000,4,14484.2
2026-05-23,P1000,6,21726.3
2026-05-24,P1000,1,3621.05
2026-05-25,P1000,6,21726.3
2026-05-26,P1000,5,18105.25
2026-05-27,P1000,4,14484.2
2026-05-29,P1000,1,3621.05
2026-05-30,P1000,4,14484.2
2026-05-31,P1000,1,3621.05
2026-06-01,P1000,4,14484.2
2026-06-02,P1000,2,7242.1
2026-06-03,P1000,2,7242.1
2026-06-04,P1000,3,10863.15
2026-06-05,P1000,1,3621.05
2026-06-06,P1000,4,14484.2
2026-06-07,P1000,4,14484.2
2026-06-08,P1000,2,7242.1
2026-06-10,P1000,2,7242.1
2026-06-11,P1000,5,18105.25
2026-06-12,P1000,1,3621.05
2026-06-13,P1000,7,25347.35
2026-06-14,P1000,5,18105.25
2026-06-15,P1000,3,10863.15
2026-06-16,P1000,3,10863.15
2026-06-17,P1000,1,3621.05
2026-06-18,P1000,4,14484.2
2026-06-19,P1000,1,3621.05
2026-06-20,P1000,5,18105.25
2026-06-21,P1000,3,10863.15
2026-06-22,P1000,2,7242.1
2026-06-23,P1000,3,10863.15
2026-06-24,P1000,4,14484.2
2026-06-26,P1000,3,10863.15
2026-06-27,P1000,4,14484.2
2026-06-28,P1000,3,10863.15
2026-06-29,P1000,4,14484.2
2026-06-30,P1000,4,14484.2
2026-07-01,P1000,3,10863.15
2026-07-02,P1000,7,25347.35
2026-07-03,P1000,1,3621.05
2026-07-04,P1000,3,10863.15
2026-07-05,P1000,5,18105.25
2026-07-06,P1000,1,3621.05
2026-07-07,P1000,10,36210.5
2026-07-08,P1000,3,10863.15
2026-07-09,P1000,1,3621.05
2026-07-10,P1000,2,7242.1
2026-07-11,P1000,6,21726.3
2026-07-12,P1000,7,25347.35
2026-07-13,P1000,2,7242.1
2026-07-14,P1000,7,25347.35
2026-07-15,P1000,4,14484.2
2026-07-16,P1000,7,25347.35
2026-07-17,P1000,3,10863.15
2026-07-18,P1000,5,18105.25
2026-07-19,P1000,11,39831.55
2026-07-20,P1000,5,18105.25
2026-07-21,P1000,5,18105.25
2026-07-23,P1000,5,18105.25
2026-07-24,P1000,6,21726.3
2026-07-25,P1000,1,3621.05
2026-07-26,P1000,2,7242.1
2026-07-27,P1000,6,21726.3
2026-07-29,P1000,4,14484.2
2026-07-30,P1000,3,10863.15
2026-07-31,P1000,2,7242.1
2026-08-01,P1000,4,14484.2
2026-08-02,P1000,3,10863.15
2026-08-03,P1000,5,18105.25
2026-08-04,P1000,5,18105.25
2026-08-05,P1000,4,14484.2
2026-08-06,P1000,2,7242.1
2026-08-07,P1000,4,14484.2
2026-08-08,P1000,5,18105.25
2026-08-09,P1000,4,14484.2
2026-08-10,P1000,1,3621.05
2026-08-11,P1000,2,7242.1
2026-08-12,P1000,4,14484.2
2026-08-13,P1000,4,14484.2
2026-08-14,P1000,6,21726.3
2026-08-15,P1000,6,21726.3
2026-08-16,P1000,6,21726.3
2026-08-17,P1000,5,18105.25
2026-08-18,P1000,1,3621.05
2026-08-19,P1000,6,21726.3
2026-08-20,P1000,6,21726.3
2026-08-21,P1000,6,21726.3
2026-08-22,P1000,3,10863.15
2026-08-23,P1000,5,18105.25
2026-08-24,P1000,4,14484.2
2026-08-25,P1000,3,10863.15
2026-08-26,P1000,2,7242.1
2026-08-27,P1000,2,7242.1
2026-08-28,P1000,5,18105.25
2026-08-29,P1000,1,3621.05
2026-08-30,P1000,1,3621.05
2026-08-31,P1000,4,14484.2
2026-09-01,P1000,5,18105.25
2026-09-03,P1000,2,7242.1
2026-03-08,P1001,17,29609.92
2026-03-09,P1001,11,19159.36
2026-03-10,P1001,16,27868.16
2026-03-11,P1001,8,13934.08
2026-03-12,P1001,11,19159.36
2026-03-13,P1001,12,20901.12
2026-03-14,P1001,21,36576.96
2026-03-15,P1001,19,33093.44
2026-03-16,P1001,15,26126.4
2026-03-17,P1001,11,19159.36
2026-03-18,P1001,10,17417.6
2026-03-19,P1001,7,12192.32
2026-03-20,P1001,9,15675.84
2026-03-21,P1001,15,26126.4
2026-03-22,P1001,10,17417.6
2026-03-23,P1001,10,17417.6
2026-03-24,P1001,9,15675.84
2026-03-25,P1001,7,12192.32
2026-03-26,P1001,9,15675.84
2026-03-27,P1001,9,15675.84
2026-03-28,P1001,10,17417.6
2026-03-29,P1001,12,20901.12
2026-03-30,P1001,7,12192.32
2026-03-31,P1001,8,13934.08
2026-04-01,P1001,7,12192.32
2026-04-02,P1001,4,6967.04
2026-04-03,P1001,12,20901.12
2026-04-04,P1001,7,12192.32
2026-04-05,P1001,7,12192.32
2026-04-06,P1001,13,22642.88
2026-04-07,P1001,13,22642.88
2026-04-08,P1001,13,22642.88
2026-04-09,P1001,8,13934.08
2026-04-10,P1001,17,29609.92
2026-04-11,P1001,14,24384.64
2026-04-12,P1001,19,33093.44
2026-04-13,P1001,18,31351.68
2026-04-14,P1001,10,17417.6
2026-04-15,P1001,11,19159.36
2026-04-16,P1001,16,27868.16
2026-04-17,P1001,11,19159.36
2026-04-18,P1001,15,26126.4
2026-04-19,P1001,10,17417.6
2026-04-20,P1001,10,17417.6
2026-04-21,P1001,11,19159.36
2026-04-22,P1001,6,10450.56
2026-04-23,P1001,6,10450.56
2026-04-24,P1001,4,6967.04
2026-04-25,P1001,12,20901.12
2026-04-26,P1001,11,19159.36
2026-04-27,P1001,7,12192.32
2026-04-28,P1001,2,3483.52
2026-04-29,P1001,6,10450.56
2026-04-30,P1001,6,10450.56
2026-05-01,P1001,11,19159.36
2026-05-02,P1001,12,20901.12
2026-05-03,P1001,14,24384.64
2026-05-04,P1001,6,10450.56
2026-05-05,P1001,2,3483.52
2026-05-06,P1001,8,13934.08
2026-05-07,P1001,7,12192.32
2026-05-08,P1001,7,12192.32
2026-05-09,P1001,15,26126.4
2026-05-10,P1001,19,33093.44
2026-05-11,P1001,13,22642.88
2026-05-12,P1001,8,13934.08
2026-05-13,P1001,18,31351.68
2026-05-14,P1001,10,17417.6
2026-05-15,P1001,19,33093.44
2026-05-16,P1001,20,34835.2
2026-05-17,P1001,12,20901.12
2026-05-18,P1001,15,26126.4
2026-05-19,P1001,15,26126.4
2026-05-20,P1001,2,3483.52
2026-05-21,P1001,14,24384.64
2026-05-22,P1001,13,22642.88
2026-05-23,P1001,13,22642.88
2026-05-24,P1001,12,20901.12
2026-05-25,P1001,4,6967.04
2026-05-26,P1001,7,12192.32
2026-05-27,P1001,7,12192.32
2026-05-28,P1001,8,13934.08
2026-05-29,P1001,7,12192.32
2026-05-30,P1001,10,17417.6
2026-05-31,P1001,9,15675.84
2026-06-01,P1001,12,20901.12
2026-06-02,P1001,2,3483.52
2026-06-03,P1001,11,19159.36
2026-06-04,P1001,8,13934.08
2026-06-05,P1001,7,12192.32
2026-06-06,P1001,10,17417.6
2026-06-07,P1001,5,8708.8
2026-06-09,P1001,10,17417.6
2026-06-10,P1001,20,34835.2
2026-06-11,P1001,9,15675.84
2026-06-12,P1001,9,15675.84
2026-06-13,P1001,16,27868.16
2026-06-14,P1001,9,15675.84
2026-06-15,P1001,16,27868.16
2026-06-16,P1001,12,20901.12
2026-06-17,P1001,12,20901.12
2026-06-18,P1001,11,19159.36
2026-06-19,P1001,11,19159.36
2026-06-20,P1001,15,26126.4
2026-06-21,P1001,15,26126.4
2026-06-22,P1001,7,12192.32
2026-06-23,P1001,7,12192.32
2026-06-24,P1001,11,19159.36
2026-06-25,P1001,13,22642.88
2026-06-26,P1001,7,12192.32
2026-06-27,P1001,10,17417.6
2026-06-28,P1001,13,22642.88
2026-06-29,P1001,5,8708.8
2026-06-30,P1001,11,19159.36
2026-07-01,P1001,9,15675.84
2026-07-02,P1001,10,17417.6
2026-07-03,P1001,7,12192.32
2026-07-04,P1001,16,27868.16
2026-07-05,P1001,16,27868.16
2026-07-06,P1001,18,31351.68
2026-07-07,P1001,5,8708.8
2026-07-08,P1001,10,17417.6
2026-07-09,P1001,12,20901.12
2026-07-10,P1001,10,17417.6
2026-07-11,P1001,16,27868.16
2026-07-12,P1001,11,19159.36
2026-07-13,P1001,12,20901.12
2026-07-14,P1001,17,29609.92
2026-07-15,P1001,13,22642.88
2026-07-16,P1001,11,19159.36
2026-07-17,P1001,10,17417.6
2026-07-18,P1001,15,26126.4
2026-07-19,P1001,14,24384.64
2026-07-20,P1001,9,15675.84
2026-07-21,P1001,11,19159.36
2026-07-22,P1001,5,8708.8
2026-07-23,P1001,7,12192.32
2026-07-24,P1001,1,1741.76
2026-07-25,P1001,13,22642.88
2026-07-26,P1001,9,15675.84
2026-07-27,P1001,7,12192.32
2026-07-28,P1001,8,13934.08
2026-07-29,P1001,5,8708.8
2026-07-30,P1001,6,10450.56
2026-07-31,P1001,8,13934.08
2026-08-01,P1001,5,8708.8
2026-08-02,P1001,10,17417.6
2026-08-03,P1001,8,13934.08
2026-08-04,P1001,14,24384.64
2026-08-05,P1001,9,15675.84
2026-08-06,P1001,11,19159.36
2026-08-07,P1001,5,8708.8
2026-08-08,P1001,15,26126.4
2026-08-09,P1001,13,22642.88
2026-08-10,P1001,21,36576.96
2026-08-11,P1001,2,3483.52
2026-08-12,P1001,11,19159.36
2026-08-13,P1001,17,29609.92
2026-08-14,P1001,18,31351.68
2026-08-15,P1001,14,24384.64
2026-08-16,P1001,8,13934.08
2026-08-17,P1001,11,19159.36
2026-08-18,P1001,9,15675.84
2026-08-19,P1001,6,10450.56
2026-08-20,P1001,8,13934.08
2026-08-21,P1001,13,22642.88
2026-08-22,P1001,16,27868.16
2026-08-23,P1001,11,19159.36
2026-08-24,P1001,10,17417.6
2026-08-25,P1001,14,24384.64
2026-08-26,P1001,6,10450.56
2026-08-27,P1001,8,13934.08
2026-08-28,P1001,7,12192.32
2026-08-29,P1001,7,12192.32
2026-08-30,P1001,9,15675.84
2026-08-31,P1001,4,6967.04
2026-09-01,P1001,11,19159.36
2026-09-02,P1001,9,15675.84
2026-09-03,P1001,10,17417.6
2026-03-08,P1002,4,31396.44
2026-03-09,P1002,15,117736.65
2026-03-10,P1002,8,62792.88
2026-03-11,P1002,10,78491.1
2026-03-12,P1002,17,133434.87
2026-03-13,P1002,12,94189.32
2026-03-14,P1002,15,117736.65
2026-03-15,P1002,15,117736.65
2026-03-16,P1002,15,117736.65
2026-03-17,P1002,21,164831.31
2026-03-18,P1002,11,86340.21
2026-03-19,P1002,5,39245.55
2026-03-20,P1002,20,156982.2
2026-03-21,P1002,9,70641.99
2026-03-22,P1002,12,94189.32
2026-03-23,P1002,8,62792.88
2026-03-24,P1002,10,78491.1
2026-03-25,P1002,10,78491.1
2026-03-26,P1002,11,86340.21
2026-03-27,P1002,4,31396.44
2026-03-28,P1002,5,39245.55
2026-03-29,P1002,10,78491.1
2026-03-30,P1002,9,70641.99
2026-03-31,P1002,6,47094.66
2026-04-01,P1002,5,39245.55
2026-04-02,P1002,7,54943.77
2026-04-03,P1002,10,78491.1
2026-04-04,P1002,12,94189.32
2026-04-05,P1002,13,102038.43
2026-04-06,P1002,9,70641.99
2026-04-07,P1002,7,54943.77
2026-04-08,P1002,11,86340.21
2026-04-09,P1002,13,102038.43
2026-04-10,P1002,14,109887.54
2026-04-11,P1002,15,117736.65
2026-04-12,P1002,19,149133.09
2026-04-13,P1002,13,102038.43
2026-04-14,P1002,17,133434.87
2026-04-15,P1002,21,164831.31
2026-04-16,P1002,12,94189.32
2026-04-17,P1002,17,133434.87
2026-04-18,P1002,12,94189.32
2026-04-19,P1002,17,133434.87
2026-04-20,P1002,12,94189.32
2026-04-21,P1002,16,125585.76
2026-04-22,P1002,9,70641.99
2026-04-23,P1002,12,94189.32
2026-04-24,P1002,9,70641.99
2026-04-25,P1002,7,54943.77
2026-04-26,P1002,14,109887.54
2026-04-27,P1002,11,86340.21
2026-04-28,P1002,4,31396.44
2026-04-29,P1002,14,109887.54
2026-04-30,P1002,6,47094.66
2026-05-01,P1002,12,94189.32
2026-05-02,P1002,11,86340.21
2026-05-03,P1002,22,172680.42
2026-05-04,P1002,3,23547.33
2026-05-05,P1002,11,86340.21
2026-05-06,P1002,8,62792.88
2026-05-07,P1002,7,54943.77
2026-05-08,P1002,12,94189.32
2026-05-09,P1002,15,117736.65
2026-05-10,P1002,5,39245.55
2026-05-11,P1002,14,109887.54
2026-05-12,P1002,7,54943.77
2026-05-13,P1002,13,102038.43
2026-05-14,P1002,13,102038.43
2026-05-15,P1002,14,109887.54
2026-05-16,P1002,20,156982.2
2026-05-17,P1002,14,109887.54
2026-05-18,P1002,13,102038.43
2026-05-19,P1002,14,109887.54
2026-05-20,P1002,9,70641.99
2026-05-21,P1002,16,125585.76
2026-05-22,P1002,15,117736.65
2026-05-23,P1002,16,125585.76
2026-05-24,P1002,16,125585.76
2026-05-25,P1002,9,70641.99
2026-05-26,P1002,8,62792.88
2026-05-27,P1002,11,86340.21
2026-05-28,P1002,5,39245.55
2026-05-29,P1002,8,62792.88
2026-05-30,P1002,8,62792.88
2026-05-31,P1002,11,86340.21
2026-06-01,P1002,8,62792.88
2026-06-02,P1002,11,86340.21
2026-06-03,P1002,8,62792.88
2026-06-04,P1002,4,31396.44
2026-06-05,P1002,9,70641.99
2026-06-06,P1002,13,102038.43
2026-06-07,P1002,15,117736.65
2026-06-08,P1002,9,70641.99
2026-06-09,P1002,9,70641.99
2026-06-10,P1002,10,78491.1
2026-06-11,P1002,13,102038.43
2026-06-12,P1002,13,102038.43
2026-06-13,P1002,19,149133.09
2026-06-14,P1002,9,70641.99
2026-06-15,P1002,13,102038.43
2026-06-16,P1002,11,86340.21
2026-06-17,P1002,12,94189.32
2026-06-18,P1002,8,62792.88
2026-06-19,P1002,8,62792.88
2026-06-20,P1002,14,109887.54
2026-06-21,P1002,12,94189.32
2026-06-22,P1002,8,62792.88
2026-06-23,P1002,11,86340.21
2026-06-24,P1002,12,94189.32
2026-06-25,P1002,12,94189.32
2026-06-26,P1002,6,47094.66
2026-06-27,P1002,11,86340.21
2026-06-28,P1002,4,31396.44
2026-06-29,P1002,4,31396.44
2026-06-30,P1002,9,70641.99
2026-07-01,P1002,8,62792.88
2026-07-02,P1002,7,54943.77
2026-07-03,P1002,9,70641.99
2026-07-04,P1002,16,125585.76
2026-07-05,P1002,17,133434.87
2026-07-06,P1002,4,31396.44
2026-07-07,P1002,5,39245.55
2026-07-08,P1002,5,39245.55
2026-07-09,P1002,10,78491.1
2026-07-10,P1002,10,78491.1
2026-07-11,P1002,15,117736.65
2026-07-12,P1002,17,133434.87
2026-07-13,P1002,17,133434.87
2026-07-14,P1002,14,109887.54
2026-07-15,P1002,13,102038.43
2026-07-16,P1002,14,109887.54
2026-07-17,P1002,16,125585.76
2026-07-18,P1002,15,117736.65
2026-07-19,P1002,16,125585.76
2026-07-20,P1002,7,54943.77
2026-07-21,P1002,9,70641.99
2026-07-22,P1002,11,86340.21
2026-07-23,P1002,8,62792.88
2026-07-24,P1002,10,78491.1
2026-07-25,P1002,13,102038.43
2026-07-26,P1002,13,102038.43
2026-07-27,P1002,3,23547.33
2026-07-28,P1002,12,94189.32
2026-07-29,P1002,9,70641.99
2026-07-30,P1002,6,47094.66
2026-07-31,P1002,14,109887.54
2026-08-01,P1002,17,133434.87
2026-08-02,P1002,14,109887.54
2026-08-03,P1002,11,86340.21
2026-08-04,P1002,11,
2026-08-05,P1002,10,78491.1
2026-08-06,P1002,12,94189.32
2026-08-07,P1002,13,102038.43
2026-08-08,P1002,15,117736.65
2026-08-09,P1002,18,141283.98
2026-08-10,P1002,9,70641.99
2026-08-11,P1002,16,125585.76
2026-08-12,P1002,13,102038.43
2026-08-13,P1002,11,86340.21
2026-08-14,P1002,19,149133.09
2026-08-15,P1002,16,125585.76
2026-08-16,P1002,16,125585.76
2026-08-17,P1002,17,133434.87
2026-08-18,P1002,16,125585.76
2026-08-19,P1002,14,109887.54
2026-08-20,P1002,11,86340.21
2026-08-21,P1002,4,31396.44
2026-08-22,P1002,20,156982.2
2026-08-23,P1002,10,78491.1
2026-08-24,P1002,8,62792.88
2026-08-25,P1002,8,62792.88
2026-08-26,P1002,5,39245.55
2026-08-27,P1002,7,54943.77
2026-08-28,P1002,13,102038.43
2026-08-29,P1002,7,54943.77
2026-08-30,P1002,11,86340.21
2026-08-31,P1002,10,78491.1
2026-09-01,P1002,9,70641.99
2026-09-02,P1002,6,47094.66
2026-09-03,P1002,11,86340.21
2026-03-08,P1003,7,61188.54
2026-03-09,P1003,1,8741.22
2026-03-10,P1003,9,78670.98
2026-03-11,P1003,12,104894.64
2026-03-12,P1003,8,69929.76
2026-03-13,P1003,5,43706.1
2026-03-14,P1003,13,113635.86
2026-03-15,P1003,8,69929.76
2026-03-16,P1003,10,87412.2
2026-03-17,P1003,9,78670.98
2026-03-18,P1003,11,96153.42
2026-03-19,P1003,8,69929.76
2026-03-20,P1003,10,87412.2
2026-03-21,P1003,4,34964.88
2026-03-22,P1003,10,87412.2
2026-03-23,P1003,7,61188.54
2026-03-24,P1003,8,69929.76
2026-03-25,P1003,3,26223.66
2026-03-26,P1003,5,43706.1
2026-03-27,P1003,3,26223.66
2026-03-28,P1003,8,69929.76
2026-03-29,P1003,8,69929.76
2026-03-30,P1003,3,26223.66
2026-03-31,P1003,4,34964.88
2026-04-01,P1003,5,43706.1
2026-04-02,P1003,4,34964.88
2026-04-03,P1003,5,43706.1
2026-04-04,P1003,6,52447.32
2026-04-05,P1003,5,43706.1
2026-04-06,P1003,11,96153.42
2026-04-07,P1003,10,87412.2
2026-04-08,P1003,7,61188.54
2026-04-09,P1003,8,69929.76
2026-04-10,P1003,7,61188.54
2026-04-11,P1003,12,104894.64
2026-04-12,P1003,10,87412.2
2026-04-13,P1003,7,61188.54
2026-04-14,P1003,6,52447.32
2026-04-15,P1003,6,52447.32
2026-04-16,P1003,9,78670.98
2026-04-17,P1003,10,87412.2
2026-04-18,P1003,15,131118.3
2026-04-19,P1003,7,61188.54
2026-04-20,P1003,7,61188.54
2026-04-21,P1003,4,34964.88
2026-04-22,P1003,7,61188.54
2026-04-23,P1003,7,61188.54
2026-04-24,P1003,9,78670.98
2026-04-25,P1003,10,87412.2
2026-04-26,P1003,7,61188.54
2026-04-27,P1003,7,61188.54
2026-04-28,P1003,3,26223.66
2026-04-29,P1003,2,17482.44
2026-04-30,P1003,4,34964.88
2026-05-01,P1003,1,8741.22
2026-05-02,P1003,5,43706.1
2026-05-03,P1003,4,34964.88
2026-05-04,P1003,8,69929.76
2026-05-05,P1003,3,26223.66
2026-05-06,P1003,4,34964.88
2026-05-07,P1003,8,69929.76
2026-05-08,P1003,1,8741.22
2026-05-09,P1003,12,104894.64
2026-05-10,P1003,19,166083.18
2026-05-11,P1003,6,52447.32
2026-05-12,P1003,13,113635.86
2026-05-13,P1003,10,87412.2
2026-05-14,P1003,8,69929.76
2026-05-15,P1003,7,61188.54
2026-05-16,P1003,8,69929.76
2026-05-17,P1003,14,122377.08
2026-05-18,P1003,8,69929.76
2026-05-19,P1003,10,87412.2
2026-05-20,P1003,7,61188.54
2026-05-21,P1003,8,69929.76
2026-05-22,P1003,7,61188.54
2026-05-23,P1003,6,52447.32
2026-05-24,P1003,8,69929.76
2026-05-25,P1003,4,34964.88
2026-05-26,P1003,6,52447.32
2026-05-27,P1003,6,52447.32
2026-05-28,P1003,5,43706.1
2026-05-29,P1003,4,34964.88
2026-05-30,P1003,4,34964.88
2026-05-31,P1003,7,61188.54
2026-06-01,P1003,8,69929.76
2026-06-02,P1003,4,34964.88
2026-06-03,P1003,2,17482.44
2026-06-04,P1003,1,8741.22
2026-06-05,P1003,5,43706.1
2026-06-06,P1003,7,61188.54
2026-06-07,P1003,6,52447.32
2026-06-08,P1003,7,61188.54
2026-06-09,P1003,5,43706.1
2026-06-10,P1003,4,34964.88
2026-06-11,P1003,9,78670.98
2026-06-12,P1003,12,104894.64
2026-06-13,P1003,10,87412.2
2026-06-14,P1003,16,139859.52
2026-06-15,P1003,9,78670.98
2026-06-16,P1003,13,113635.86
2026-06-17,P1003,7,61188.54
2026-06-18,P1003,9,78670.98
2026-06-19,P1003,5,43706.1
2026-06-20,P1003,7,61188.54
2026-06-21,P1003,11,96153.42
2026-06-22,P1003,5,43706.1
2026-06-23,P1003,3,26223.66
2026-06-24,P1003,4,34964.88
2026-06-25,P1003,8,69929.76
2026-06-26,P1003,4,34964.88
2026-06-27,P1003,8,69929.76
2026-06-28,P1003,10,87412.2
2026-06-29,P1003,4,34964.88
2026-06-30,P1003,7,61188.54
2026-07-01,P1003,3,26223.66
2026-07-02,P1003,8,69929.76
2026-07-03,P1003,6,52447.32
2026-07-04,P1003,11,96153.42
2026-07-05,P1003,8,69929.76
2026-07-06,P1003,10,87412.2
2026-07-07,P1003,6,52447.32
2026-07-08,P1003,10,87412.2
2026-07-09,P1003,10,87412.2
2026-07-10,P1003,10,87412.2
2026-07-11,P1003,11,96153.42
2026-07-12,P1003,10,87412.2
2026-07-13,P1003,2,17482.44
2026-07-14,P1003,8,69929.76
2026-07-15,P1003,7,61188.54
2026-07-16,P1003,9,78670.98
2026-07-17,P1003,11,96153.42
2026-07-18,P1003,9,78670.98
2026-07-19,P1003,14,122377.08
2026-07-20,P1003,3,26223.66
2026-07-21,P1003,8,69929.76
2026-07-22,P1003,4,34964.88
2026-07-23,P1003,5,43706.1
2026-07-24,P1003,5,43706.1
2026-07-25,P1003,9,78670.98
2026-07-26,P1003,5,43706.1
2026-07-27,P1003,3,26223.66
2026-07-28,P1003,4,34964.88
2026-07-29,P1003,3,26223.66
2026-07-30,P1003,4,34964.88
2026-07-31,P1003,3,26223.66
2026-08-01,P1003,5,43706.1
2026-08-02,P1003,8,69929.76
2026-08-03,P1003,3,26223.66
2026-08-04,P1003,4,34964.88
2026-08-05,P1003,3,26223.66
2026-08-06,P1003,9,78670.98
2026-08-07,P1003,9,78670.98
2026-08-08,P1003,7,61188.54
2026-08-09,P1003,17,148600.74
2026-08-10,P1003,17,148600.74
2026-08-11,P1003,10,87412.2
2026-08-12,P1003,11,96153.42
2026-08-13,P1003,12,104894.64
2026-08-14,P1003,8,69929.76
2026-08-15,P1003,16,139859.52
2026-08-16,P1003,8,69929.76
2026-08-17,P1003,6,52447.32
2026-08-18,P1003,9,78670.98
2026-08-19,P1003,12,104894.64
2026-08-20,P1003,8,69929.76
2026-08-21,P1003,8,69929.76
2026-08-22,P1003,4,34964.88
2026-08-23,P1003,6,52447.32
2026-08-24,P1003,4,34964.88
2026-08-25,P1003,1,8741.22
2026-08-26,P1003,1,8741.22
2026-08-27,P1003,4,34964.88
2026-08-28,P1003,9,78670.98
2026-08-29,P1003,5,43706.1
2026-08-30,P1003,6,52447.32
2026-08-31,P1003,7,61188.54
2026-09-01,P1003,7,61188.54
2026-09-02,P1003,7,61188.54
2026-09-03,P1003,4,34964.88
2026-03-08,P1004,14,27681.92
2026-03-09,P1004,5,9886.4
2026-03-10,P1004,17,33613.76
2026-03-11,P1004,20,39545.6
2026-03-12,P1004,11,21750.08
2026-03-13,P1004,19,37568.32
2026-03-14,P1004,20,39545.6
2026-03-15,P1004,13,25704.64
2026-03-16,P1004,12,23727.36
2026-03-17,P1004,9,17795.52
2026-03-18,P1004,15,29659.2
2026-03-19,P1004,17,33613.76
2026-03-20,P1004,4,7909.12
2026-03-21,P1004,13,25704.64
2026-03-22,P1004,7,13840.96
2026-03-23,P1004,10,19772.8
2026-03-24,P1004,9,17795.52
2026-03-25,P1004,9,17795.52
2026-03-26,P1004,11,21750.08
2026-03-27,P1004,10,19772.8
2026-03-28,P1004,8,15818.24
2026-03-29,P1004,10,19772.8
2026-03-30,P1004,11,21750.08
2026-03-31,P1004,2,3954.56
2026-04-01,P1004,7,13840.96
2026-04-02,P1004,14,27681.92
2026-04-03,P1004,6,11863.68
2026-04-04,P1004,11,21750.08
2026-04-05,P1004,10,19772.8
2026-04-06,P1004,11,21750.08
2026-04-07,P1004,17,33613.76
2026-04-08,P1004,9,17795.52
2026-04-09,P1004,15,29659.2
2026-04-10,P1004,13,25704.64
2026-04-11,P1004,16,31636.48
2026-04-12,P1004,18,35591.04
2026-04-13,P1004,11,21750.08
2026-04-14,P1004,11,21750.08
2026-04-15,P1004,17,33613.76
2026-04-16,P1004,12,23727.36
2026-04-17,P1004,8,15818.24
2026-04-18,P1004,16,31636.48
2026-04-19,P1004,21,41522.88
2026-04-20,P1004,13,25704.64
2026-04-21,P1004,8,15818.24
2026-04-22,P1004,15,29659.2
2026-04-23,P1004,6,11863.68
2026-04-24,P1004,9,17795.52
2026-04-25,P1004,9,17795.52
2026-04-26,P1004,9,17795.52
2026-04-27,P1004,11,21750.08
2026-04-28,P1004,8,15818.24
2026-04-29,P1004,6,11863.68
2026-04-30,P1004,8,15818.24
2026-05-01,P1004,7,13840.96
2026-05-02,P1004,12,23727.36
2026-05-03,P1004,8,15818.24
2026-05-04,P1004,13,25704.64
2026-05-05,P1004,9,17795.52
2026-05-06,P1004,6,11863.68
2026-05-07,P1004,8,15818.24
2026-05-08,P1004,13,25704.64
2026-05-09,P1004,19,37568.32
2026-05-10,P1004,17,33613.76
2026-05-11,P1004,13,25704.64
2026-05-12,P1004,6,11863.68
2026-05-13,P1004,11,21750.08
2026-05-14,P1004,16,31636.48
2026-05-15,P1004,8,15818.24
2026-05-16,P1004,17,33613.76
2026-05-17,P1004,20,39545.6
2026-05-18,P1004,11,21750.08
2026-05-19,P1004,13,25704.64
2026-05-20,P1004,15,29659.2
2026-05-21,P1004,13,25704.64
2026-05-22,P1004,12,23727.36
2026-05-23,P1004,7,13840.96
2026-05-24,P1004,10,19772.8
2026-05-25,P1004,8,15818.24
2026-05-26,P1004,9,17795.52
2026-05-27,P1004,11,21750.08
2026-05-28,P1004,9,17795.52
2026-05-29,P1004,5,9886.4
2026-05-30,P1004,12,23727.36
2026-05-31,P1004,8,15818.24
2026-06-01,P1004,8,15818.24
2026-06-02,P1004,13,25704.64
2026-06-03,P1004,8,15818.24
2026-06-04,P1004,7,13840.96
2026-06-05,P1004,6,11863.68
2026-06-06,P1004,11,21750.08
2026-06-07,P1004,18,35591.04
2026-06-08,P1004,11,21750.08
2026-06-09,P1004,12,23727.36
2026-06-10,P1004,19,37568.32
2026-06-11,P1004,15,29659.2
2026-06-12,P1004,9,17795.52
2026-06-13,P1004,20,39545.6
2026-06-14,P1004,11,21750.08
2026-06-15,P1004,15,29659.2
2026-06-16,P1004,14,27681.92
2026-06-17,P1004,18,35591.04
2026-06-18,P1004,9,17795.52
2026-06-19,P1004,17,33613.76
2026-06-20,P1004,14,27681.92
2026-06-21,P1004,21,41522.88
2026-06-22,P1004,8,15818.24
2026-06-23,P1004,10,19772.8
2026-06-24,P1004,6,11863.68
2026-06-25,P1004,8,15818.24
2026-06-26,P1004,11,21750.08
2026-06-27,P1004,9,17795.52
2026-06-28,P1004,11,21750.08
2026-06-29,P1004,5,9886.4
2026-06-30,P1004,8,15818.24
2026-07-01,P1004,11,21750.08
2026-07-02,P1004,11,21750.08
2026-07-03,P1004,9,17795.52
2026-07-04,P1004,9,17795.52
2026-07-05,P1004,12,23727.36
2026-07-06,P1004,11,21750.08
2026-07-07,P1004,10,19772.8
2026-07-08,P1004,16,31636.48
2026-07-09,P1004,13,25704.64
2026-07-10,P1004,12,23727.36
2026-07-11,P1004,26,51409.28
2026-07-12,P1004,18,35591.04
2026-07-13,P1004,7,13840.96
2026-07-14,P1004,12,23727.36
2026-07-15,P1004,12,23727.36
2026-07-16,P1004,15,29659.2
2026-07-17,P1004,11,21750.08
2026-07-18,P1004,11,21750.08
2026-07-19,P1004,18,35591.04
2026-07-20,P1004,6,11863.68
2026-07-21,P1004,12,23727.36
2026-07-22,P1004,7,13840.96
2026-07-23,P1004,18,35591.04
2026-07-24,P1004,5,9886.4
2026-07-25,P1004,10,19772.8
2026-07-26,P1004,10,19772.8
2026-07-27,P1004,9,17795.52
2026-07-28,P1004,6,11863.68
2026-07-29,P1004,6,11863.68
2026-07-30,P1004,11,21750.08
2026-07-31,P1004,9,17795.52
2026-08-01,P1004,10,19772.8
2026-08-02,P1004,16,31636.48
2026-08-03,P1004,11,21750.08
2026-08-04,P1004,14,27681.92
2026-08-05,P1004,13,25704.64
2026-08-06,P1004,13,25704.64
2026-08-07,P1004,11,21750.08
2026-08-08,P1004,10,19772.8
2026-08-09,P1004,16,31636.48
2026-08-10,P1004,13,25704.64
2026-08-11,P1004,13,25704.64
2026-08-12,P1004,10,19772.8
2026-08-13,P1004,13,25704.64
2026-08-14,P1004,21,41522.88
2026-08-15,P1004,12,23727.36
2026-08-16,P1004,15,
2026-08-17,P1004,10,19772.8
2026-08-18,P1004,14,27681.92
2026-08-19,P1004,14,27681.92
2026-08-20,P1004,8,15818.24
2026-08-21,P1004,9,17795.52
2026-08-22,P1004,7,13840.96
2026-08-23,P1004,11,21750.08
2026-08-24,P1004,9,17795.52
2026-08-25,P1004,5,9886.4
2026-08-26,P1004,3,5931.84
2026-08-27,P1004,11,21750.08
2026-08-28,P1004,5,9886.4
2026-08-29,P1004,6,11863.68
2026-08-30,P1004,7,13840.96
2026-08-31,P1004,5,9886.4
2026-09-01,P1004,9,17795.52
2026-09-02,P1004,20,39545.6
2026-09-03,P1004,9,17795.52
2026-03-08,P1005,7,20331.99
2026-03-09,P1005,4,11618.28
2026-03-10,P1005,2,5809.14
2026-03-11,P1005,5,14522.85
2026-03-12,P1005,6,17427.42
2026-03-13,P1005,9,26141.13
2026-03-14,P1005,9,26141.13
2026-03-15,P1005,10,29045.7
2026-03-16,P1005,5,14522.85
2026-03-17,P1005,8,23236.56
2026-03-18,P1005,10,29045.7
2026-03-19,P1005,7,20331.99
2026-03-20,P1005,8,23236.56
2026-03-21,P1005,5,14522.85
2026-03-22,P1005,5,14522.85
2026-03-23,P1005,4,11618.28
2026-03-24,P1005,5,14522.85
2026-03-25,P1005,2,5809.14
2026-03-26,P1005,1,2904.57
2026-03-27,P1005,3,8713.71
2026-03-28,P1005,4,11618.28
2026-03-29,P1005,5,14522.85
2026-03-30,P1005,5,14522.85
2026-03-31,P1005,4,11618.28
2026-04-01,P1005,4,11618.28
2026-04-02,P1005,4,11618.28
2026-04-03,P1005,5,14522.85
2026-04-04,P1005,5,14522.85
2026-04-05,P1005,3,8713.71
2026-04-06,P1005,8,23236.56
2026-04-07,P1005,3,8713.71
2026-04-08,P1005,7,20331.99
2026-04-09,P1005,3,8713.71
2026-04-10,P1005,5,14522.85
2026-04-11,P1005,12,34854.84
2026-04-12,P1005,3,8713.71
2026-04-13,P1005,6,17427.42
2026-04-14,P1005,3,8713.71
2026-04-15,P1005,1,2904.57
2026-04-16,P1005,8,23236.56
2026-04-17,P1005,7,20331.99
2026-04-18,P1005,3,8713.71
2026-04-19,P1005,10,29045.7
2026-04-20,P1005,5,14522.85
2026-04-21,P1005,5,14522.85
2026-04-22,P1005,4,11618.28
2026-04-23,P1005,2,5809.14
2026-04-24,P1005,6,17427.42
2026-04-25,P1005,3,8713.71
2026-04-26,P1005,5,14522.85
2026-04-27,P1005,5,14522.85
2026-04-28,P1005,1,2904.57
2026-04-29,P1005,4,11618.28
2026-04-30,P1005,3,8713.71
2026-05-01,P1005,4,11618.28
2026-05-02,P1005,5,14522.85
2026-05-03,P1005,5,14522.85
2026-05-04,P1005,8,23236.56
2026-05-05,P1005,2,5809.14
2026-05-06,P1005,2,5809.14
2026-05-07,P1005,6,17427.42
2026-05-08,P1005,2,5809.14
2026-05-09,P1005,9,26141.13
2026-05-10,P1005,8,23236.56
2026-05-11,P1005,9,26141.13
2026-05-12,P1005,6,17427.42
2026-05-13,P1005,3,8713.71
2026-05-14,P1005,3,8713.71
2026-05-15,P1005,9,26141.13
2026-05-16,P1005,9,26141.13
2026-05-17,P1005,2,5809.14
2026-05-18,P1005,6,17427.42
2026-05-19,P1005,4,11618.28
2026-05-20,P1005,5,14522.85
2026-05-21,P1005,9,26141.13
2026-05-22,P1005,1,2904.57
2026-05-23,P1005,6,17427.42
2026-05-24,P1005,9,26141.13
2026-05-25,P1005,4,11618.28
2026-05-26,P1005,4,11618.28
2026-05-27,P1005,2,5809.14
2026-05-28,P1005,1,2904.57
2026-05-29,P1005,4,11618.28
2026-05-30,P1005,2,5809.14
2026-05-31,P1005,3,8713.71
2026-06-01,P1005,2,5809.14
2026-06-02,P1005,4,11618.28
2026-06-03,P1005,2,5809.14
2026-06-04,P1005,4,11618.28
2026-06-05,P1005,6,17427.42
2026-06-06,P1005,3,8713.71
2026-06-07,P1005,7,20331.99
2026-06-08,P1005,3,8713.71
2026-06-09,P1005,4,11618.28
2026-06-10,P1005,5,14522.85
2026-06-11,P1005,6,17427.42
2026-06-12,P1005,5,14522.85
2026-06-13,P1005,3,8713.71
2026-06-14,P1005,12,34854.84
2026-06-15,P1005,3,8713.71
2026-06-16,P1005,6,17427.42
2026-06-17,P1005,6,17427.42
2026-06-18,P1005,5,14522.85
2026-06-19,P1005,3,8713.71
2026-06-20,P1005,4,11618.28
2026-06-21,P1005,5,14522.85
2026-06-22,P1005,3,8713.71
2026-06-23,P1005,3,8713.71
2026-06-24,P1005,6,17427.42
2026-06-25,P1005,3,8713.71
2026-06-26,P1005,2,5809.14
2026-06-27,P1005,4,11618.28
2026-06-28,P1005,7,20331.99
2026-06-29,P1005,2,5809.14
2026-06-30,P1005,2,5809.14
2026-07-01,P1005,6,17427.42
2026-07-02,P1005,2,5809.14
2026-07-03,P1005,2,5809.14
2026-07-04,P1005,6,17427.42
2026-07-06,P1005,4,11618.28
2026-07-07,P1005,7,20331.99
2026-07-08,P1005,6,17427.42
2026-07-09,P1005,5,14522.85
2026-07-10,P1005,8,
2026-07-11,P1005,10,29045.7
2026-07-12,P1005,8,23236.56
2026-07-13,P1005,5,14522.85
2026-07-14,P1005,8,23236.56
2026-07-15,P1005,8,23236.56
2026-07-16,P1005,6,17427.42
2026-07-17,P1005,5,14522.85
2026-07-18,P1005,11,31950.27
2026-07-19,P1005,2,5809.14
2026-07-20,P1005,8,23236.56
2026-07-21,P1005,3,8713.71
2026-07-22,P1005,6,17427.42
2026-07-23,P1005,1,2904.57
2026-07-24,P1005,1,2904.57
2026-07-25,P1005,3,8713.71
2026-07-26,P1005,3,8713.71
2026-07-27,P1005,1,2904.57
2026-07-28,P1005,2,5809.14
2026-07-29,P1005,4,11618.28
2026-07-30,P1005,1,2904.57
2026-07-31,P1005,2,5809.14
2026-08-01,P1005,4,11618.28
2026-08-02,P1005,4,11618.28
2026-08-03,P1005,6,17427.42
2026-08-04,P1005,4,11618.28
2026-08-05,P1005,2,5809.14
2026-08-06,P1005,6,17427.42
2026-08-07,P1005,4,11618.28
2026-08-08,P1005,13,37759.41
2026-08-09,P1005,5,14522.85
2026-08-10,P1005,6,17427.42
2026-08-11,P1005,6,17427.42
2026-08-12,P1005,4,11618.28
2026-08-13,P1005,5,14522.85
2026-08-14,P1005,7,20331.99
2026-08-15,P1005,5,14522.85
2026-08-16,P1005,6,17427.42
2026-08-17,P1005,2,5809.14
2026-08-18,P1005,2,5809.14
2026-08-19,P1005,5,14522.85
2026-08-20,P1005,7,20331.99
2026-08-21,P1005,5,14522.85
2026-08-22,P1005,5,14522.85
2026-08-23,P1005,2,5809.14
2026-08-24,P1005,2,5809.14
2026-08-25,P1005,5,14522.85
2026-08-26,P1005,2,5809.14
2026-08-27,P1005,2,5809.14
2026-08-28,P1005,2,5809.14
2026-08-29,P1005,8,23236.56
2026-08-30,P1005,3,8713.71
2026-08-31,P1005,5,14522.85
2026-09-01,P1005,2,5809.14
2026-09-02,P1005,2,5809.14
2026-09-03,P1005,4,11618.28
2026-03-08,P1006,3,10652.13
2026-03-09,P1006,6,21304.26
2026-03-10,P1006,6,21304.26
2026-03-11,P1006,3,10652.13
2026-03-12,P1006,4,14202.84
2026-03-13,P1006,4,14202.84
2026-03-14,P1006,6,21304.26
2026-03-15,P1006,4,14202.84
2026-03-16,P1006,5,17753.55
2026-03-17,P1006,4,14202.84
2026-03-18,P1006,7,24854.97
2026-03-19,P1006,8,28405.68
2026-03-20,P1006,4,14202.84
2026-03-22,P1006,4,14202.84
2026-03-23,P1006,3,10652.13
2026-03-24,P1006,1,3550.71
2026-03-25,P1006,5,17753.55
2026-03-26,P1006,4,14202.84
2026-03-27,P1006,6,21304.26
2026-03-28,P1006,4,14202.84
2026-03-29,P1006,3,10652.13
2026-03-30,P1006,3,10652.13
2026-03-31,P1006,5,17753.55
2026-04-01,P1006,4,14202.84
2026-04-02,P1006,2,7101.42
2026-04-03,P1006,2,7101.42
2026-04-04,P1006,1,3550.71
2026-04-05,P1006,3,10652.13
2026-04-06,P1006,2,7101.42
2026-04-07,P1006,3,10652.13
2026-04-08,P1006,4,14202.84
2026-04-09,P1006,4,14202.84
2026-04-10,P1006,6,21304.26
2026-04-11,P1006,5,17753.55
2026-04-12,P1006,5,17753.55
2026-04-13,P1006,4,14202.84
2026-04-14,P1006,3,10652.13
2026-04-15,P1006,4,14202.84
2026-04-17,P1006,3,10652.13
2026-04-18,P1006,2,7101.42
2026-04-19,P1006,2,7101.42
2026-04-20,P1006,5,17753.55
2026-04-21,P1006,5,17753.55
2026-04-22,P1006,2,7101.42
2026-04-23,P1006,6,21304.26
2026-04-24,P1006,3,10652.13
2026-04-25,P1006,4,14202.84
2026-04-26,P1006,1,3550.71
2026-04-28,P1006,3,10652.13
2026-04-30,P1006,3,10652.13
2026-05-01,P1006,1,3550.71
2026-05-02,P1006,2,7101.42
2026-05-03,P1006,3,10652.13
2026-05-04,P1006,5,17753.55
2026-05-05,P1006,4,14202.84
2026-05-06,P1006,4,14202.84
2026-05-09,P1006,3,10652.13
2026-05-10,P1006,6,21304.26
2026-05-11,P1006,5,17753.55
2026-05-12,P1006,5,17753.55
2026-05-13,P1006,4,14202.84
2026-05-14,P1006,2,7101.42
2026-05-15,P1006,5,17753.55
2026-05-16,P1006,7,24854.97
2026-05-17,P1006,8,28405.68
2026-05-18,P1006,3,10652.13
2026-05-19,P1006,4,14202.84
2026-05-20,P1006,3,10652.13
2026-05-21,P1006,5,17753.55
2026-05-22,P1006,6,21304.26
2026-05-23,P1006,4,14202.84
2026-05-24,P1006,6,21304.26
2026-05-25,P1006,1,3550.71
2026-05-26,P1006,4,14202.84
2026-05-27,P1006,2,7101.42
2026-05-28,P1006,2,7101.42
2026-05-29,P1006,4,14202.84
2026-05-30,P1006,1,3550.71
2026-05-31,P1006,5,17753.55
2026-06-01,P1006,2,7101.42
2026-06-02,P1006,2,7101.42
2026-06-03,P1006,6,21304.26
2026-06-04,P1006,3,10652.13
2026-06-05,P1006,1,3550.71
2026-06-06,P1006,1,3550.71
2026-06-07,P1006,6,21304.26
2026-06-08,P1006,5,17753.55
2026-06-10,P1006,5,17753.55
2026-06-11,P1006,4,14202.84
2026-06-12,P1006,2,7101.42
2026-06-13,P1006,7,24854.97
2026-06-14,P1006,2,7101.42
2026-06-15,P1006,5,17753.55
2026-06-16,P1006,4,14202.84
2026-06-17,P1006,3,10652.13
2026-06-18,P1006,2,7101.42
2026-06-20,P1006,7,24854.97
2026-06-21,P1006,3,10652.13
2026-06-22,P1006,3,10652.13
2026-06-23,P1006,5,17753.55
2026-06-24,P1006,3,10652.13
2026-06-25,P1006,3,10652.13
2026-06-26,P1006,5,17753.55
2026-06-29,P1006,3,10652.13
2026-06-30,P1006,1,3550.71
2026-07-01,P1006,3,10652.13
2026-07-02,P1006,6,21304.26
2026-07-03,P1006,2,7101.42
2026-07-04,P1006,4,14202.84
2026-07-05,P1006,3,10652.13
2026-07-06,P1006,2,7101.42
2026-07-07,P1006,1,3550.71
2026-07-08,P1006,6,21304.26
2026-07-09,P1006,3,10652.13
2026-07-10,P1006,11,39057.81
2026-07-11,P1006,6,21304.26
2026-07-12,P1006,5,17753.55
2026-07-13,P1006,1,3550.71
2026-07-14,P1006,3,10652.13
2026-07-15,P1006,4,14202.84
2026-07-16,P1006,4,14202.84
2026-07-17,P1006,5,17753.55
2026-07-18,P1006,5,17753.55
2026-07-19,P1006,9,31956.39
2026-07-21,P1006,4,14202.84
2026-07-22,P1006,1,3550.71
2026-07-23,P1006,3,10652.13
2026-07-24,P1006,1,3550.71
2026-07-25,P1006,3,10652.13
2026-07-27,P1006,2,7101.42
2026-07-28,P1006,2,7101.42
2026-07-29,P1006,3,10652.13
2026-07-30,P1006,2,7101.42
2026-07-31,P1006,7,24854.97
2026-08-01,P1006,2,7101.42
2026-08-02,P1006,3,10652.13
2026-08-03,P1006,3,10652.13
2026-08-04,P1006,4,14202.84
2026-08-05,P1006,2,7101.42
2026-08-06,P1006,3,10652.13
2026-08-07,P1006,3,10652.13
2026-08-08,P1006,6,21304.26
2026-08-09,P1006,7,24854.97
2026-08-10,P1006,3,10652.13
2026-08-11,P1006,6,21304.26
2026-08-12,P1006,8,28405.68
2026-08-13,P1006,6,21304.26
2026-08-14,P1006,10,35507.1
2026-08-15,P1006,4,14202.84
2026-08-16,P1006,5,17753.55
2026-08-17,P1006,7,24854.97
2026-08-18,P1006,5,17753.55
2026-08-19,P1006,5,17753.55
2026-08-20,P1006,4,14202.84
2026-08-21,P1006,3,10652.13
2026-08-22,P1006,1,3550.71
2026-08-23,P1006,4,14202.84
2026-08-24,P1006,4,14202.84
2026-08-25,P1006,2,7101.42
2026-08-26,P1006,1,3550.71
2026-08-27,P1006,1,3550.71
2026-08-28,P1006,2,7101.42
2026-08-29,P1006,2,7101.42
2026-08-30,P1006,3,10652.13
2026-08-31,P1006,2,7101.42
2026-09-02,P1006,3,10652.13
2026-09-03,P1006,2,7101.42
2026-03-08,P1007,4,19289.68
2026-03-09,P1007,7,33756.94
2026-03-10,P1007,5,24112.1
2026-03-11,P1007,11,53046.62
2026-03-12,P1007,3,14467.26
2026-03-13,P1007,5,24112.1
2026-03-14,P1007,7,33756.94
2026-03-15,P1007,6,28934.52
2026-03-16,P1007,5,24112.1
2026-03-17,P1007,4,19289.68
2026-03-18,P1007,7,33756.94
2026-03-19,P1007,8,38579.36
2026-03-20,P1007,4,19289.68
2026-03-21,P1007,8,38579.36
2026-03-22,P1007,8,38579.36
2026-03-23,P1007,5,24112.1
2026-03-24,P1007,6,28934.52
2026-03-25,P1007,2,9644.84
2026-03-26,P1007,5,24112.1
2026-03-27,P1007,2,9644.84
2026-03-28,P1007,5,24112.1
2026-03-29,P1007,4,19289.68
2026-03-30,P1007,2,9644.84
2026-03-31,P1007,2,9644.84
2026-04-01,P1007,5,24112.1
2026-04-02,P1007,2,9644.84
2026-04-03,P1007,13,62691.46
2026-04-04,P1007,5,24112.1
2026-04-05,P1007,4,19289.68
2026-04-06,P1007,5,24112.1
2026-04-07,P1007,8,38579.36
2026-04-08,P1007,2,9644.84
2026-04-09,P1007,8,38579.36
2026-04-10,P1007,4,19289.68
2026-04-11,P1007,8,38579.36
2026-04-12,P1007,8,38579.36
2026-04-13,P1007,5,24112.1
2026-04-14,P1007,7,33756.94
2026-04-15,P1007,2,9644.84
2026-04-16,P1007,8,38579.36
2026-04-17,P1007,8,38579.36
2026-04-18,P1007,7,33756.94
2026-04-19,P1007,7,33756.94
2026-04-20,P1007,5,24112.1
2026-04-21,P1007,8,38579.36
2026-04-22,P1007,4,19289.68
2026-04-23,P1007,5,24112.1
2026-04-24,P1007,5,24112.1
2026-04-25,P1007,4,19289.68
2026-04-26,P1007,13,62691.46
2026-04-27,P1007,9,43401.78
2026-04-28,P1007,5,24112.1
2026-04-29,P1007,6,28934.52
2026-04-30,P1007,3,14467.26
2026-05-01,P1007,10,48224.2
2026-05-02,P1007,2,9644.84
2026-05-03,P1007,4,19289.68
2026-05-04,P1007,4,19289.68
2026-05-05,P1007,7,33756.94
2026-05-06,P1007,7,33756.94
2026-05-07,P1007,6,28934.52
2026-05-08,P1007,4,19289.68
2026-05-09,P1007,10,48224.2
2026-05-10,P1007,9,43401.78
2026-05-11,P1007,2,9644.84
2026-05-12,P1007,4,19289.68
2026-05-13,P1007,5,24112.1
2026-05-14,P1007,6,28934.52
2026-05-15,P1007,2,9644.84
2026-05-16,P1007,9,43401.78
2026-05-17,P1007,12,57869.04
2026-05-18,P1007,4,19289.68
2026-05-19,P1007,6,28934.52
2026-05-20,P1007,7,33756.94
2026-05-21,P1007,8,38579.36
2026-05-22,P1007,8,38579.36
2026-05-23,P1007,6,28934.52
2026-05-24,P1007,9,43401.78
2026-05-25,P1007,4,19289.68
2026-05-26,P1007,2,9644.84
2026-05-27,P1007,6,28934.52
2026-05-28,P1007,4,19289.68
2026-05-30,P1007,4,19289.68
2026-05-31,P1007,4,19289.68
2026-06-01,P1007,2,9644.84
2026-06-02,P1007,7,33756.94
2026-06-03,P1007,5,24112.1
2026-06-04,P1007,2,9644.84
2026-06-05,P1007,4,19289.68
2026-06-06,P1007,6,28934.52
2026-06-07,P1007,7,33756.94
2026-06-08,P1007,14,67513.88
2026-06-09,P1007,3,14467.26
2026-06-10,P1007,2,9644.84
2026-06-11,P1007,9,43401.78
2026-06-12,P1007,4,19289.68
2026-06-13,P1007,8,38579.36
2026-06-14,P1007,8,38579.36
2026-06-15,P1007,7,33756.94
2026-06-16,P1007,4,19289.68
2026-06-17,P1007,7,33756.94
2026-06-18,P1007,7,33756.94
2026-06-19,P1007,4,19289.68
2026-06-20,P1007,4,19289.68
2026-06-21,P1007,5,24112.1
2026-06-22,P1007,5,24112.1
2026-06-23,P1007,2,9644.84
2026-06-24,P1007,2,9644.84
2026-06-25,P1007,7,33756.94
2026-06-26,P1007,7,33756.94
2026-06-27,P1007,4,19289.68
2026-06-28,P1007,3,14467.26
2026-06-29,P1007,1,4822.42
2026-06-30,P1007,4,19289.68
2026-07-01,P1007,3,14467.26
2026-07-02,P1007,7,33756.94
2026-07-03,P1007,2,9644.84
2026-07-04,P1007,6,28934.52
2026-07-05,P1007,5,24112.1
2026-07-06,P1007,7,33756.94
2026-07-07,P1007,8,38579.36
2026-07-08,P1007,1,4822.42
2026-07-09,P1007,5,24112.1
2026-07-10,P1007,6,28934.52
2026-07-11,P1007,7,33756.94
2026-07-12,P1007,3,14467.26
2026-07-13,P1007,6,28934.52
2026-07-14,P1007,5,24112.1
2026-07-15,P1007,10,48224.2
2026-07-16,P1007,8,38579.36
2026-07-17,P1007,5,24112.1
2026-07-18,P1007,4,19289.68
2026-07-19,P1007,12,57869.04
2026-07-20,P1007,8,38579.36
2026-07-21,P1007,8,38579.36
2026-07-22,P1007,3,14467.26
2026-07-23,P1007,7,33756.94
2026-07-24,P1007,6,28934.52
2026-07-25,P1007,4,19289.68
2026-07-26,P1007,4,19289.68
2026-07-27,P1007,3,14467.26
2026-07-28,P1007,3,14467.26
2026-07-29,P1007,4,19289.68
2026-07-30,P1007,6,28934.52
2026-07-31,P1007,5,24112.1
2026-08-01,P1007,2,9644.84
2026-08-02,P1007,2,9644.84
2026-08-03,P1007,1,4822.42
2026-08-04,P1007,3,14467.26
2026-08-05,P1007,5,24112.1
2026-08-06,P1007,5,24112.1
2026-08-07,P1007,5,24112.1
2026-08-08,P1007,7,33756.94
2026-08-09,P1007,8,38579.36
2026-08-10,P1007,10,48224.2
2026-08-11,P1007,5,24112.1
2026-08-12,P1007,5,24112.1
2026-08-13,P1007,8,38579.36
2026-08-14,P1007,1,4822.42
2026-08-15,P1007,6,28934.52
2026-08-16,P1007,7,33756.94
2026-08-17,P1007,2,9644.84
2026-08-18,P1007,8,38579.36
2026-08-19,P1007,3,14467.26
2026-08-20,P1007,9,43401.78
2026-08-21,P1007,6,28934.52
2026-08-22,P1007,5,24112.1
2026-08-23,P1007,9,43401.78
2026-08-24,P1007,4,19289.68
2026-08-25,P1007,2,9644.84
2026-08-26,P1007,2,9644.84
2026-08-27,P1007,6,28934.52
2026-08-28,P1007,1,4822.42
2026-08-29,P1007,4,19289.68
2026-08-30,P1007,8,38579.36
2026-08-31,P1007,3,14467.26
2026-09-01,P1007,6,28934.52
2026-09-02,P1007,4,19289.68
2026-09-03,P1007,5,24112.1
2026-03-08,P1008,7,0.0
2026-03-09,P1008,8,0.0
2026-03-10,P1008,4,0.0
2026-03-11,P1008,8,0.0
2026-03-12,P1008,8,0.0
2026-03-13,P1008,11,0.0
2026-03-14,P1008,25,0.0
2026-03-15,P1008,17,0.0
2026-03-16,P1008,9,0.0
2026-03-17,P1008,10,0.0
2026-03-18,P1008,5,0.0
2026-03-19,P1008,7,0.0
2026-03-20,P1008,8,0.0
2026-03-21,P1008,10,0.0
2026-03-22,P1008,6,0.0
2026-03-23,P1008,6,0.0
2026-03-24,P1008,7,0.0
2026-03-25,P1008,6,0.0
2026-03-26,P1008,8,0.0
2026-03-27,P1008,8,0.0
2026-03-28,P1008,14,0.0
2026-03-29,P1008,6,0.0
2026-03-30,P1008,4,0.0
2026-03-31,P1008,7,0.0
2026-04-01,P1008,3,0.0
2026-04-02,P1008,6,0.0
2026-04-03,P1008,5,0.0
2026-04-04,P1008,16,0.0
2026-04-05,P1008,6,0.0
2026-04-06,P1008,8,0.0
2026-04-07,P1008,6,0.0
2026-04-08,P1008,3,0.0
2026-04-09,P1008,5,0.0
2026-04-10,P1008,9,0.0
2026-04-11,P1008,12,0.0
2026-04-12,P1008,13,0.0
2026-04-13,P1008,9,0.0
2026-04-14,P1008,7,0.0
2026-04-15,P1008,11,0.0
2026-04-16,P1008,8,0.0
2026-04-17,P1008,10,0.0
2026-04-18,P1008,9,0.0
2026-04-19,P1008,10,0.0
2026-04-20,P1008,10,0.0
2026-04-21,P1008,10,0.0
2026-04-22,P1008,6,0.0
2026-04-23,P1008,10,0.0
2026-04-24,P1008,8,0.0
2026-04-25,P1008,14,0.0
2026-04-26,P1008,2,0.0
2026-04-27,P1008,5,0.0
2026-04-28,P1008,6,0.0
2026-04-29,P1008,4,0.0
2026-04-30,P1008,8,0.0
2026-05-01,P1008,5,0.0
2026-05-02,P1008,6,0.0
2026-05-03,P1008,2,0.0
2026-05-04,P1008,8,0.0
2026-05-05,P1008,8,0.0
2026-05-06,P1008,6,0.0
2026-05-07,P1008,7,0.0
2026-05-08,P1008,11,0.0
2026-05-09,P1008,5,0.0
2026-05-10,P1008,12,0.0
2026-05-11,P1008,1,0.0
2026-05-12,P1008,9,0.0
2026-05-13,P1008,8,0.0
2026-05-14,P1008,10,0.0
2026-05-15,P1008,7,0.0
2026-05-16,P1008,7,0.0
2026-05-17,P1008,11,0.0
2026-05-18,P1008,7,0.0
2026-05-19,P1008,9,0.0
2026-05-20,P1008,6,0.0
2026-05-21,P1008,7,0.0
2026-05-22,P1008,5,0.0
2026-05-23,P1008,5,0.0
2026-05-24,P1008,10,0.0
2026-05-25,P1008,5,0.0
2026-05-26,P1008,3,0.0
2026-05-27,P1008,7,0.0
2026-05-28,P1008,3,0.0
2026-05-29,P1008,2,0.0
2026-05-30,P1008,6,0.0
2026-05-31,P1008,9,0.0
2026-06-01,P1008,3,0.0
2026-06-02,P1008,10,0.0
2026-06-03,P1008,3,0.0
2026-06-04,P1008,12,0.0
2026-06-05,P1008,9,0.0
2026-06-06,P1008,12,0.0
2026-06-07,P1008,1,0.0
2026-06-08,P1008,13,0.0
2026-06-09,P1008,5,0.0
2026-06-10,P1008,8,0.0
2026-06-11,P1008,6,0.0
2026-06-12,P1008,11,0.0
2026-06-13,P1008,10,0.0
2026-06-14,P1008,8,0.0
2026-06-15,P1008,8,0.0
2026-06-16,P1008,11,0.0
2026-06-17,P1008,10,0.0
2026-06-18,P1008,9,0.0
2026-06-19,P1008,8,0.0
2026-06-20,P1008,7,0.0
2026-06-21,P1008,14,0.0
2026-06-22,P1008,7,0.0
2026-06-23,P1008,9,0.0
2026-06-24,P1008,2,0.0
2026-06-25,P1008,5,0.0
2026-06-26,P1008,6,0.0
2026-06-27,P1008,7,0.0
2026-06-28,P1008,7,0.0
2026-06-29,P1008,9,0.0
2026-06-30,P1008,6,0.0
2026-07-01,P1008,5,0.0
2026-07-02,P1008,4,0.0
2026-07-03,P1008,4,0.0
2026-07-04,P1008,9,0.0
2026-07-05,P1008,5,0.0
2026-07-06,P1008,2,0.0
2026-07-07,P1008,12,0.0
2026-07-08,P1008,5,0.0
2026-07-09,P1008,9,0.0
2026-07-10,P1008,9,0.0
2026-07-11,P1008,13,0.0
2026-07-12,P1008,13,0.0
2026-07-13,P1008,15,0.0
2026-07-14,P1008,7,0.0
2026-07-15,P1008,9,0.0
2026-07-16,P1008,9,0.0
2026-07-17,P1008,10,0.0
2026-07-18,P1008,11,0.0
2026-07-19,P1008,16,0.0
2026-07-20,P1008,5,0.0
2026-07-21,P1008,6,0.0
2026-07-22,P1008,4,0.0
2026-07-23,P1008,9,0.0
2026-07-24,P1008,8,0.0
2026-07-25,P1008,9,0.0
2026-07-26,P1008,7,0.0
2026-07-27,P1008,2,0.0
2026-07-28,P1008,4,0.0
2026-07-29,P1008,6,0.0
2026-07-30,P1008,8,0.0
2026-07-31,P1008,10,0.0
2026-08-01,P1008,6,0.0
2026-08-02,P1008,5,0.0
2026-08-03,P1008,9,0.0
2026-08-04,P1008,7,0.0
2026-08-05,P1008,9,0.0
2026-08-06,P1008,4,0.0
2026-08-07,P1008,4,0.0
2026-08-08,P1008,14,0.0
2026-08-09,P1008,15,0.0
2026-08-10,P1008,9,0.0
2026-08-11,P1008,5,0.0
2026-08-12,P1008,13,0.0
2026-08-13,P1008,5,0.0
2026-08-14,P1008,7,0.0
2026-08-15,P1008,12,0.0
2026-08-16,P1008,11,0.0
2026-08-17,P1008,7,0.0
2026-08-18,P1008,9,0.0
2026-08-19,P1008,4,0.0
2026-08-20,P1008,6,0.0
2026-08-21,P1008,8,0.0
2026-08-22,P1008,3,0.0
2026-08-23,P1008,6,0.0
2026-08-24,P1008,7,0.0
2026-08-25,P1008,2,0.0
2026-08-26,P1008,5,0.0
2026-08-27,P1008,11,0.0
2026-08-28,P1008,3,0.0
2026-08-29,P1008,5,0.0
2026-08-30,P1008,10,0.0
2026-08-31,P1008,4,0.0
2026-09-01,P1008,6,0.0
2026-09-02,P1008,5,0.0
2026-09-03,P1008,8,0.0
2026-03-08,P1009,18,156679.92
2026-03-09,P1009,11,95748.84
2026-03-10,P1009,17,147975.48
2026-03-11,P1009,14,121862.16
2026-03-12,P1009,10,87044.4
2026-03-13,P1009,12,104453.28
2026-03-14,P1009,20,174088.8
2026-03-15,P1009,14,121862.16
2026-03-16,P1009,13,113157.72
2026-03-17,P1009,18,156679.92
2026-03-18,P1009,17,147975.48
2026-03-19,P1009,14,121862.16
2026-03-20,P1009,21,182793.24
2026-03-21,P1009,20,174088.8
2026-03-22,P1009,10,87044.4
2026-03-23,P1009,10,87044.4
2026-03-24,P1009,12,104453.28
2026-03-25,P1009,5,43522.2
2026-03-26,P1009,10,87044.4
2026-03-27,P1009,12,104453.28
2026-03-28,P1009,9,78339.96
2026-03-29,P1009,9,78339.96
2026-03-30,P1009,4,34817.76
2026-03-31,P1009,13,113157.72
2026-04-01,P1009,4,34817.76
2026-04-02,P1009,8,69635.52
2026-04-03,P1009,13,113157.72
2026-04-04,P1009,14,121862.16
2026-04-05,P1009,10,87044.4
2026-04-06,P1009,13,113157.72
2026-04-07,P1009,15,130566.6
2026-04-08,P1009,12,104453.28
2026-04-09,P1009,19,165384.36
2026-04-10,P1009,14,121862.16
2026-04-11,P1009,17,147975.48
2026-04-12,P1009,19,165384.36
2026-04-13,P1009,6,52226.64
2026-04-14,P1009,17,147975.48
2026-04-15,P1009,16,139271.04
2026-04-16,P1009,10,87044.4
2026-04-17,P1009,17,147975.48
2026-04-18,P1009,21,182793.24
2026-04-19,P1009,17,147975.48
2026-04-20,P1009,15,130566.6
2026-04-21,P1009,12,104453.28
2026-04-22,P1009,8,69635.52
2026-04-23,P1009,10,87044.4
2026-04-24,P1009,13,113157.72
2026-04-25,P1009,6,52226.64
2026-04-26,P1009,12,104453.28
2026-04-27,P1009,2,17408.88
2026-04-28,P1009,5,43522.2
2026-04-29,P1009,4,34817.76
2026-04-30,P1009,8,69635.52
2026-05-01,P1009,5,43522.2
2026-05-02,P1009,11,95748.84
2026-05-03,P1009,9,78339.96
2026-05-04,P1009,5,43522.2
2026-05-05,P1009,12,104453.28
2026-05-06,P1009,13,113157.72
2026-05-07,P1009,8,69635.52
2026-05-08,P1009,7,60931.08
2026-05-09,P1009,11,95748.84
2026-05-10,P1009,22,191497.68
2026-05-11,P1009,19,165384.36
2026-05-12,P1009,14,121862.16
2026-05-13,P1009,18,156679.92
2026-05-14,P1009,17,147975.48
2026-05-15,P1009,23,200202.12
2026-05-16,P1009,17,147975.48
2026-05-17,P1009,22,191497.68
2026-05-18,P1009,11,95748.84
2026-05-19,P1009,11,95748.84
2026-05-20,P1009,7,60931.08
2026-05-21,P1009,11,95748.84
2026-05-22,P1009,9,78339.96
2026-05-23,P1009,12,104453.28
2026-05-24,P1009,19,165384.36
2026-05-25,P1009,11,95748.84
2026-05-26,P1009,4,34817.76
2026-05-27,P1009,11,95748.84
2026-05-28,P1009,7,60931.08
2026-05-29,P1009,5,43522.2
2026-05-30,P1009,9,78339.96
2026-05-31,P1009,10,87044.4
2026-06-01,P1009,11,95748.84
2026-06-02,P1009,11,95748.84
2026-06-03,P1009,8,69635.52
2026-06-04,P1009,9,78339.96
2026-06-05,P1009,6,52226.64
2026-06-06,P1009,18,156679.92
2026-06-07,P1009,10,87044.4
2026-06-08,P1009,16,139271.04
2026-06-09,P1009,12,104453.28
2026-06-10,P1009,9,78339.96
2026-06-11,P1009,10,87044.4
2026-06-12,P1009,12,104453.28
2026-06-13,P1009,20,174088.8
2026-06-14,P1009,22,191497.68
2026-06-15,P1009,17,147975.48
2026-06-16,P1009,11,95748.84
2026-06-17,P1009,10,87044.4
2026-06-18,P1009,16,139271.04
2026-06-19,P1009,9,78339.96
2026-06-20,P1009,19,165384.36
2026-06-21,P1009,15,130566.6
2026-06-22,P1009,14,121862.16
2026-06-23,P1009,14,121862.16
2026-06-24,P1009,4,34817.76
2026-06-25,P1009,5,43522.2
2026-06-26,P1009,4,34817.76
2026-06-27,P1009,14,121862.16
2026-06-28,P1009,10,87044.4
2026-06-29,P1009,3,26113.32
2026-06-30,P1009,12,104453.28
2026-07-01,P1009,13,113157.72
2026-07-02,P1009,5,43522.2
2026-07-03,P1009,10,87044.4
2026-07-04,P1009,15,130566.6
2026-07-05,P1009,12,104453.28
2026-07-06,P1009,10,87044.4
2026-07-07,P1009,6,52226.64
2026-07-08,P1009,11,95748.84
2026-07-09,P1009,10,87044.4
2026-07-10,P1009,18,156679.92
2026-07-11,P1009,16,139271.04
2026-07-12,P1009,20,174088.8
2026-07-13,P1009,13,113157.72
2026-07-14,P1009,8,69635.52
2026-07-15,P1009,14,121862.16
2026-07-16,P1009,12,104453.28
2026-07-17,P1009,14,121862.16
2026-07-18,P1009,17,147975.48
2026-07-19,P1009,19,165384.36
2026-07-20,P1009,13,113157.72
2026-07-21,P1009,14,121862.16
2026-07-22,P1009,5,43522.2
2026-07-23,P1009,8,69635.52
2026-07-24,P1009,6,52226.64
2026-07-25,P1009,11,95748.84
2026-07-26,P1009,9,78339.96
2026-07-27,P1009,6,52226.64
2026-07-28,P1009,3,26113.32
2026-07-29,P1009,7,60931.08
2026-07-30,P1009,9,78339.96
2026-07-31,P1009,8,69635.52
2026-08-01,P1009,9,78339.96
2026-08-02,P1009,18,156679.92
2026-08-03,P1009,10,87044.4
2026-08-04,P1009,10,87044.4
2026-08-05,P1009,13,113157.72
2026-08-06,P1009,21,182793.24
2026-08-07,P1009,12,104453.28
2026-08-08,P1009,12,104453.28
2026-08-09,P1009,12,104453.28
2026-08-10,P1009,13,113157.72
2026-08-11,P1009,12,104453.28
2026-08-12,P1009,12,104453.28
2026-08-13,P1009,21,182793.24
2026-08-14,P1009,15,130566.6
2026-08-15,P1009,20,174088.8
2026-08-16,P1009,19,165384.36
2026-08-17,P1009,11,95748.84
2026-08-18,P1009,12,104453.28
2026-08-19,P1009,16,139271.04
2026-08-20,P1009,12,104453.28
2026-08-21,P1009,16,139271.04
2026-08-22,P1009,13,113157.72
2026-08-23,P1009,8,69635.52
2026-08-24,P1009,8,69635.52
2026-08-25,P1009,6,52226.64
2026-08-26,P1009,11,95748.84
2026-08-27,P1009,7,60931.08
2026-08-28,P1009,10,87044.4
2026-08-29,P1009,5,43522.2
2026-08-30,P1009,10,87044.4
2026-08-31,P1009,4,34817.76
2026-09-01,P1009,9,78339.96
2026-09-02,P1009,5,43522.2
2026-09-03,P1009,16,139271.04
2026-03-08,P1010,15,
2026-03-09,P1010,20,
2026-03-10,P1010,20,
2026-03-11,P1010,16,
2026-03-12,P1010,16,
2026-03-13,P1010,19,
2026-03-14,P1010,16,
2026-03-15,P1010,19,
2026-03-16,P1010,11,
2026-03-17,P1010,18,
2026-03-18,P1010,21,
2026-03-19,P1010,21,
2026-03-20,P1010,17,
2026-03-21,P1010,18,
2026-03-22,P1010,16,
2026-03-23,P1010,10,
2026-03-24,P1010,8,
2026-03-25,P1010,12,
2026-03-26,P1010,16,
2026-03-27,P1010,7,
2026-03-28,P1010,3,
2026-03-29,P1010,7,
2026-03-30,P1010,10,
2026-03-31,P1010,5,
2026-04-01,P1010,4,
2026-04-02,P1010,8,
2026-04-03,P1010,6,
2026-04-04,P1010,13,
2026-04-05,P1010,15,
2026-04-06,P1010,4,
2026-04-07,P1010,8,
2026-04-08,P1010,9,
2026-04-09,P1010,6,
2026-04-10,P1010,17,
2026-04-11,P1010,18,
2026-04-12,P1010,24,
2026-04-13,P1010,15,
2026-04-14,P1010,7,
2026-04-15,P1010,12,
2026-04-16,P1010,27,
2026-04-17,P1010,16,
2026-04-18,P1010,21,
2026-04-19,P1010,16,
2026-04-20,P1010,19,
2026-04-21,P1010,19,
2026-04-22,P1010,17,
2026-04-23,P1010,6,
2026-04-24,P1010,11,
2026-04-25,P1010,10,
2026-04-26,P1010,8,
2026-04-27,P1010,6,
2026-04-28,P1010,8,
2026-04-29,P1010,7,
2026-04-30,P1010,2,
2026-05-01,P1010,9,
2026-05-02,P1010,11,
2026-05-03,P1010,8,
2026-05-04,P1010,12,
2026-05-05,P1010,5,
2026-05-06,P1010,6,
2026-05-07,P1010,9,
2026-05-08,P1010,15,
2026-05-09,P1010,17,
2026-05-10,P1010,20,
2026-05-11,P1010,10,
2026-05-12,P1010,17,
2026-05-13,P1010,16,
2026-05-14,P1010,14,
2026-05-15,P1010,28,
2026-05-16,P1010,25,
2026-05-17,P1010,18,
2026-05-18,P1010,6,
2026-05-19,P1010,18,
2026-05-20,P1010,9,
2026-05-21,P1010,14,
2026-05-22,P1010,13,
2026-05-23,P1010,16,
2026-05-24,P1010,11,
2026-05-25,P1010,8,
2026-05-26,P1010,12,
2026-05-27,P1010,5,
2026-05-28,P1010,1,
2026-05-29,P1010,9,
2026-05-30,P1010,14,
2026-05-31,P1010,9,
2026-06-01,P1010,14,
2026-06-02,P1010,5,
2026-06-03,P1010,10,
2026-06-04,P1010,9,
2026-06-05,P1010,12,
2026-06-06,P1010,11,
2026-06-07,P1010,14,
2026-06-08,P1010,17,
2026-06-09,P1010,11,
2026-06-10,P1010,12,
2026-06-11,P1010,15,
2026-06-12,P1010,20,
2026-06-13,P1010,20,
2026-06-14,P1010,17,
2026-06-15,P1010,11,
2026-06-16,P1010,16,
2026-06-17,P1010,17,
2026-06-18,P1010,20,
2026-06-19,P1010,13,
2026-06-20,P1010,14,
2026-06-21,P1010,15,
2026-06-22,P1010,8,
2026-06-23,P1010,16,
2026-06-24,P1010,10,
2026-06-25,P1010,6,
2026-06-26,P1010,9,
2026-06-27,P1010,6,
2026-06-28,P1010,8,
2026-06-29,P1010,3,
2026-06-30,P1010,7,
2026-07-01,P1010,7,
2026-07-02,P1010,13,
2026-07-03,P1010,8,
2026-07-04,P1010,13,
2026-07-05,P1010,13,
2026-07-06,P1010,9,
2026-07-07,P1010,20,
2026-07-08,P1010,11,
2026-07-09,P1010,16,
2026-07-10,P1010,22,
2026-07-11,P1010,20,
2026-07-12,P1010,16,
2026-07-13,P1010,13,
2026-07-14,P1010,15,
2026-07-15,P1010,17,
2026-07-16,P1010,10,
2026-07-17,P1010,11,
2026-07-18,P1010,14,
2026-07-19,P1010,11,
2026-07-20,P1010,16,
2026-07-21,P1010,9,
2026-07-22,P1010,10,
2026-07-23,P1010,14,
2026-07-24,P1010,9,
2026-07-25,P1010,7,
2026-07-26,P1010,7,
2026-07-27,P1010,3,
2026-07-28,P1010,13,
2026-07-29,P1010,5,
2026-07-30,P1010,7,
2026-07-31,P1010,10,
2026-08-01,P1010,9,
2026-08-02,P1010,15,
2026-08-03,P1010,7,
2026-08-04,P1010,9,
2026-08-05,P1010,13,
2026-08-06,P1010,14,
2026-08-07,P1010,13,
2026-08-08,P1010,17,
2026-08-09,P1010,20,
2026-08-10,P1010,10,
2026-08-11,P1010,13,
2026-08-12,P1010,19,
2026-08-13,P1010,18,
2026-08-14,P1010,9,
2026-08-15,P1010,20,
2026-08-16,P1010,17,
2026-08-17,P1010,17,
2026-08-18,P1010,16,
2026-08-19,P1010,17,
2026-08-20,P1010,11,
2026-08-21,P1010,12,
2026-08-22,P1010,13,
2026-08-23,P1010,14,
2026-08-24,P1010,8,
2026-08-25,P1010,8,
2026-08-26,P1010,11,
2026-08-27,P1010,2,
2026-08-28,P1010,9,
2026-08-29,P1010,7,
2026-08-30,P1010,15,
2026-08-31,P1010,14,
2026-09-01,P1010,12,
2026-09-02,P1010,6,
2026-09-03,P1010,10,
2026-03-08,P1011,3,2087.22
2026-03-09,P1011,5,3478.7
2026-03-10,P1011,12,8348.88
2026-03-11,P1011,5,3478.7
2026-03-12,P1011,5,3478.7
2026-03-13,P1011,4,2782.96
2026-03-14,P1011,5,3478.7
2026-03-15,P1011,15,10436.1
2026-03-16,P1011,7,4870.18
2026-03-17,P1011,6,4174.44
2026-03-18,P1011,7,4870.18
2026-03-19,P1011,9,6261.66
2026-03-20,P1011,6,4174.44
2026-03-21,P1011,8,5565.92
2026-03-22,P1011,6,4174.44
2026-03-23,P1011,8,5565.92
2026-03-24,P1011,5,3478.7
2026-03-25,P1011,4,2782.96
2026-03-26,P1011,2,1391.48
2026-03-27,P1011,3,2087.22
2026-03-28,P1011,8,5565.92
2026-03-29,P1011,7,4870.18
2026-03-30,P1011,3,2087.22
2026-03-31,P1011,10,6957.4
2026-04-01,P1011,4,2782.96
2026-04-02,P1011,6,4174.44
2026-04-04,P1011,12,8348.88
2026-04-05,P1011,6,4174.44
2026-04-06,P1011,5,3478.7
2026-04-07,P1011,7,4870.18
2026-04-08,P1011,4,2782.96
2026-04-09,P1011,9,6261.66
2026-04-10,P1011,3,2087.22
2026-04-11,P1011,4,2782.96
2026-04-12,P1011,6,4174.44
2026-04-13,P1011,3,2087.22
2026-04-14,P1011,5,3478.7
2026-04-15,P1011,5,3478.7
2026-04-16,P1011,2,1391.48
2026-04-17,P1011,7,4870.18
2026-04-18,P1011,5,3478.7
2026-04-19,P1011,19,13219.06
2026-04-20,P1011,5,3478.7
2026-04-21,P1011,7,4870.18
2026-04-22,P1011,4,2782.96
2026-04-23,P1011,2,1391.48
2026-04-24,P1011,1,695.74
2026-04-25,P1011,12,8348.88
2026-04-26,P1011,5,3478.7
2026-04-27,P1011,4,2782.96
2026-04-28,P1011,4,2782.96
2026-04-29,P1011,8,5565.92
2026-04-30,P1011,2,1391.48
2026-05-01,P1011,5,3478.7
2026-05-02,P1011,9,6261.66
2026-05-03,P1011,2,1391.48
2026-05-04,P1011,2,1391.48
2026-05-05,P1011,5,3478.7
2026-05-06,P1011,5,3478.7
2026-05-07,P1011,7,4870.18
2026-05-08,P1011,8,5565.92
2026-05-09,P1011,9,6261.66
2026-05-10,P1011,7,4870.18
2026-05-11,P1011,7,4870.18
2026-05-12,P1011,3,2087.22
2026-05-13,P1011,9,6261.66
2026-05-14,P1011,6,4174.44
2026-05-15,P1011,7,4870.18
2026-05-16,P1011,10,6957.4
2026-05-17,P1011,16,11131.84
2026-05-18,P1011,7,4870.18
2026-05-19,P1011,9,6261.66
2026-05-20,P1011,12,8348.88
2026-05-21,P1011,7,4870.18
2026-05-22,P1011,6,4174.44
2026-05-23,P1011,6,4174.44
2026-05-24,P1011,8,5565.92
2026-05-25,P1011,4,2782.96
2026-05-26,P1011,5,3478.7
2026-05-27,P1011,2,1391.48
2026-05-28,P1011,5,3478.7
2026-05-29,P1011,9,6261.66
2026-05-30,P1011,1,695.74
2026-05-31,P1011,9,6261.66
2026-06-01,P1011,6,4174.44
2026-06-02,P1011,3,2087.22
2026-06-03,P1011,5,3478.7
2026-06-04,P1011,3,2087.22
2026-06-05,P1011,8,5565.92
2026-06-06,P1011,9,6261.66
2026-06-07,P1011,9,6261.66
2026-06-08,P1011,2,1391.48
2026-06-09,P1011,9,6261.66
2026-06-10,P1011,6,4174.44
2026-06-11,P1011,12,8348.88
2026-06-12,P1011,6,4174.44
2026-06-13,P1011,8,5565.92
2026-06-14,P1011,9,6261.66
2026-06-15,P1011,3,2087.22
2026-06-16,P1011,1,695.74
2026-06-17,P1011,4,2782.96
2026-06-18,P1011,3,2087.22
2026-06-19,P1011,10,6957.4
2026-06-20,P1011,6,4174.44
2026-06-21,P1011,8,5565.92
2026-06-22,P1011,3,2087.22
2026-06-23,P1011,8,5565.92
2026-06-24,P1011,7,4870.18
2026-06-25,P1011,3,2087.22
2026-06-26,P1011,5,3478.7
2026-06-27,P1011,11,7653.14
2026-06-28,P1011,5,3478.7
2026-06-29,P1011,2,1391.48
2026-06-30,P1011,6,4174.44
2026-07-01,P1011,5,3478.7
2026-07-02,P1011,5,3478.7
2026-07-03,P1011,6,4174.44
2026-07-04,P1011,7,4870.18
2026-07-05,P1011,7,4870.18
2026-07-06,P1011,1,695.74
2026-07-07,P1011,4,2782.96
2026-07-08,P1011,4,2782.96
2026-07-09,P1011,5,3478.7
2026-07-10,P1011,6,4174.44
2026-07-11,P1011,5,3478.7
2026-07-12,P1011,9,6261.66
2026-07-13,P1011,4,2782.96
2026-07-14,P1011,7,4870.18
2026-07-15,P1011,13,9044.62
2026-07-16,P1011,7,4870.18
2026-07-17,P1011,2,1391.48
2026-07-18,P1011,9,6261.66
2026-07-19,P1011,4,2782.96
2026-07-20,P1011,5,3478.7
2026-07-21,P1011,6,4174.44
2026-07-22,P1011,6,4174.44
2026-07-23,P1011,8,5565.92
2026-07-24,P1011,2,1391.48
2026-07-25,P1011,6,4174.44
2026-07-26,P1011,9,6261.66
2026-07-27,P1011,8,5565.92
2026-07-28,P1011,5,3478.7
2026-07-29,P1011,10,6957.4
2026-07-30,P1011,12,8348.88
2026-07-31,P1011,5,3478.7
2026-08-01,P1011,7,4870.18
2026-08-02,P1011,5,3478.7
2026-08-03,P1011,7,4870.18
2026-08-04,P1011,5,3478.7
2026-08-05,P1011,4,2782.96
2026-08-06,P1011,4,2782.96
2026-08-07,P1011,9,6261.66
2026-08-08,P1011,3,2087.22
2026-08-09,P1011,9,6261.66
2026-08-10,P1011,9,6261.66
2026-08-11,P1011,8,5565.92
2026-08-12,P1011,8,5565.92
2026-08-13,P1011,7,4870.18
2026-08-14,P1011,7,4870.18
2026-08-15,P1011,6,4174.44
2026-08-16,P1011,8,5565.92
2026-08-17,P1011,10,6957.4
2026-08-18,P1011,7,4870.18
2026-08-19,P1011,8,5565.92
2026-08-20,P1011,4,2782.96
2026-08-21,P1011,11,7653.14
2026-08-22,P1011,5,3478.7
2026-08-23,P1011,5,3478.7
2026-08-24,P1011,5,3478.7
2026-08-25,P1011,7,4870.18
2026-08-26,P1011,2,1391.48
2026-08-27,P1011,4,2782.96
2026-08-28,P1011,7,4870.18
2026-08-29,P1011,8,5565.92
2026-08-30,P1011,7,4870.18
2026-08-31,P1011,3,2087.22
2026-09-01,P1011,4,2782.96
2026-09-02,P1011,8,5565.92
2026-09-03,P1011,8,5565.92
2026-03-08,P1012,13,4183.92
2026-03-09,P1012,15,4827.6
2026-03-10,P1012,10,3218.4
2026-03-11,P1012,15,4827.6
2026-03-12,P1012,8,2574.72
2026-03-13,P1012,14,4505.76
2026-03-14,P1012,16,5149.44
2026-03-15,P1012,14,4505.76
2026-03-16,P1012,12,3862.08
2026-03-17,P1012,11,3540.24
2026-03-18,P1012,13,4183.92
2026-03-19,P1012,12,3862.08
2026-03-20,P1012,18,5793.12
2026-03-21,P1012,18,5793.12
2026-03-22,P1012,20,6436.8
2026-03-23,P1012,9,2896.56
2026-03-24,P1012,12,3862.08
2026-03-25,P1012,10,3218.4
2026-03-26,P1012,3,965.52
2026-03-27,P1012,5,1609.2
2026-03-28,P1012,6,1931.04
2026-03-29,P1012,11,3540.24
2026-03-30,P1012,7,2252.88
2026-03-31,P1012,7,2252.88
2026-04-01,P1012,4,1287.36
2026-04-02,P1012,7,2252.88
2026-04-03,P1012,6,1931.04
2026-04-04,P1012,9,2896.56
2026-04-05,P1012,16,5149.44
2026-04-06,P1012,6,1931.04
2026-04-07,P1012,8,2574.72
2026-04-08,P1012,12,3862.08
2026-04-09,P1012,13,4183.92
2026-04-10,P1012,19,6114.96
2026-04-11,P1012,13,4183.92
2026-04-12,P1012,18,5793.12
2026-04-13,P1012,8,2574.72
2026-04-14,P1012,10,3218.4
2026-04-15,P1012,13,4183.92
2026-04-16,P1012,18,5793.12
2026-04-17,P1012,15,4827.6
2026-04-18,P1012,26,8367.84
2026-04-19,P1012,18,5793.12
2026-04-20,P1012,15,4827.6
2026-04-21,P1012,8,2574.72
2026-04-22,P1012,8,2574.72
2026-04-23,P1012,14,4505.76
2026-04-24,P1012,10,3218.4
2026-04-25,P1012,11,3540.24
2026-04-26,P1012,9,2896.56
2026-04-27,P1012,5,1609.2
2026-04-28,P1012,7,2252.88
2026-04-29,P1012,6,1931.04
2026-04-30,P1012,3,965.52
2026-05-01,P1012,6,1931.04
2026-05-02,P1012,10,3218.4
2026-05-03,P1012,14,4505.76
2026-05-04,P1012,4,1287.36
2026-05-05,P1012,6,1931.04
2026-05-06,P1012,9,2896.56
2026-05-07,P1012,7,2252.88
2026-05-08,P1012,15,4827.6
2026-05-09,P1012,11,3540.24
2026-05-10,P1012,22,7080.48
2026-05-11,P1012,16,5149.44
2026-05-12,P1012,19,6114.96
2026-05-13,P1012,14,4505.76
2026-05-14,P1012,15,4827.6
2026-05-15,P1012,16,5149.44
2026-05-16,P1012,26,8367.84
2026-05-17,P1012,15,4827.6
2026-05-18,P1012,15,4827.6
2026-05-19,P1012,16,5149.44
2026-05-20,P1012,16,5149.44
2026-05-21,P1012,18,5793.12
2026-05-22,P1012,10,3218.4
2026-05-23,P1012,12,3862.08
2026-05-24,P1012,23,7402.32
2026-05-25,P1012,12,3862.08
2026-05-26,P1012,8,2574.72
2026-05-27,P1012,13,4183.92
2026-05-28,P1012,3,965.52
2026-05-29,P1012,3,965.52
2026-05-30,P1012,8,2574.72
2026-05-31,P1012,18,5793.12
2026-06-01,P1012,7,2252.88
2026-06-02,P1012,12,3862.08
2026-06-03,P1012,12,3862.08
2026-06-04,P1012,9,2896.56
2026-06-05,P1012,9,2896.56
2026-06-06,P1012,16,5149.44
2026-06-07,P1012,16,5149.44
2026-06-08,P1012,13,4183.92
2026-06-09,P1012,17,5471.28
2026-06-10,P1012,15,4827.6
2026-06-11,P1012,15,4827.6
2026-06-12,P1012,17,5471.28
2026-06-13,P1012,22,7080.48
2026-06-14,P1012,16,5149.44
2026-06-15,P1012,19,6114.96
2026-06-16,P1012,18,5793.12
2026-06-17,P1012,19,6114.96
2026-06-18,P1012,17,5471.28
2026-06-19,P1012,22,7080.48
2026-06-20,P1012,18,5793.12
2026-06-21,P1012,13,4183.92
2026-06-22,P1012,6,1931.04
2026-06-23,P1012,9,2896.56
2026-06-24,P1012,6,1931.04
2026-06-25,P1012,11,3540.24
2026-06-26,P1012,5,1609.2
2026-06-27,P1012,12,3862.08
2026-06-28,P1012,12,3862.08
2026-06-29,P1012,8,2574.72
2026-06-30,P1012,10,3218.4
2026-07-01,P1012,8,2574.72
2026-07-02,P1012,6,1931.04
2026-07-03,P1012,9,2896.56
2026-07-04,P1012,15,4827.6
2026-07-05,P1012,13,4183.92
2026-07-06,P1012,12,3862.08
2026-07-07,P1012,17,5471.28
2026-07-08,P1012,15,4827.6
2026-07-09,P1012,10,3218.4
2026-07-10,P1012,20,6436.8
2026-07-11,P1012,23,7402.32
2026-07-12,P1012,28,9011.52
2026-07-13,P1012,16,5149.44
2026-07-14,P1012,16,5149.44
2026-07-15,P1012,21,6758.64
2026-07-16,P1012,16,5149.44
2026-07-17,P1012,16,5149.44
2026-07-18,P1012,30,9655.2
2026-07-19,P1012,21,6758.64
2026-07-20,P1012,10,3218.4
2026-07-21,P1012,11,3540.24
2026-07-22,P1012,6,1931.04
2026-07-23,P1012,21,6758.64
2026-07-24,P1012,16,5149.44
2026-07-25,P1012,11,3540.24
2026-07-26,P1012,15,4827.6
2026-07-27,P1012,12,3862.08
2026-07-28,P1012,11,3540.24
2026-07-29,P1012,7,2252.88
2026-07-30,P1012,8,2574.72
2026-07-31,P1012,6,1931.04
2026-08-01,P1012,11,3540.24
2026-08-02,P1012,11,3540.24
2026-08-03,P1012,8,2574.72
2026-08-04,P1012,6,1931.04
2026-08-05,P1012,13,4183.92
2026-08-06,P1012,12,3862.08
2026-08-07,P1012,14,4505.76
2026-08-08,P1012,18,5793.12
2026-08-09,P1012,19,6114.96
2026-08-10,P1012,19,6114.96
2026-08-11,P1012,13,4183.92
2026-08-12,P1012,15,4827.6
2026-08-13,P1012,24,7724.16
2026-08-14,P1012,26,8367.84
2026-08-15,P1012,22,7080.48
2026-08-16,P1012,17,5471.28
2026-08-17,P1012,23,7402.32
2026-08-18,P1012,15,4827.6
2026-08-19,P1012,17,5471.28
2026-08-20,P1012,12,3862.08
2026-08-21,P1012,14,4505.76
2026-08-22,P1012,18,5793.12
2026-08-23,P1012,14,4505.76
2026-08-24,P1012,9,2896.56
2026-08-25,P1012,14,4505.76
2026-08-26,P1012,8,2574.72
2026-08-27,P1012,7,2252.88
2026-08-28,P1012,11,3540.24
2026-08-29,P1012,8,2574.72
2026-08-30,P1012,18,5793.12
2026-08-31,P1012,12,3862.08
2026-09-01,P1012,12,3862.08
2026-09-02,P1012,9,2896.56
2026-09-03,P1012,17,5471.28
2026-03-08,P1013,17,14865.65
2026-03-09,P1013,6,5246.7
2026-03-10,P1013,6,5246.7
2026-03-11,P1013,15,13116.75
2026-03-12,P1013,9,7870.05
2026-03-13,P1013,14,12242.3
2026-03-14,P1013,16,13991.2
2026-03-15,P1013,17,14865.65
2026-03-16,P1013,18,15740.1
2026-03-17,P1013,9,7870.05
2026-03-18,P1013,12,10493.4
2026-03-19,P1013,15,13116.75
2026-03-20,P1013,13,11367.85
2026-03-21,P1013,15,13116.75
2026-03-22,P1013,17,14865.65
2026-03-23,P1013,12,10493.4
2026-03-24,P1013,9,7870.05
2026-03-25,P1013,9,7870.05
2026-03-26,P1013,8,6995.6
2026-03-27,P1013,7,6121.15
2026-03-28,P1013,11,9618.95
2026-03-29,P1013,7,6121.15
2026-03-30,P1013,7,6121.15
2026-03-31,P1013,1,874.45
2026-04-01,P1013,11,9618.95
2026-04-02,P1013,3,2623.35
2026-04-03,P1013,5,4372.25
2026-04-04,P1013,3,2623.35
2026-04-05,P1013,8,6995.6
2026-04-06,P1013,11,9618.95
2026-04-07,P1013,9,7870.05
2026-04-08,P1013,8,6995.6
2026-04-09,P1013,13,11367.85
2026-04-10,P1013,13,11367.85
2026-04-11,P1013,14,12242.3
2026-04-12,P1013,16,13991.2
2026-04-13,P1013,14,12242.3
2026-04-14,P1013,12,10493.4
2026-04-15,P1013,16,13991.2
2026-04-16,P1013,18,15740.1
2026-04-17,P1013,8,6995.6
2026-04-18,P1013,25,21861.25
2026-04-19,P1013,9,7870.05
2026-04-20,P1013,6,5246.7
2026-04-21,P1013,12,10493.4
2026-04-22,P1013,6,5246.7
2026-04-23,P1013,7,6121.15
2026-04-24,P1013,9,7870.05
2026-04-25,P1013,14,12242.3
2026-04-26,P1013,5,4372.25
2026-04-27,P1013,5,4372.25
2026-04-28,P1013,10,8744.5
2026-04-29,P1013,9,7870.05
2026-04-30,P1013,3,2623.35
2026-05-01,P1013,10,8744.5
2026-05-02,P1013,9,7870.05
2026-05-03,P1013,3,2623.35
2026-05-04,P1013,5,4372.25
2026-05-05,P1013,12,10493.4
2026-05-06,P1013,10,8744.5
2026-05-07,P1013,12,10493.4
2026-05-08,P1013,12,10493.4
2026-05-09,P1013,12,10493.4
2026-05-10,P1013,8,6995.6
2026-05-11,P1013,13,11367.85
2026-05-12,P1013,8,6995.6
2026-05-13,P1013,12,10493.4
2026-05-14,P1013,12,10493.4
2026-05-15,P1013,16,13991.2
2026-05-16,P1013,18,15740.1
2026-05-17,P1013,18,15740.1
2026-05-18,P1013,15,13116.75
2026-05-19,P1013,9,7870.05
2026-05-20,P1013,15,13116.75
2026-05-21,P1013,13,11367.85
2026-05-22,P1013,12,10493.4
2026-05-23,P1013,7,6121.15
2026-05-24,P1013,9,7870.05
2026-05-25,P1013,8,6995.6
2026-05-26,P1013,4,3497.8
2026-05-27,P1013,7,6121.15
2026-05-28,P1013,7,6121.15
2026-05-29,P1013,6,5246.7
2026-05-30,P1013,9,7870.05
2026-05-31,P1013,9,7870.05
2026-06-01,P1013,4,3497.8
2026-06-02,P1013,7,6121.15
2026-06-03,P1013,8,6995.6
2026-06-04,P1013,8,6995.6
2026-06-05,P1013,12,10493.4
2026-06-06,P1013,17,14865.65
2026-06-07,P1013,13,11367.85
2026-06-08,P1013,5,4372.25
2026-06-09,P1013,12,10493.4
2026-06-10,P1013,16,13991.2
2026-06-11,P1013,14,12242.3
2026-06-12,P1013,19,16614.55
2026-06-13,P1013,18,15740.1
2026-06-14,P1013,17,14865.65
2026-06-15,P1013,17,14865.65
2026-06-16,P1013,10,8744.5
2026-06-17,P1013,17,14865.65
2026-06-18,P1013,12,10493.4
2026-06-19,P1013,12,10493.4
2026-06-20,P1013,16,13991.2
2026-06-21,P1013,10,8744.5
2026-06-22,P1013,12,10493.4
2026-06-23,P1013,6,5246.7
2026-06-24,P1013,13,11367.85
2026-06-25,P1013,9,7870.05
2026-06-26,P1013,5,4372.25
2026-06-27,P1013,8,6995.6
2026-06-28,P1013,6,5246.7
2026-06-29,P1013,7,6121.15
2026-06-30,P1013,3,2623.35
2026-07-01,P1013,6,5246.7
2026-07-02,P1013,5,4372.25
2026-07-03,P1013,6,5246.7
2026-07-04,P1013,7,6121.15
2026-07-05,P1013,8,6995.6
2026-07-06,P1013,8,6995.6
2026-07-07,P1013,4,3497.8
2026-07-08,P1013,11,9618.95
2026-07-09,P1013,21,18363.45
2026-07-10,P1013,7,6121.15
2026-07-11,P1013,20,17489.0
2026-07-12,P1013,22,19237.9
2026-07-13,P1013,14,12242.3
2026-07-14,P1013,13,11367.85
2026-07-15,P1013,19,16614.55
2026-07-16,P1013,16,13991.2
2026-07-17,P1013,13,11367.85
2026-07-18,P1013,22,19237.9
2026-07-19,P1013,17,14865.65
2026-07-20,P1013,9,7870.05
2026-07-21,P1013,6,5246.7
2026-07-22,P1013,13,11367.85
2026-07-23,P1013,8,6995.6
2026-07-24,P1013,6,5246.7
2026-07-25,P1013,9,7870.05
2026-07-26,P1013,6,5246.7
2026-07-27,P1013,4,3497.8
2026-07-28,P1013,6,5246.7
2026-07-29,P1013,12,10493.4
2026-07-30,P1013,2,1748.9
2026-07-31,P1013,7,6121.15
2026-08-01,P1013,6,5246.7
2026-08-02,P1013,11,9618.95
2026-08-03,P1013,7,6121.15
2026-08-04,P1013,12,10493.4
2026-08-05,P1013,12,10493.4
2026-08-06,P1013,14,12242.3
2026-08-07,P1013,14,12242.3
2026-08-08,P1013,22,19237.9
2026-08-09,P1013,12,10493.4
2026-08-10,P1013,18,15740.1
2026-08-11,P1013,14,12242.3
2026-08-12,P1013,17,14865.65
2026-08-13,P1013,21,18363.45
2026-08-14,P1013,19,16614.55
2026-08-15,P1013,15,13116.75
2026-08-16,P1013,13,11367.85
2026-08-17,P1013,19,16614.55
2026-08-18,P1013,8,6995.6
2026-08-19,P1013,13,11367.85
2026-08-20,P1013,6,5246.7
2026-08-21,P1013,11,9618.95
2026-08-22,P1013,10,8744.5
2026-08-23,P1013,10,8744.5
2026-08-24,P1013,5,4372.25
2026-08-25,P1013,8,6995.6
2026-08-26,P1013,4,3497.8
2026-08-27,P1013,10,8744.5
2026-08-28,P1013,2,1748.9
2026-08-29,P1013,7,6121.15
2026-08-30,P1013,8,6995.6
2026-08-31,P1013,8,6995.6
2026-09-01,P1013,8,6995.6
2026-09-02,P1013,5,4372.25
2026-09-03,P1013,6,5246.7
2026-03-08,P1014,7,3935.68
2026-03-09,P1014,12,6746.88
2026-03-10,P1014,6,3373.44
2026-03-11,P1014,10,5622.4
2026-03-12,P1014,10,5622.4
2026-03-13,P1014,12,6746.88
2026-03-14,P1014,16,8995.84
2026-03-15,P1014,13,7309.12
2026-03-16,P1014,9,5060.16
2026-03-17,P1014,16,8995.84
2026-03-18,P1014,9,5060.16
2026-03-19,P1014,15,8433.6
2026-03-20,P1014,6,3373.44
2026-03-21,P1014,17,9558.08
2026-03-22,P1014,17,9558.08
2026-03-23,P1014,8,4497.92
2026-03-24,P1014,14,7871.36
2026-03-25,P1014,6,3373.44
2026-03-26,P1014,3,1686.72
2026-03-27,P1014,4,2248.96
2026-03-28,P1014,6,3373.44
2026-03-29,P1014,8,4497.92
2026-03-30,P1014,3,1686.72
2026-03-31,P1014,10,5622.4
2026-04-01,P1014,10,5622.4
2026-04-02,P1014,11,6184.64
2026-04-03,P1014,9,5060.16
2026-04-04,P1014,8,4497.92
2026-04-05,P1014,15,8433.6
2026-04-06,P1014,9,5060.16
2026-04-07,P1014,6,3373.44
2026-04-08,P1014,5,2811.2
2026-04-09,P1014,5,2811.2
2026-04-10,P1014,8,4497.92
2026-04-11,P1014,13,7309.12
2026-04-12,P1014,17,9558.08
2026-04-13,P1014,10,5622.4
2026-04-14,P1014,10,5622.4
2026-04-15,P1014,11,6184.64
2026-04-16,P1014,9,5060.16
2026-04-17,P1014,13,7309.12
2026-04-18,P1014,15,8433.6
2026-04-19,P1014,14,7871.36
2026-04-20,P1014,6,3373.44
2026-04-21,P1014,13,7309.12
2026-04-22,P1014,5,2811.2
2026-04-23,P1014,5,2811.2
2026-04-24,P1014,10,5622.4
2026-04-25,P1014,8,4497.92
2026-04-26,P1014,11,6184.64
2026-04-27,P1014,5,2811.2
2026-04-28,P1014,2,1124.48
2026-04-29,P1014,2,1124.48
2026-04-30,P1014,2,1124.48
2026-05-01,P1014,4,2248.96
2026-05-02,P1014,8,4497.92
2026-05-03,P1014,8,4497.92
2026-05-04,P1014,7,3935.68
2026-05-05,P1014,7,3935.68
2026-05-06,P1014,12,6746.88
2026-05-07,P1014,10,5622.4
2026-05-08,P1014,14,7871.36
2026-05-09,P1014,21,11807.04
2026-05-10,P1014,8,4497.92
2026-05-11,P1014,6,3373.44
2026-05-12,P1014,9,5060.16
2026-05-13,P1014,19,10682.56
2026-05-14,P1014,13,7309.12
2026-05-15,P1014,16,8995.84
2026-05-16,P1014,7,3935.68
2026-05-17,P1014,24,13493.76
2026-05-18,P1014,11,6184.64
2026-05-19,P1014,12,6746.88
2026-05-20,P1014,5,2811.2
2026-05-21,P1014,7,3935.68
2026-05-22,P1014,16,8995.84
2026-05-23,P1014,11,6184.64
2026-05-24,P1014,4,2248.96
2026-05-25,P1014,8,4497.92
2026-05-26,P1014,4,2248.96
2026-05-27,P1014,6,3373.44
2026-05-28,P1014,5,2811.2
2026-05-29,P1014,8,4497.92
2026-05-30,P1014,11,6184.64
2026-05-31,P1014,6,3373.44
2026-06-01,P1014,8,4497.92
2026-06-02,P1014,8,4497.92
2026-06-03,P1014,6,3373.44
2026-06-04,P1014,8,4497.92
2026-06-05,P1014,11,6184.64
2026-06-06,P1014,12,6746.88
2026-06-07,P1014,11,6184.64
2026-06-08,P1014,12,6746.88
2026-06-09,P1014,9,5060.16
2026-06-10,P1014,14,7871.36
2026-06-11,P1014,12,6746.88
2026-06-12,P1014,9,5060.16
2026-06-13,P1014,11,6184.64
2026-06-14,P1014,17,9558.08
2026-06-15,P1014,8,4497.92
2026-06-16,P1014,14,7871.36
2026-06-17,P1014,11,6184.64
2026-06-18,P1014,13,7309.12
2026-06-19,P1014,8,4497.92
2026-06-20,P1014,11,6184.64
2026-06-21,P1014,18,10120.32
2026-06-22,P1014,12,6746.88
2026-06-23,P1014,13,7309.12
2026-06-24,P1014,11,6184.64
2026-06-25,P1014,11,6184.64
2026-06-26,P1014,9,5060.16
2026-06-27,P1014,9,5060.16
2026-06-28,P1014,7,3935.68
2026-06-29,P1014,8,4497.92
2026-06-30,P1014,5,2811.2
2026-07-01,P1014,11,6184.64
2026-07-02,P1014,3,1686.72
2026-07-03,P1014,5,2811.2
2026-07-04,P1014,7,3935.68
2026-07-05,P1014,10,5622.4
2026-07-06,P1014,17,9558.08
2026-07-07,P1014,14,7871.36
2026-07-08,P1014,12,6746.88
2026-07-09,P1014,11,6184.64
2026-07-10,P1014,11,6184.64
2026-07-11,P1014,11,6184.64
2026-07-12,P1014,15,8433.6
2026-07-13,P1014,9,5060.16
2026-07-14,P1014,21,11807.04
2026-07-15,P1014,14,7871.36
2026-07-16,P1014,17,9558.08
2026-07-17,P1014,10,5622.4
2026-07-18,P1014,14,7871.36
2026-07-19,P1014,21,11807.04
2026-07-20,P1014,15,8433.6
2026-07-21,P1014,12,6746.88
2026-07-22,P1014,6,3373.44
2026-07-23,P1014,4,2248.96
2026-07-24,P1014,6,3373.44
2026-07-25,P1014,10,5622.4
2026-07-26,P1014,9,5060.16
2026-07-27,P1014,10,5622.4
2026-07-28,P1014,3,1686.72
2026-07-29,P1014,5,2811.2
2026-07-30,P1014,6,3373.44
2026-07-31,P1014,7,3935.68
2026-08-01,P1014,12,6746.88
2026-08-02,P1014,9,5060.16
2026-08-03,P1014,8,4497.92
2026-08-04,P1014,8,4497.92
2026-08-05,P1014,3,1686.72
2026-08-06,P1014,13,7309.12
2026-08-07,P1014,7,3935.68
2026-08-08,P1014,14,7871.36
2026-08-09,P1014,15,8433.6
2026-08-10,P1014,11,6184.64
2026-08-11,P1014,10,5622.4
2026-08-12,P1014,20,11244.8
2026-08-13,P1014,11,6184.64
2026-08-14,P1014,20,11244.8
2026-08-15,P1014,19,10682.56
2026-08-16,P1014,15,8433.6
2026-08-17,P1014,8,4497.92
2026-08-18,P1014,6,3373.44
2026-08-19,P1014,13,7309.12
2026-08-20,P1014,15,8433.6
2026-08-21,P1014,3,1686.72
2026-08-22,P1014,10,5622.4
2026-08-23,P1014,5,2811.2
2026-08-24,P1014,9,5060.16
2026-08-25,P1014,7,3935.68
2026-08-26,P1014,6,3373.44
2026-08-27,P1014,9,5060.16
2026-08-28,P1014,4,2248.96
2026-08-29,P1014,11,6184.64
2026-08-30,P1014,9,5060.16
2026-08-31,P1014,5,2811.2
2026-09-01,P1014,6,3373.44
2026-09-02,P1014,8,4497.92
2026-09-03,P1014,17,9558.08
2026-03-08,P1015,16,1567.84
2026-03-09,P1015,10,979.9
2026-03-10,P1015,10,979.9
2026-03-11,P1015,9,881.91
2026-03-12,P1015,6,587.94
2026-03-13,P1015,8,783.92
2026-03-14,P1015,15,1469.85
2026-03-15,P1015,16,1567.84
2026-03-16,P1015,11,1077.89
2026-03-17,P1015,14,1371.86
2026-03-18,P1015,8,783.92
2026-03-19,P1015,14,1371.86
2026-03-20,P1015,5,489.95
2026-03-21,P1015,13,1273.87
2026-03-22,P1015,3,293.97
2026-03-23,P1015,12,1175.88
2026-03-24,P1015,16,1567.84
2026-03-25,P1015,6,587.94
2026-03-26,P1015,8,783.92
2026-03-27,P1015,15,1469.85
2026-03-28,P1015,12,1175.88
2026-03-29,P1015,5,489.95
2026-03-30,P1015,8,783.92
2026-03-31,P1015,5,489.95
2026-04-01,P1015,10,979.9
2026-04-02,P1015,15,1469.85
2026-04-03,P1015,10,979.9
2026-04-04,P1015,9,881.91
2026-04-05,P1015,11,1077.89
2026-04-06,P1015,6,587.94
2026-04-07,P1015,9,881.91
2026-04-08,P1015,10,979.9
2026-04-09,P1015,6,587.94
2026-04-10,P1015,16,1567.84
2026-04-11,P1015,10,979.9
2026-04-12,P1015,12,1175.88
2026-04-13,P1015,11,1077.89
2026-04-14,P1015,9,881.91
2026-04-15,P1015,13,1273.87
2026-04-16,P1015,16,1567.84
2026-04-17,P1015,9,881.91
2026-04-18,P1015,11,1077.89
2026-04-19,P1015,9,881.91
2026-04-20,P1015,8,783.92
2026-04-21,P1015,6,587.94
2026-04-22,P1015,13,1273.87
2026-04-23,P1015,11,1077.89
2026-04-24,P1015,10,979.9
2026-04-25,P1015,13,1273.87
2026-04-26,P1015,13,1273.87
2026-04-27,P1015,8,783.92
2026-04-28,P1015,8,783.92
2026-04-29,P1015,8,783.92
2026-04-30,P1015,6,587.94
2026-05-01,P1015,9,881.91
2026-05-02,P1015,12,1175.88
2026-05-03,P1015,14,1371.86
2026-05-04,P1015,8,783.92
2026-05-05,P1015,12,1175.88
2026-05-06,P1015,11,1077.89
2026-05-07,P1015,11,1077.89
2026-05-08,P1015,6,587.94
2026-05-09,P1015,13,1273.87
2026-05-10,P1015,9,881.91
2026-05-11,P1015,8,783.92
2026-05-12,P1015,11,1077.89
2026-05-13,P1015,19,1861.81
2026-05-14,P1015,8,783.92
2026-05-15,P1015,12,1175.88
2026-05-16,P1015,16,1567.84
2026-05-17,P1015,8,783.92
2026-05-18,P1015,12,1175.88
2026-05-19,P1015,7,685.93
2026-05-20,P1015,12,1175.88
2026-05-21,P1015,9,881.91
2026-05-22,P1015,8,783.92
2026-05-23,P1015,17,1665.83
2026-05-24,P1015,11,1077.89
2026-05-25,P1015,3,293.97
2026-05-26,P1015,11,1077.89
2026-05-27,P1015,4,391.96
2026-05-28,P1015,7,685.93
2026-05-29,P1015,7,685.93
2026-05-30,P1015,9,881.91
2026-05-31,P1015,13,1273.87
2026-06-01,P1015,13,1273.87
2026-06-02,P1015,11,1077.89
2026-06-03,P1015,8,783.92
2026-06-04,P1015,6,587.94
2026-06-05,P1015,6,587.94
2026-06-06,P1015,13,1273.87
2026-06-07,P1015,17,1665.83
2026-06-08,P1015,17,1665.83
2026-06-09,P1015,8,783.92
2026-06-10,P1015,12,1175.88
2026-06-11,P1015,18,1763.82
2026-06-12,P1015,13,1273.87
2026-06-13,P1015,14,1371.86
2026-06-14,P1015,24,2351.76
2026-06-15,P1015,9,881.91
2026-06-16,P1015,18,1763.82
2026-06-17,P1015,10,979.9
2026-06-18,P1015,12,1175.88
2026-06-19,P1015,14,1371.86
2026-06-20,P1015,9,881.91
2026-06-21,P1015,10,979.9
2026-06-22,P1015,18,1763.82
2026-06-23,P1015,9,881.91
2026-06-24,P1015,7,685.93
2026-06-25,P1015,10,979.9
2026-06-26,P1015,7,685.93
2026-06-27,P1015,14,1371.86
2026-06-28,P1015,9,881.91
2026-06-29,P1015,10,979.9
2026-06-30,P1015,12,1175.88
2026-07-01,P1015,11,1077.89
2026-07-02,P1015,12,1175.88
2026-07-03,P1015,8,783.92
2026-07-04,P1015,13,1273.87
2026-07-05,P1015,7,685.93
2026-07-06,P1015,15,1469.85
2026-07-07,P1015,10,979.9
2026-07-08,P1015,11,1077.89
2026-07-09,P1015,6,587.94
2026-07-10,P1015,11,1077.89
2026-07-11,P1015,14,1371.86
2026-07-12,P1015,15,1469.85
2026-07-13,P1015,12,1175.88
2026-07-14,P1015,8,783.92
2026-07-15,P1015,13,1273.87
2026-07-16,P1015,11,1077.89
2026-07-17,P1015,12,1175.88
2026-07-18,P1015,9,881.91
2026-07-19,P1015,17,1665.83
2026-07-20,P1015,13,1273.87
2026-07-21,P1015,16,1567.84
2026-07-22,P1015,7,685.93
2026-07-23,P1015,9,881.91
2026-07-24,P1015,9,881.91
2026-07-25,P1015,9,881.91
2026-07-26,P1015,18,1763.82
2026-07-27,P1015,13,1273.87
2026-07-28,P1015,9,881.91
2026-07-29,P1015,14,1371.86
2026-07-30,P1015,15,1469.85
2026-07-31,P1015,9,881.91
2026-08-01,P1015,16,1567.84
2026-08-02,P1015,15,1469.85
2026-08-03,P1015,14,1371.86
2026-08-04,P1015,12,1175.88
2026-08-05,P1015,17,1665.83
2026-08-06,P1015,5,489.95
2026-08-07,P1015,8,783.92
2026-08-08,P1015,14,1371.86
2026-08-09,P1015,13,1273.87
2026-08-10,P1015,15,1469.85
2026-08-11,P1015,12,1175.88
2026-08-12,P1015,12,1175.88
2026-08-13,P1015,4,391.96
2026-08-14,P1015,17,1665.83
2026-08-15,P1015,14,1371.86
2026-08-16,P1015,16,1567.84
2026-08-17,P1015,9,881.91
2026-08-18,P1015,13,1273.87
2026-08-19,P1015,10,979.9
2026-08-20,P1015,5,489.95
2026-08-21,P1015,10,979.9
2026-08-22,P1015,17,1665.83
2026-08-23,P1015,13,1273.87
2026-08-24,P1015,13,1273.87
2026-08-25,P1015,13,1273.87
2026-08-26,P1015,10,979.9
2026-08-27,P1015,11,1077.89
2026-08-28,P1015,12,1175.88
2026-08-29,P1015,9,881.91
2026-08-30,P1015,10,979.9
2026-08-31,P1015,10,979.9
2026-09-01,P1015,14,1371.86
2026-09-02,P1015,14,1371.86
2026-09-03,P1015,11,1077.89
2026-03-08,P1016,6,0.0
2026-03-09,P1016,7,0.0
2026-03-10,P1016,3,0.0
2026-03-11,P1016,5,0.0
2026-03-12,P1016,9,0.0
2026-03-13,P1016,5,0.0
2026-03-14,P1016,7,0.0
2026-03-15,P1016,8,0.0
2026-03-16,P1016,10,0.0
2026-03-17,P1016,6,0.0
2026-03-18,P1016,5,0.0
2026-03-19,P1016,8,0.0
2026-03-20,P1016,3,0.0
2026-03-21,P1016,9,0.0
2026-03-22,P1016,7,0.0
2026-03-23,P1016,1,0.0
2026-03-24,P1016,7,0.0
2026-03-25,P1016,4,0.0
2026-03-26,P1016,6,0.0
2026-03-27,P1016,4,0.0
2026-03-29,P1016,6,0.0
2026-03-31,P1016,1,0.0
2026-04-01,P1016,2,0.0
2026-04-02,P1016,6,0.0
2026-04-03,P1016,3,0.0
2026-04-04,P1016,4,0.0
2026-04-05,P1016,3,0.0
2026-04-06,P1016,4,0.0
2026-04-07,P1016,7,0.0
2026-04-08,P1016,2,0.0
2026-04-09,P1016,3,0.0
2026-04-10,P1016,4,0.0
2026-04-11,P1016,11,0.0
2026-04-12,P1016,9,0.0
2026-04-13,P1016,3,0.0
2026-04-14,P1016,2,0.0
2026-04-15,P1016,7,0.0
2026-04-16,P1016,5,0.0
2026-04-17,P1016,5,0.0
2026-04-18,P1016,4,0.0
2026-04-19,P1016,10,0.0
2026-04-20,P1016,5,0.0
2026-04-21,P1016,10,0.0
2026-04-22,P1016,5,0.0
2026-04-23,P1016,6,0.0
2026-04-24,P1016,8,0.0
2026-04-25,P1016,3,0.0
2026-04-26,P1016,2,0.0
2026-04-27,P1016,1,0.0
2026-04-28,P1016,2,0.0
2026-04-29,P1016,2,0.0
2026-04-30,P1016,2,0.0
2026-05-01,P1016,6,0.0
2026-05-02,P1016,2,0.0
2026-05-03,P1016,1,0.0
2026-05-04,P1016,3,0.0
2026-05-05,P1016,8,0.0
2026-05-06,P1016,9,0.0
2026-05-07,P1016,4,0.0
2026-05-08,P1016,7,0.0
2026-05-09,P1016,11,0.0
2026-05-10,P1016,10,0.0
2026-05-11,P1016,8,0.0
2026-05-12,P1016,5,0.0
2026-05-13,P1016,6,0.0
2026-05-14,P1016,5,0.0
2026-05-15,P1016,7,0.0
2026-05-16,P1016,6,0.0
2026-05-17,P1016,8,0.0
2026-05-18,P1016,5,0.0
2026-05-19,P1016,11,0.0
2026-05-20,P1016,4,0.0
2026-05-21,P1016,6,0.0
2026-05-22,P1016,8,0.0
2026-05-23,P1016,7,0.0
2026-05-24,P1016,2,0.0
2026-05-25,P1016,4,0.0
2026-05-26,P1016,2,0.0
2026-05-27,P1016,4,0.0
2026-05-28,P1016,1,0.0
2026-05-29,P1016,3,0.0
2026-05-30,P1016,5,0.0
2026-05-31,P1016,2,0.0
2026-06-01,P1016,5,0.0
2026-06-02,P1016,4,0.0
2026-06-03,P1016,2,0.0
2026-06-04,P1016,2,0.0
2026-06-05,P1016,7,0.0
2026-06-06,P1016,12,0.0
2026-06-07,P1016,11,0.0
2026-06-08,P1016,6,0.0
2026-06-09,P1016,6,0.0
2026-06-10,P1016,3,0.0
2026-06-11,P1016,5,0.0
2026-06-12,P1016,2,0.0
2026-06-13,P1016,6,0.0
2026-06-14,P1016,13,0.0
2026-06-15,P1016,11,0.0
2026-06-16,P1016,9,0.0
2026-06-17,P1016,6,0.0
2026-06-18,P1016,2,0.0
2026-06-19,P1016,5,0.0
2026-06-20,P1016,7,0.0
2026-06-21,P1016,1,0.0
2026-06-22,P1016,3,0.0
2026-06-23,P1016,3,0.0
2026-06-24,P1016,1,0.0
2026-06-26,P1016,2,0.0
2026-06-27,P1016,7,0.0
2026-06-28,P1016,2,0.0
2026-06-29,P1016,3,0.0
2026-07-01,P1016,4,0.0
2026-07-02,P1016,6,0.0
2026-07-03,P1016,2,0.0
2026-07-04,P1016,6,0.0
2026-07-05,P1016,3,0.0
2026-07-06,P1016,4,0.0
2026-07-07,P1016,6,0.0
2026-07-08,P1016,2,0.0
2026-07-09,P1016,5,0.0
2026-07-10,P1016,6,0.0
2026-07-11,P1016,8,0.0
2026-07-12,P1016,6,0.0
2026-07-13,P1016,5,0.0
2026-07-14,P1016,3,0.0
2026-07-15,P1016,5,0.0
2026-07-16,P1016,10,0.0
2026-07-17,P1016,4,0.0
2026-07-18,P1016,8,0.0
2026-07-19,P1016,6,0.0
2026-07-20,P1016,6,0.0
2026-07-21,P1016,7,0.0
2026-07-22,P1016,5,0.0
2026-07-23,P1016,4,0.0
2026-07-24,P1016,2,0.0
2026-07-25,P1016,4,0.0
2026-07-26,P1016,6,0.0
2026-07-27,P1016,1,0.0
2026-07-28,P1016,3,0.0
2026-07-29,P1016,4,0.0
2026-07-30,P1016,1,0.0
2026-07-31,P1016,4,0.0
2026-08-01,P1016,3,0.0
2026-08-02,P1016,5,0.0
2026-08-03,P1016,1,0.0
2026-08-04,P1016,4,0.0
2026-08-05,P1016,9,0.0
2026-08-06,P1016,5,0.0
2026-08-07,P1016,8,0.0
2026-08-08,P1016,7,0.0
2026-08-09,P1016,9,0.0
2026-08-10,P1016,7,0.0
2026-08-11,P1016,4,0.0
2026-08-12,P1016,4,0.0
2026-08-13,P1016,7,0.0
2026-08-14,P1016,11,0.0
2026-08-15,P1016,6,0.0
2026-08-16,P1016,5,0.0
2026-08-17,P1016,4,0.0
2026-08-18,P1016,4,0.0
2026-08-19,P1016,4,0.0
2026-08-20,P1016,9,0.0
2026-08-21,P1016,3,0.0
2026-08-22,P1016,4,0.0
2026-08-23,P1016,3,0.0
2026-08-25,P1016,2,0.0
2026-08-26,P1016,2,0.0
2026-08-27,P1016,2,0.0
2026-08-28,P1016,3,0.0
2026-08-29,P1016,11,0.0
2026-08-30,P1016,3,0.0
2026-08-31,P1016,3,0.0
2026-09-01,P1016,2,0.0
2026-09-02,P1016,8,0.0
2026-03-08,P1017,13,2318.94
2026-03-09,P1017,15,2675.7
2026-03-10,P1017,16,2854.08
2026-03-11,P1017,9,1605.42
2026-03-12,P1017,22,3924.36
2026-03-13,P1017,14,2497.32
2026-03-14,P1017,21,3745.98
2026-03-15,P1017,11,1962.18
2026-03-16,P1017,19,3389.22
2026-03-17,P1017,17,3032.46
2026-03-18,P1017,10,1783.8
2026-03-19,P1017,22,3924.36
2026-03-20,P1017,12,2140.56
2026-03-21,P1017,16,2854.08
2026-03-22,P1017,24,4281.12
2026-03-23,P1017,19,3389.22
2026-03-24,P1017,12,2140.56
2026-03-25,P1017,17,3032.46
2026-03-26,P1017,14,2497.32
2026-03-27,P1017,9,1605.42
2026-03-28,P1017,15,2675.7
2026-03-29,P1017,12,2140.56
2026-03-30,P1017,13,2318.94
2026-03-31,P1017,11,1962.18
2026-04-01,P1017,9,1605.42
2026-04-02,P1017,9,1605.42
2026-04-03,P1017,9,1605.42
2026-04-04,P1017,17,3032.46
2026-04-05,P1017,14,2497.32
2026-04-06,P1017,6,1070.28
2026-04-07,P1017,20,3567.6
2026-04-08,P1017,13,2318.94
2026-04-09,P1017,17,3032.46
2026-04-10,P1017,10,1783.8
2026-04-11,P1017,17,3032.46
2026-04-12,P1017,22,3924.36
2026-04-13,P1017,18,3210.84
2026-04-14,P1017,13,2318.94
2026-04-15,P1017,21,3745.98
2026-04-16,P1017,18,3210.84
2026-04-17,P1017,14,2497.32
2026-04-18,P1017,16,2854.08
2026-04-19,P1017,21,3745.98
2026-04-20,P1017,12,2140.56
2026-04-21,P1017,13,2318.94
2026-04-22,P1017,17,3032.46
2026-04-23,P1017,10,1783.8
2026-04-24,P1017,13,2318.94
2026-04-25,P1017,13,2318.94
2026-04-26,P1017,13,2318.94
2026-04-27,P1017,3,535.14
2026-04-28,P1017,12,2140.56
2026-04-29,P1017,13,2318.94
2026-04-30,P1017,12,2140.56
2026-05-01,P1017,12,2140.56
2026-05-02,P1017,15,2675.7
2026-05-03,P1017,15,2675.7
2026-05-04,P1017,22,3924.36
2026-05-05,P1017,14,2497.32
2026-05-06,P1017,9,1605.42
2026-05-07,P1017,15,2675.7
2026-05-08,P1017,23,4102.74
2026-05-09,P1017,19,3389.22
2026-05-10,P1017,25,4459.5
2026-05-11,P1017,18,3210.84
2026-05-12,P1017,13,2318.94
2026-05-13,P1017,17,3032.46
2026-05-14,P1017,21,3745.98
2026-05-15,P1017,11,1962.18
2026-05-16,P1017,23,4102.74
2026-05-17,P1017,20,3567.6
2026-05-18,P1017,20,3567.6
2026-05-19,P1017,16,2854.08
2026-05-20,P1017,10,1783.8
2026-05-21,P1017,18,3210.84
2026-05-22,P1017,16,2854.08
2026-05-23,P1017,18,3210.84
2026-05-24,P1017,18,3210.84
2026-05-25,P1017,18,3210.84
2026-05-26,P1017,9,1605.42
2026-05-27,P1017,12,2140.56
2026-05-28,P1017,9,1605.42
2026-05-29,P1017,8,1427.04
2026-05-30,P1017,15,2675.7
2026-05-31,P1017,12,2140.56
2026-06-01,P1017,12,2140.56
2026-06-02,P1017,13,2318.94
2026-06-03,P1017,9,1605.42
2026-06-04,P1017,15,2675.7
2026-06-05,P1017,17,3032.46
2026-06-06,P1017,17,3032.46
2026-06-07,P1017,21,3745.98
2026-06-08,P1017,17,3032.46
2026-06-09,P1017,18,3210.84
2026-06-10,P1017,26,4637.88
2026-06-11,P1017,18,3210.84
2026-06-12,P1017,16,2854.08
2026-06-13,P1017,13,2318.94
2026-06-14,P1017,30,5351.4
2026-06-15,P1017,16,2854.08
2026-06-16,P1017,19,3389.22
2026-06-17,P1017,21,3745.98
2026-06-18,P1017,11,1962.18
2026-06-19,P1017,16,2854.08
2026-06-20,P1017,21,3745.98
2026-06-21,P1017,17,3032.46
2026-06-22,P1017,14,2497.32
2026-06-23,P1017,16,2854.08
2026-06-24,P1017,20,3567.6
2026-06-25,P1017,9,1605.42
2026-06-26,P1017,17,3032.46
2026-06-27,P1017,19,3389.22
2026-06-28,P1017,20,3567.6
2026-06-29,P1017,10,1783.8
2026-06-30,P1017,14,2497.32
2026-07-01,P1017,10,1783.8
2026-07-02,P1017,12,2140.56
2026-07-03,P1017,15,2675.7
2026-07-04,P1017,21,3745.98
2026-07-05,P1017,10,1783.8
2026-07-06,P1017,7,1248.66
2026-07-07,P1017,15,2675.7
2026-07-08,P1017,22,3924.36
2026-07-09,P1017,17,3032.46
2026-07-10,P1017,20,3567.6
2026-07-11,P1017,19,3389.22
2026-07-12,P1017,18,3210.84
2026-07-13,P1017,18,3210.84
2026-07-14,P1017,31,5529.78
2026-07-15,P1017,20,3567.6
2026-07-16,P1017,19,3389.22
2026-07-17,P1017,18,3210.84
2026-07-18,P1017,22,3924.36
2026-07-19,P1017,15,2675.7
2026-07-20,P1017,10,1783.8
2026-07-21,P1017,10,1783.8
2026-07-22,P1017,18,3210.84
2026-07-23,P1017,19,3389.22
2026-07-24,P1017,21,3745.98
2026-07-25,P1017,22,3924.36
2026-07-26,P1017,16,2854.08
2026-07-27,P1017,10,1783.8
2026-07-28,P1017,10,1783.8
2026-07-29,P1017,7,1248.66
2026-07-30,P1017,14,2497.32
2026-07-31,P1017,12,2140.56
2026-08-01,P1017,16,2854.08
2026-08-02,P1017,13,2318.94
2026-08-03,P1017,7,1248.66
2026-08-04,P1017,19,3389.22
2026-08-05,P1017,14,2497.32
2026-08-06,P1017,10,1783.8
2026-08-07,P1017,20,3567.6
2026-08-08,P1017,30,5351.4
2026-08-09,P1017,27,4816.26
2026-08-10,P1017,24,4281.12
2026-08-11,P1017,28,4994.64
2026-08-12,P1017,12,2140.56
2026-08-13,P1017,23,4102.74
2026-08-14,P1017,23,4102.74
2026-08-15,P1017,18,3210.84
2026-08-16,P1017,26,4637.88
2026-08-17,P1017,17,3032.46
2026-08-18,P1017,25,4459.5
2026-08-19,P1017,17,3032.46
2026-08-20,P1017,23,4102.74
2026-08-21,P1017,19,3389.22
2026-08-22,P1017,12,2140.56
2026-08-23,P1017,22,3924.36
2026-08-24,P1017,11,1962.18
2026-08-25,P1017,12,2140.56
2026-08-26,P1017,17,3032.46
2026-08-27,P1017,13,2318.94
2026-08-28,P1017,15,2675.7
2026-08-29,P1017,19,3389.22
2026-08-30,P1017,12,2140.56
2026-08-31,P1017,15,2675.7
2026-09-01,P1017,20,3567.6
2026-09-02,P1017,13,2318.94
2026-09-03,P1017,13,2318.94
2026-03-08,P1018,8,5669.52
2026-03-09,P1018,10,7086.9
2026-03-10,P1018,6,4252.14
2026-03-11,P1018,6,4252.14
2026-03-12,P1018,1,708.69
2026-03-13,P1018,4,2834.76
2026-03-14,P1018,7,4960.83
2026-03-15,P1018,9,6378.21
2026-03-16,P1018,5,3543.45
2026-03-17,P1018,5,3543.45
2026-03-18,P1018,8,5669.52
2026-03-19,P1018,8,5669.52
2026-03-20,P1018,11,7795.59
2026-03-21,P1018,10,7086.9
2026-03-22,P1018,13,9212.97
2026-03-23,P1018,6,4252.14
2026-03-24,P1018,8,5669.52
2026-03-25,P1018,4,2834.76
2026-03-26,P1018,10,7086.9
2026-03-27,P1018,11,7795.59
2026-03-28,P1018,9,6378.21
2026-03-29,P1018,2,1417.38
2026-03-30,P1018,6,4252.14
2026-03-31,P1018,7,4960.83
2026-04-01,P1018,7,4960.83
2026-04-02,P1018,11,7795.59
2026-04-03,P1018,1,708.69
2026-04-04,P1018,7,4960.83
2026-04-05,P1018,5,3543.45
2026-04-06,P1018,7,4960.83
2026-04-07,P1018,4,2834.76
2026-04-08,P1018,5,3543.45
2026-04-09,P1018,6,4252.14
2026-04-10,P1018,10,7086.9
2026-04-11,P1018,11,7795.59
2026-04-12,P1018,14,9921.66
2026-04-13,P1018,6,4252.14
2026-04-14,P1018,6,4252.14
2026-04-15,P1018,4,2834.76
2026-04-16,P1018,3,2126.07
2026-04-17,P1018,2,1417.38
2026-04-18,P1018,14,9921.66
2026-04-19,P1018,7,4960.83
2026-04-20,P1018,11,7795.59
2026-04-21,P1018,7,4960.83
2026-04-22,P1018,4,2834.76
2026-04-23,P1018,4,2834.76
2026-04-24,P1018,6,4252.14
2026-04-25,P1018,8,5669.52
2026-04-26,P1018,11,7795.59
2026-04-27,P1018,4,2834.76
2026-04-28,P1018,7,4960.83
2026-04-29,P1018,5,3543.45
2026-04-30,P1018,3,2126.07
2026-05-01,P1018,10,7086.9
2026-05-02,P1018,12,8504.28
2026-05-03,P1018,5,3543.45
2026-05-04,P1018,9,6378.21
2026-05-05,P1018,10,7086.9
2026-05-06,P1018,5,3543.45
2026-05-07,P1018,7,4960.83
2026-05-08,P1018,10,7086.9
2026-05-09,P1018,6,4252.14
2026-05-10,P1018,7,4960.83
2026-05-11,P1018,12,8504.28
2026-05-12,P1018,4,2834.76
2026-05-14,P1018,8,5669.52
2026-05-15,P1018,11,7795.59
2026-05-16,P1018,7,4960.83
2026-05-17,P1018,5,3543.45
2026-05-18,P1018,9,6378.21
2026-05-19,P1018,9,6378.21
2026-05-20,P1018,4,2834.76
2026-05-21,P1018,5,3543.45
2026-05-22,P1018,11,7795.59
2026-05-23,P1018,8,5669.52
2026-05-24,P1018,10,7086.9
2026-05-25,P1018,6,4252.14
2026-05-26,P1018,5,3543.45
2026-05-27,P1018,5,3543.45
2026-05-28,P1018,7,4960.83
2026-05-29,P1018,11,7795.59
2026-05-30,P1018,12,8504.28
2026-05-31,P1018,12,8504.28
2026-06-01,P1018,1,708.69
2026-06-02,P1018,6,4252.14
2026-06-03,P1018,7,4960.83
2026-06-04,P1018,7,4960.83
2026-06-05,P1018,3,2126.07
2026-06-06,P1018,4,2834.76
2026-06-07,P1018,14,9921.66
2026-06-08,P1018,6,4252.14
2026-06-09,P1018,4,2834.76
2026-06-10,P1018,5,3543.45
2026-06-11,P1018,5,3543.45
2026-06-12,P1018,10,7086.9
2026-06-13,P1018,8,5669.52
2026-06-14,P1018,8,5669.52
2026-06-15,P1018,1,708.69
2026-06-16,P1018,7,4960.83
2026-06-17,P1018,8,5669.52
2026-06-18,P1018,6,4252.14
2026-06-19,P1018,11,7795.59
2026-06-20,P1018,11,7795.59
2026-06-21,P1018,2,1417.38
2026-06-22,P1018,4,2834.76
2026-06-23,P1018,9,6378.21
2026-06-24,P1018,9,6378.21
2026-06-25,P1018,9,6378.21
2026-06-26,P1018,10,7086.9
2026-06-27,P1018,6,4252.14
2026-06-28,P1018,6,4252.14
2026-06-29,P1018,9,6378.21
2026-06-30,P1018,4,2834.76
2026-07-01,P1018,5,3543.45
2026-07-02,P1018,5,3543.45
2026-07-03,P1018,7,4960.83
2026-07-04,P1018,14,9921.66
2026-07-05,P1018,12,8504.28
2026-07-06,P1018,6,4252.14
2026-07-07,P1018,7,4960.83
2026-07-08,P1018,3,2126.07
2026-07-09,P1018,7,4960.83
2026-07-10,P1018,9,6378.21
2026-07-11,P1018,13,9212.97
2026-07-12,P1018,16,11339.04
2026-07-13,P1018,12,8504.28
2026-07-14,P1018,9,6378.21
2026-07-15,P1018,3,2126.07
2026-07-16,P1018,7,4960.83
2026-07-17,P1018,5,3543.45
2026-07-18,P1018,9,6378.21
2026-07-19,P1018,12,8504.28
2026-07-20,P1018,7,4960.83
2026-07-21,P1018,8,5669.52
2026-07-22,P1018,8,5669.52
2026-07-23,P1018,4,2834.76
2026-07-24,P1018,7,4960.83
2026-07-25,P1018,4,2834.76
2026-07-26,P1018,14,9921.66
2026-07-27,P1018,6,4252.14
2026-07-28,P1018,6,4252.14
2026-07-29,P1018,11,7795.59
2026-07-30,P1018,3,2126.07
2026-07-31,P1018,4,2834.76
2026-08-01,P1018,3,2126.07
2026-08-02,P1018,10,7086.9
2026-08-03,P1018,10,7086.9
2026-08-04,P1018,9,6378.21
2026-08-05,P1018,8,5669.52
2026-08-06,P1018,11,7795.59
2026-08-07,P1018,8,5669.52
2026-08-08,P1018,7,4960.83
2026-08-09,P1018,14,9921.66
2026-08-10,P1018,10,7086.9
2026-08-11,P1018,7,4960.83
2026-08-12,P1018,7,4960.83
2026-08-13,P1018,12,8504.28
2026-08-14,P1018,12,8504.28
2026-08-15,P1018,4,2834.76
2026-08-16,P1018,10,7086.9
2026-08-17,P1018,9,6378.21
2026-08-18,P1018,6,4252.14
2026-08-19,P1018,4,2834.76
2026-08-20,P1018,5,3543.45
2026-08-21,P1018,10,7086.9
2026-08-22,P1018,9,6378.21
2026-08-23,P1018,9,6378.21
2026-08-24,P1018,7,4960.83
2026-08-25,P1018,6,4252.14
2026-08-26,P1018,8,5669.52
2026-08-27,P1018,6,4252.14
2026-08-28,P1018,5,3543.45
2026-08-29,P1018,10,7086.9
2026-08-30,P1018,7,4960.83
2026-08-31,P1018,6,4252.14
2026-09-01,P1018,3,2126.07
2026-09-02,P1018,8,5669.52
2026-09-03,P1018,5,3543.45
2026-03-08,P1019,4,2979.96
2026-03-09,P1019,2,1489.98
2026-03-10,P1019,6,4469.94
2026-03-11,P1019,5,3724.95
2026-03-12,P1019,3,2234.97
2026-03-13,P1019,5,3724.95
2026-03-14,P1019,10,7449.9
2026-03-15,P1019,7,5214.93
2026-03-16,P1019,8,5959.92
2026-03-17,P1019,5,3724.95
2026-03-18,P1019,7,5214.93
2026-03-19,P1019,12,8939.88
2026-03-20,P1019,5,3724.95
2026-03-21,P1019,9,6704.91
2026-03-22,P1019,9,6704.91
2026-03-23,P1019,11,8194.89
2026-03-24,P1019,5,3724.95
2026-03-25,P1019,4,2979.96
2026-03-26,P1019,6,4469.94
2026-03-27,P1019,10,7449.9
2026-03-28,P1019,7,5214.93
2026-03-29,P1019,3,2234.97
2026-03-30,P1019,4,2979.96
2026-03-31,P1019,2,1489.98
2026-04-01,P1019,4,2979.96
2026-04-02,P1019,9,6704.91
2026-04-04,P1019,7,5214.93
2026-04-05,P1019,4,2979.96
2026-04-06,P1019,6,4469.94
2026-04-07,P1019,5,3724.95
2026-04-08,P1019,10,7449.9
2026-04-09,P1019,4,2979.96
2026-04-10,P1019,7,5214.93
2026-04-11,P1019,5,3724.95
2026-04-12,P1019,6,4469.94
2026-04-13,P1019,11,8194.89
2026-04-14,P1019,9,6704.91
2026-04-15,P1019,10,7449.9
2026-04-16,P1019,7,5214.93
2026-04-17,P1019,3,2234.97
2026-04-18,P1019,4,2979.96
2026-04-19,P1019,4,2979.96
2026-04-20,P1019,3,2234.97
2026-04-21,P1019,3,2234.97
2026-04-22,P1019,5,3724.95
2026-04-23,P1019,10,7449.9
2026-04-24,P1019,4,2979.96
2026-04-25,P1019,4,2979.96
2026-04-26,P1019,8,5959.92
2026-04-27,P1019,5,3724.95
2026-04-28,P1019,10,7449.9
2026-04-30,P1019,3,2234.97
2026-05-01,P1019,4,2979.96
2026-05-02,P1019,5,3724.95
2026-05-03,P1019,5,3724.95
2026-05-04,P1019,6,4469.94
2026-05-05,P1019,3,2234.97
2026-05-06,P1019,4,2979.96
2026-05-07,P1019,4,2979.96
2026-05-08,P1019,10,7449.9
2026-05-09,P1019,13,9684.87
2026-05-10,P1019,4,2979.96
2026-05-11,P1019,5,3724.95
2026-05-12,P1019,4,2979.96
2026-05-13,P1019,6,4469.94
2026-05-14,P1019,4,2979.96
2026-05-15,P1019,6,4469.94
2026-05-16,P1019,10,7449.9
2026-05-17,P1019,12,8939.88
2026-05-18,P1019,6,4469.94
2026-05-19,P1019,14,10429.86
2026-05-20,P1019,2,1489.98
2026-05-21,P1019,3,2234.97
2026-05-22,P1019,5,3724.95
2026-05-23,P1019,4,2979.96
2026-05-24,P1019,8,5959.92
2026-05-25,P1019,6,4469.94
2026-05-26,P1019,3,2234.97
2026-05-27,P1019,4,2979.96
2026-05-28,P1019,2,1489.98
2026-05-29,P1019,2,1489.98
2026-05-30,P1019,8,5959.92
2026-05-31,P1019,4,2979.96
2026-06-01,P1019,13,9684.87
2026-06-02,P1019,4,2979.96
2026-06-03,P1019,5,3724.95
2026-06-04,P1019,5,3724.95
2026-06-05,P1019,5,3724.95
2026-06-06,P1019,8,5959.92
2026-06-08,P1019,8,5959.92
2026-06-09,P1019,5,3724.95
2026-06-10,P1019,7,5214.93
2026-06-11,P1019,1,744.99
2026-06-12,P1019,5,3724.95
2026-06-13,P1019,8,5959.92
2026-06-14,P1019,7,5214.93
2026-06-15,P1019,3,2234.97
2026-06-16,P1019,8,5959.92
2026-06-17,P1019,7,5214.93
2026-06-18,P1019,5,3724.95
2026-06-19,P1019,6,4469.94
2026-06-20,P1019,8,5959.92
2026-06-21,P1019,8,5959.92
2026-06-22,P1019,4,2979.96
2026-06-23,P1019,8,5959.92
2026-06-24,P1019,6,4469.94
2026-06-25,P1019,3,2234.97
2026-06-26,P1019,3,2234.97
2026-06-27,P1019,3,2234.97
2026-06-28,P1019,6,4469.94
2026-06-29,P1019,4,2979.96
2026-06-30,P1019,8,5959.92
2026-07-01,P1019,4,2979.96
2026-07-02,P1019,2,1489.98
2026-07-03,P1019,6,4469.94
2026-07-04,P1019,4,2979.96
2026-07-05,P1019,9,6704.91
2026-07-06,P1019,13,9684.87
2026-07-07,P1019,7,5214.93
2026-07-08,P1019,5,3724.95
2026-07-09,P1019,4,2979.96
2026-07-10,P1019,2,1489.98
2026-07-11,P1019,13,9684.87
2026-07-12,P1019,9,6704.91
2026-07-13,P1019,8,5959.92
2026-07-14,P1019,9,6704.91
2026-07-15,P1019,10,7449.9
2026-07-16,P1019,9,6704.91
2026-07-17,P1019,7,5214.93
2026-07-18,P1019,5,3724.95
2026-07-19,P1019,14,10429.86
2026-07-20,P1019,8,5959.92
2026-07-21,P1019,4,2979.96
2026-07-22,P1019,7,5214.93
2026-07-23,P1019,5,3724.95
2026-07-24,P1019,4,2979.96
2026-07-25,P1019,8,5959.92
2026-07-26,P1019,4,2979.96
2026-07-27,P1019,2,1489.98
2026-07-28,P1019,6,4469.94
2026-07-29,P1019,5,3724.95
2026-07-30,P1019,7,5214.93
2026-07-31,P1019,2,1489.98
2026-08-01,P1019,4,2979.96
2026-08-02,P1019,7,5214.93
2026-08-03,P1019,7,5214.93
2026-08-04,P1019,5,3724.95
2026-08-05,P1019,10,7449.9
2026-08-06,P1019,9,6704.91
2026-08-07,P1019,4,2979.96
2026-08-08,P1019,14,10429.86
2026-08-09,P1019,9,6704.91
2026-08-10,P1019,9,6704.91
2026-08-11,P1019,3,2234.97
2026-08-12,P1019,7,5214.93
2026-08-13,P1019,5,3724.95
2026-08-14,P1019,7,5214.93
2026-08-15,P1019,9,6704.91
2026-08-16,P1019,5,3724.95
2026-08-17,P1019,4,2979.96
2026-08-18,P1019,7,5214.93
2026-08-19,P1019,9,6704.91
2026-08-20,P1019,8,5959.92
2026-08-21,P1019,3,2234.97
2026-08-22,P1019,11,8194.89
2026-08-23,P1019,8,5959.92
2026-08-24,P1019,5,3724.95
2026-08-25,P1019,5,3724.95
2026-08-26,P1019,3,2234.97
2026-08-27,P1019,2,1489.98
2026-08-28,P1019,3,2234.97
2026-08-29,P1019,10,7449.9
2026-08-30,P1019,10,7449.9
2026-08-31,P1019,3,2234.97
2026-09-01,P1019,5,3724.95
2026-09-02,P1019,10,7449.9
2026-09-03,P1019,8,5959.92
2026-03-08,P1020,16,1955.2
2026-03-09,P1020,15,1833.0
2026-03-10,P1020,16,1955.2
2026-03-11,P1020,14,1710.8
2026-03-12,P1020,20,2444.0
2026-03-13,P1020,13,1588.6
2026-03-14,P1020,19,2321.8
2026-03-15,P1020,17,2077.4
2026-03-16,P1020,16,1955.2
2026-03-17,P1020,16,1955.2
2026-03-18,P1020,14,1710.8
2026-03-19,P1020,17,2077.4
2026-03-20,P1020,15,1833.0
2026-03-21,P1020,16,1955.2
2026-03-22,P1020,10,1222.0
2026-03-23,P1020,18,2199.6
2026-03-24,P1020,11,1344.2
2026-03-25,P1020,6,733.2
2026-03-26,P1020,6,733.2
2026-03-27,P1020,12,1466.4
2026-03-28,P1020,13,1588.6
2026-03-29,P1020,7,855.4
2026-03-30,P1020,8,977.6
2026-03-31,P1020,10,1222.0
2026-04-01,P1020,9,1099.8
2026-04-02,P1020,9,1099.8
2026-04-03,P1020,8,977.6
2026-04-04,P1020,13,1588.6
2026-04-05,P1020,14,1710.8
2026-04-06,P1020,11,1344.2
2026-04-07,P1020,11,1344.2
2026-04-08,P1020,14,1710.8
2026-04-09,P1020,18,2199.6
2026-04-10,P1020,21,2566.2
2026-04-11,P1020,27,3299.4
2026-04-12,P1020,19,2321.8
2026-04-13,P1020,11,1344.2
2026-04-14,P1020,18,2199.6
2026-04-15,P1020,17,2077.4
2026-04-16,P1020,15,1833.0
2026-04-17,P1020,13,1588.6
2026-04-18,P1020,18,2199.6
2026-04-19,P1020,13,1588.6
2026-04-20,P1020,13,1588.6
2026-04-21,P1020,14,1710.8
2026-04-22,P1020,13,1588.6
2026-04-23,P1020,11,1344.2
2026-04-24,P1020,7,855.4
2026-04-25,P1020,10,1222.0
2026-04-26,P1020,22,2688.4
2026-04-27,P1020,7,855.4
2026-04-28,P1020,9,1099.8
2026-04-29,P1020,9,1099.8
2026-04-30,P1020,5,611.0
2026-05-01,P1020,7,855.4
2026-05-02,P1020,13,1588.6
2026-05-03,P1020,15,1833.0
2026-05-04,P1020,12,1466.4
2026-05-05,P1020,11,1344.2
2026-05-06,P1020,14,1710.8
2026-05-07,P1020,13,1588.6
2026-05-08,P1020,12,1466.4
2026-05-09,P1020,13,1588.6
2026-05-10,P1020,18,2199.6
2026-05-11,P1020,17,2077.4
2026-05-12,P1020,7,855.4
2026-05-13,P1020,21,2566.2
2026-05-14,P1020,15,1833.0
2026-05-15,P1020,17,2077.4
2026-05-16,P1020,22,2688.4
2026-05-17,P1020,14,1710.8
2026-05-18,P1020,16,1955.2
2026-05-19,P1020,14,1710.8
2026-05-20,P1020,15,1833.0
2026-05-21,P1020,12,1466.4
2026-05-22,P1020,14,1710.8
2026-05-23,P1020,10,1222.0
2026-05-24,P1020,19,2321.8
2026-05-25,P1020,3,366.6
2026-05-26,P1020,9,1099.8
2026-05-27,P1020,10,1222.0
2026-05-28,P1020,11,1344.2
2026-05-29,P1020,9,1099.8
2026-05-30,P1020,14,1710.8
2026-05-31,P1020,8,977.6
2026-06-01,P1020,8,977.6
2026-06-02,P1020,12,1466.4
2026-06-03,P1020,8,977.6
2026-06-04,P1020,10,1222.0
2026-06-05,P1020,10,1222.0
2026-06-06,P1020,18,2199.6
2026-06-07,P1020,17,2077.4
2026-06-08,P1020,17,2077.4
2026-06-09,P1020,9,1099.8
2026-06-10,P1020,18,2199.6
2026-06-11,P1020,29,3543.8
2026-06-12,P1020,11,1344.2
2026-06-13,P1020,28,3421.6
2026-06-14,P1020,22,2688.4
2026-06-15,P1020,24,2932.8
2026-06-16,P1020,16,1955.2
2026-06-17,P1020,18,2199.6
2026-06-18,P1020,16,1955.2
2026-06-19,P1020,16,1955.2
2026-06-20,P1020,22,2688.4
2026-06-21,P1020,18,2199.6
2026-06-22,P1020,6,733.2
2026-06-23,P1020,9,1099.8
2026-06-24,P1020,12,1466.4
2026-06-25,P1020,8,977.6
2026-06-26,P1020,8,977.6
2026-06-27,P1020,12,1466.4
2026-06-28,P1020,17,2077.4
2026-06-29,P1020,11,1344.2
2026-06-30,P1020,11,1344.2
2026-07-01,P1020,8,977.6
2026-07-02,P1020,9,1099.8
2026-07-03,P1020,7,855.4
2026-07-04,P1020,12,1466.4
2026-07-05,P1020,19,2321.8
2026-07-06,P1020,17,2077.4
2026-07-07,P1020,23,2810.6
2026-07-08,P1020,16,1955.2
2026-07-09,P1020,16,1955.2
2026-07-10,P1020,23,2810.6
2026-07-11,P1020,26,3177.2
2026-07-12,P1020,28,3421.6
2026-07-13,P1020,21,2566.2
2026-07-14,P1020,25,3055.0
2026-07-15,P1020,22,2688.4
2026-07-16,P1020,27,3299.4
2026-07-17,P1020,21,2566.2
2026-07-18,P1020,25,3055.0
2026-07-19,P1020,17,2077.4
2026-07-20,P1020,19,2321.8
2026-07-21,P1020,14,1710.8
2026-07-22,P1020,14,1710.8
2026-07-23,P1020,16,1955.2
2026-07-24,P1020,11,1344.2
2026-07-25,P1020,17,2077.4
2026-07-26,P1020,19,2321.8
2026-07-27,P1020,4,488.8
2026-07-28,P1020,6,733.2
2026-07-29,P1020,9,1099.8
2026-07-30,P1020,12,1466.4
2026-07-31,P1020,6,733.2
2026-08-01,P1020,7,
2026-08-02,P1020,15,1833.0
2026-08-03,P1020,16,1955.2
2026-08-04,P1020,15,1833.0
2026-08-05,P1020,14,1710.8
2026-08-06,P1020,20,2444.0
2026-08-07,P1020,21,2566.2
2026-08-08,P1020,25,3055.0
2026-08-09,P1020,27,3299.4
2026-08-10,P1020,13,1588.6
2026-08-11,P1020,17,2077.4
2026-08-12,P1020,21,2566.2
2026-08-13,P1020,22,2688.4
2026-08-14,P1020,17,2077.4
2026-08-15,P1020,32,3910.4
2026-08-16,P1020,18,2199.6
2026-08-17,P1020,18,2199.6
2026-08-18,P1020,17,2077.4
2026-08-19,P1020,22,2688.4
2026-08-20,P1020,15,1833.0
2026-08-21,P1020,20,2444.0
2026-08-22,P1020,13,1588.6
2026-08-23,P1020,24,2932.8
2026-08-24,P1020,12,1466.4
2026-08-25,P1020,18,2199.6
2026-08-26,P1020,10,1222.0
2026-08-27,P1020,14,1710.8
2026-08-28,P1020,15,1833.0
2026-08-29,P1020,11,1344.2
2026-08-30,P1020,13,1588.6
2026-08-31,P1020,9,1099.8
2026-09-01,P1020,27,3299.4
2026-09-02,P1020,9,1099.8
2026-09-03,P1020,12,1466.4
2026-03-08,P1021,19,11087.83
2026-03-09,P1021,10,5835.7
2026-03-10,P1021,6,3501.42
2026-03-11,P1021,8,4668.56
2026-03-12,P1021,7,4084.99
2026-03-13,P1021,12,7002.84
2026-03-14,P1021,19,11087.83
2026-03-15,P1021,12,7002.84
2026-03-16,P1021,3,1750.71
2026-03-17,P1021,11,6419.27
2026-03-18,P1021,11,6419.27
2026-03-19,P1021,11,6419.27
2026-03-20,P1021,5,2917.85
2026-03-21,P1021,13,7586.41
2026-03-22,P1021,13,7586.41
2026-03-23,P1021,6,3501.42
2026-03-24,P1021,6,3501.42
2026-03-25,P1021,10,5835.7
2026-03-26,P1021,4,2334.28
2026-03-27,P1021,9,5252.13
2026-03-28,P1021,11,6419.27
2026-03-29,P1021,6,3501.42
2026-03-30,P1021,9,5252.13
2026-03-31,P1021,6,3501.42
2026-04-01,P1021,7,4084.99
2026-04-02,P1021,2,1167.14
2026-04-03,P1021,7,4084.99
2026-04-04,P1021,12,7002.84
2026-04-05,P1021,12,7002.84
2026-04-06,P1021,11,6419.27
2026-04-07,P1021,4,2334.28
2026-04-08,P1021,12,7002.84
2026-04-09,P1021,3,1750.71
2026-04-10,P1021,4,2334.28
2026-04-11,P1021,10,5835.7
2026-04-12,P1021,11,6419.27
2026-04-13,P1021,12,7002.84
2026-04-14,P1021,10,5835.7
2026-04-15,P1021,13,7586.41
2026-04-16,P1021,11,6419.27
2026-04-17,P1021,11,6419.27
2026-04-18,P1021,16,9337.12
2026-04-19,P1021,6,3501.42
2026-04-20,P1021,13,7586.41
2026-04-21,P1021,7,4084.99
2026-04-22,P1021,11,6419.27
2026-04-23,P1021,5,2917.85
2026-04-24,P1021,7,4084.99
2026-04-25,P1021,6,3501.42
2026-04-26,P1021,8,4668.56
2026-04-27,P1021,5,2917.85
2026-04-28,P1021,9,5252.13
2026-04-29,P1021,10,5835.7
2026-04-30,P1021,6,3501.42
2026-05-01,P1021,9,5252.13
2026-05-02,P1021,10,5835.7
2026-05-03,P1021,13,7586.41
2026-05-04,P1021,5,2917.85
2026-05-05,P1021,7,4084.99
2026-05-06,P1021,4,2334.28
2026-05-07,P1021,1,583.57
2026-05-08,P1021,9,5252.13
2026-05-09,P1021,17,9920.69
2026-05-10,P1021,14,8169.98
2026-05-11,P1021,11,6419.27
2026-05-12,P1021,9,5252.13
2026-05-13,P1021,12,7002.84
2026-05-14,P1021,12,7002.84
2026-05-15,P1021,13,7586.41
2026-05-16,P1021,12,7002.84
2026-05-17,P1021,9,5252.13
2026-05-18,P1021,10,5835.7
2026-05-19,P1021,16,9337.12
2026-05-20,P1021,7,4084.99
2026-05-21,P1021,10,5835.7
2026-05-22,P1021,5,2917.85
2026-05-23,P1021,11,6419.27
2026-05-24,P1021,8,4668.56
2026-05-25,P1021,11,6419.27
2026-05-26,P1021,6,3501.42
2026-05-27,P1021,10,5835.7
2026-05-28,P1021,18,10504.26
2026-05-29,P1021,12,7002.84
2026-05-30,P1021,14,8169.98
2026-05-31,P1021,11,6419.27
2026-06-01,P1021,10,5835.7
2026-06-02,P1021,6,3501.42
2026-06-03,P1021,9,5252.13
2026-06-04,P1021,5,2917.85
2026-06-05,P1021,4,2334.28
2026-06-06,P1021,11,6419.27
2026-06-07,P1021,13,7586.41
2026-06-08,P1021,6,3501.42
2026-06-09,P1021,3,1750.71
2026-06-10,P1021,8,4668.56
2026-06-11,P1021,10,5835.7
2026-06-12,P1021,6,3501.42
2026-06-13,P1021,6,3501.42
2026-06-14,P1021,9,5252.13
2026-06-15,P1021,10,5835.7
2026-06-16,P1021,12,7002.84
2026-06-17,P1021,10,5835.7
2026-06-18,P1021,8,4668.56
2026-06-19,P1021,7,4084.99
2026-06-20,P1021,9,5252.13
2026-06-21,P1021,15,8753.55
2026-06-22,P1021,5,2917.85
2026-06-23,P1021,16,9337.12
2026-06-24,P1021,3,1750.71
2026-06-25,P1021,10,5835.7
2026-06-26,P1021,8,4668.56
2026-06-27,P1021,10,5835.7
2026-06-28,P1021,10,5835.7
2026-06-29,P1021,8,4668.56
2026-06-30,P1021,4,2334.28
2026-07-01,P1021,7,4084.99
2026-07-02,P1021,8,4668.56
2026-07-03,P1021,8,4668.56
2026-07-04,P1021,18,10504.26
2026-07-05,P1021,11,6419.27
2026-07-06,P1021,8,4668.56
2026-07-07,P1021,11,6419.27
2026-07-08,P1021,5,2917.85
2026-07-09,P1021,5,2917.85
2026-07-10,P1021,11,6419.27
2026-07-11,P1021,12,7002.84
2026-07-12,P1021,17,9920.69
2026-07-13,P1021,13,7586.41
2026-07-14,P1021,9,5252.13
2026-07-15,P1021,8,4668.56
2026-07-16,P1021,13,7586.41
2026-07-17,P1021,11,6419.27
2026-07-18,P1021,17,9920.69
2026-07-19,P1021,14,8169.98
2026-07-20,P1021,7,4084.99
2026-07-21,P1021,8,4668.56
2026-07-22,P1021,10,5835.7
2026-07-23,P1021,12,7002.84
2026-07-24,P1021,4,2334.28
2026-07-25,P1021,10,5835.7
2026-07-26,P1021,6,3501.42
2026-07-27,P1021,7,4084.99
2026-07-28,P1021,12,7002.84
2026-07-29,P1021,6,3501.42
2026-07-30,P1021,8,4668.56
2026-07-31,P1021,7,4084.99
2026-08-01,P1021,11,6419.27
2026-08-02,P1021,9,5252.13
2026-08-03,P1021,14,8169.98
2026-08-04,P1021,11,6419.27
2026-08-05,P1021,9,5252.13
2026-08-06,P1021,11,6419.27
2026-08-07,P1021,7,4084.99
2026-08-08,P1021,15,8753.55
2026-08-09,P1021,11,6419.27
2026-08-10,P1021,13,7586.41
2026-08-11,P1021,8,4668.56
2026-08-12,P1021,10,5835.7
2026-08-13,P1021,8,4668.56
2026-08-14,P1021,13,7586.41
2026-08-15,P1021,6,3501.42
2026-08-16,P1021,7,4084.99
2026-08-17,P1021,11,6419.27
2026-08-18,P1021,6,3501.42
2026-08-19,P1021,11,6419.27
2026-08-20,P1021,6,3501.42
2026-08-21,P1021,9,5252.13
2026-08-22,P1021,17,9920.69
2026-08-23,P1021,9,5252.13
2026-08-24,P1021,6,3501.42
2026-08-25,P1021,10,5835.7
2026-08-26,P1021,5,2917.85
2026-08-27,P1021,6,3501.42
2026-08-28,P1021,11,6419.27
2026-08-29,P1021,8,4668.56
2026-08-30,P1021,11,6419.27
2026-08-31,P1021,5,2917.85
2026-09-01,P1021,6,3501.42
2026-09-02,P1021,9,5252.13
2026-09-03,P1021,11,6419.27
2026-03-08,P1022,6,54850.86
2026-03-09,P1022,5,45709.05
2026-03-10,P1022,4,36567.24
2026-03-11,P1022,4,36567.24
2026-03-12,P1022,8,73134.48
2026-03-13,P1022,4,36567.24
2026-03-14,P1022,8,73134.48
2026-03-15,P1022,11,100559.91
2026-03-16,P1022,3,27425.43
2026-03-17,P1022,8,73134.48
2026-03-18,P1022,6,54850.86
2026-03-19,P1022,4,36567.24
2026-03-20,P1022,4,36567.24
2026-03-21,P1022,4,36567.24
2026-03-22,P1022,11,100559.91
2026-03-23,P1022,6,54850.86
2026-03-24,P1022,4,36567.24
2026-03-25,P1022,4,36567.24
2026-03-26,P1022,4,36567.24
2026-03-27,P1022,3,27425.43
2026-03-28,P1022,3,27425.43
2026-03-29,P1022,7,63992.67
2026-03-30,P1022,5,45709.05
2026-03-31,P1022,4,36567.24
2026-04-01,P1022,3,27425.43
2026-04-02,P1022,2,18283.62
2026-04-03,P1022,2,18283.62
2026-04-04,P1022,5,45709.05
2026-04-05,P1022,11,100559.91
2026-04-06,P1022,6,54850.86
2026-04-07,P1022,1,9141.81
2026-04-08,P1022,3,27425.43
2026-04-09,P1022,2,18283.62
2026-04-10,P1022,3,27425.43
2026-04-11,P1022,7,63992.67
2026-04-12,P1022,6,54850.86
2026-04-13,P1022,6,54850.86
2026-04-14,P1022,7,63992.67
2026-04-15,P1022,3,27425.43
2026-04-16,P1022,5,45709.05
2026-04-17,P1022,3,27425.43
2026-04-18,P1022,13,118843.53
2026-04-19,P1022,1,9141.81
2026-04-20,P1022,6,54850.86
2026-04-22,P1022,4,36567.24
2026-04-23,P1022,1,9141.81
2026-04-24,P1022,2,18283.62
2026-04-25,P1022,5,45709.05
2026-04-26,P1022,3,27425.43
2026-04-27,P1022,4,36567.24
2026-04-28,P1022,2,18283.62
2026-04-29,P1022,4,36567.24
2026-04-30,P1022,2,18283.62
2026-05-01,P1022,3,27425.43
2026-05-02,P1022,4,36567.24
2026-05-03,P1022,3,27425.43
2026-05-04,P1022,1,9141.81
2026-05-05,P1022,3,27425.43
2026-05-06,P1022,1,9141.81
2026-05-07,P1022,5,45709.05
2026-05-08,P1022,4,36567.24
2026-05-09,P1022,8,73134.48
2026-05-10,P1022,5,45709.05
2026-05-11,P1022,5,45709.05
2026-05-12,P1022,6,54850.86
2026-05-13,P1022,4,36567.24
2026-05-14,P1022,6,54850.86
2026-05-15,P1022,7,63992.67
2026-05-16,P1022,7,63992.67
2026-05-17,P1022,7,63992.67
2026-05-18,P1022,8,73134.48
2026-05-19,P1022,6,54850.86
2026-05-20,P1022,3,27425.43
2026-05-21,P1022,7,63992.67
2026-05-22,P1022,4,36567.24
2026-05-23,P1022,7,63992.67
2026-05-24,P1022,4,36567.24
2026-05-25,P1022,3,27425.43
2026-05-26,P1022,6,54850.86
2026-05-27,P1022,1,9141.81
2026-05-28,P1022,1,9141.81
2026-05-29,P1022,3,27425.43
2026-05-30,P1022,4,36567.24
2026-05-31,P1022,5,45709.05
2026-06-01,P1022,3,27425.43
2026-06-02,P1022,5,45709.05
2026-06-03,P1022,3,27425.43
2026-06-04,P1022,5,45709.05
2026-06-05,P1022,8,73134.48
2026-06-06,P1022,4,36567.24
2026-06-07,P1022,3,27425.43
2026-06-08,P1022,7,63992.67
2026-06-09,P1022,5,45709.05
2026-06-10,P1022,4,36567.24
2026-06-11,P1022,6,54850.86
2026-06-12,P1022,3,27425.43
2026-06-13,P1022,5,45709.05
2026-06-14,P1022,9,82276.29
2026-06-15,P1022,6,54850.86
2026-06-16,P1022,7,63992.67
2026-06-17,P1022,6,54850.86
2026-06-18,P1022,7,63992.67
2026-06-19,P1022,4,36567.24
2026-06-20,P1022,9,82276.29
2026-06-21,P1022,7,63992.67
2026-06-22,P1022,8,73134.48
2026-06-23,P1022,4,36567.24
2026-06-24,P1022,5,45709.05
2026-06-25,P1022,3,27425.43
2026-06-26,P1022,5,45709.05
2026-06-27,P1022,6,54850.86
2026-06-28,P1022,7,63992.67
2026-06-29,P1022,3,27425.43
2026-06-30,P1022,8,73134.48
2026-07-01,P1022,6,54850.86
2026-07-02,P1022,6,54850.86
2026-07-03,P1022,1,9141.81
2026-07-04,P1022,5,45709.05
2026-07-05,P1022,7,63992.67
2026-07-06,P1022,2,18283.62
2026-07-07,P1022,5,45709.05
2026-07-08,P1022,4,36567.24
2026-07-09,P1022,9,82276.29
2026-07-10,P1022,3,27425.43
2026-07-11,P1022,5,45709.05
2026-07-12,P1022,8,73134.48
2026-07-13,P1022,4,36567.24
2026-07-14,P1022,8,73134.48
2026-07-15,P1022,5,45709.05
2026-07-16,P1022,3,27425.43
2026-07-17,P1022,10,91418.1
2026-07-18,P1022,10,91418.1
2026-07-19,P1022,10,91418.1
2026-07-20,P1022,8,73134.48
2026-07-21,P1022,6,54850.86
2026-07-22,P1022,3,27425.43
2026-07-23,P1022,1,9141.81
2026-07-24,P1022,7,63992.67
2026-07-25,P1022,6,54850.86
2026-07-26,P1022,2,18283.62
2026-07-27,P1022,8,73134.48
2026-07-28,P1022,6,54850.86
2026-07-29,P1022,2,18283.62
2026-07-30,P1022,4,36567.24
2026-07-31,P1022,5,45709.05
2026-08-02,P1022,8,73134.48
2026-08-03,P1022,5,45709.05
2026-08-04,P1022,8,73134.48
2026-08-05,P1022,3,27425.43
2026-08-06,P1022,4,36567.24
2026-08-07,P1022,7,63992.67
2026-08-08,P1022,8,73134.48
2026-08-09,P1022,14,127985.34
2026-08-10,P1022,4,36567.24
2026-08-11,P1022,6,54850.86
2026-08-12,P1022,5,45709.05
2026-08-13,P1022,6,54850.86
2026-08-14,P1022,6,54850.86
2026-08-15,P1022,12,109701.72
2026-08-16,P1022,9,82276.29
2026-08-17,P1022,3,27425.43
2026-08-18,P1022,4,36567.24
2026-08-19,P1022,4,36567.24
2026-08-20,P1022,5,45709.05
2026-08-21,P1022,6,54850.86
2026-08-22,P1022,5,45709.05
2026-08-23,P1022,7,63992.67
2026-08-24,P1022,8,73134.48
2026-08-25,P1022,2,18283.62
2026-08-26,P1022,3,27425.43
2026-08-27,P1022,5,45709.05
2026-08-28,P1022,7,63992.67
2026-08-29,P1022,8,73134.48
2026-08-30,P1022,7,63992.67
2026-08-31,P1022,2,18283.62
2026-09-01,P1022,5,45709.05
2026-09-02,P1022,3,27425.43
2026-09-03,P1022,2,18283.62
2026-03-08,P1023,12,
2026-03-09,P1023,10,
2026-03-10,P1023,8,
2026-03-11,P1023,9,
2026-03-12,P1023,8,
2026-03-13,P1023,9,
2026-03-14,P1023,15,
2026-03-15,P1023,10,
2026-03-16,P1023,8,
2026-03-17,P1023,12,
2026-03-18,P1023,11,
2026-03-19,P1023,12,
2026-03-20,P1023,11,
2026-03-21,P1023,15,
2026-03-22,P1023,12,
2026-03-23,P1023,3,
2026-03-24,P1023,6,
2026-03-25,P1023,8,
2026-03-26,P1023,9,
2026-03-27,P1023,3,
2026-03-28,P1023,8,
2026-03-29,P1023,4,
2026-03-30,P1023,8,
2026-03-31,P1023,7,
2026-04-01,P1023,5,
2026-04-02,P1023,8,
2026-04-03,P1023,6,
2026-04-04,P1023,14,
2026-04-05,P1023,11,
2026-04-06,P1023,13,
2026-04-07,P1023,6,
2026-04-08,P1023,4,
2026-04-09,P1023,11,
2026-04-10,P1023,12,
2026-04-11,P1023,14,
2026-04-12,P1023,18,
2026-04-13,P1023,14,
2026-04-14,P1023,18,
2026-04-15,P1023,13,
2026-04-16,P1023,19,
2026-04-17,P1023,19,
2026-04-18,P1023,12,
2026-04-19,P1023,14,
2026-04-20,P1023,10,
2026-04-21,P1023,16,
2026-04-22,P1023,10,
2026-04-23,P1023,9,
2026-04-24,P1023,5,
2026-04-25,P1023,9,
2026-04-26,P1023,8,
2026-04-27,P1023,10,
2026-04-28,P1023,5,
2026-04-29,P1023,10,
2026-04-30,P1023,12,
2026-05-01,P1023,10,
2026-05-02,P1023,11,
2026-05-03,P1023,11,
2026-05-04,P1023,9,
2026-05-05,P1023,8,
2026-05-06,P1023,8,
2026-05-07,P1023,9,
2026-05-08,P1023,11,
2026-05-09,P1023,15,
2026-05-10,P1023,13,
2026-05-11,P1023,10,
2026-05-12,P1023,10,
2026-05-13,P1023,6,
2026-05-14,P1023,13,
2026-05-15,P1023,11,
2026-05-16,P1023,21,
2026-05-17,P1023,14,
2026-05-18,P1023,11,
2026-05-19,P1023,10,
2026-05-20,P1023,10,
2026-05-21,P1023,9,
2026-05-22,P1023,15,
2026-05-23,P1023,11,
2026-05-24,P1023,8,
2026-05-25,P1023,12,
2026-05-26,P1023,12,
2026-05-27,P1023,12,
2026-05-28,P1023,8,
2026-05-29,P1023,6,
2026-05-30,P1023,9,
2026-05-31,P1023,10,
2026-06-01,P1023,8,
2026-06-02,P1023,7,
2026-06-03,P1023,8,
2026-06-04,P1023,16,
2026-06-05,P1023,6,
2026-06-06,P1023,15,
2026-06-07,P1023,13,
2026-06-08,P1023,14,
2026-06-09,P1023,8,
2026-06-10,P1023,11,
2026-06-11,P1023,13,
2026-06-12,P1023,11,
2026-06-13,P1023,20,
2026-06-14,P1023,16,
2026-06-15,P1023,11,
2026-06-16,P1023,5,
2026-06-17,P1023,11,
2026-06-18,P1023,9,
2026-06-19,P1023,5,
2026-06-20,P1023,12,
2026-06-21,P1023,17,
2026-06-22,P1023,11,
2026-06-23,P1023,7,
2026-06-24,P1023,11,
2026-06-25,P1023,11,
2026-06-26,P1023,7,
2026-06-27,P1023,10,
2026-06-28,P1023,10,
2026-06-29,P1023,7,
2026-06-30,P1023,5,
2026-07-01,P1023,3,
2026-07-02,P1023,6,
2026-07-03,P1023,8,
2026-07-04,P1023,7,
2026-07-05,P1023,13,
2026-07-06,P1023,10,
2026-07-07,P1023,12,
2026-07-08,P1023,22,
2026-07-09,P1023,17,
2026-07-10,P1023,16,
2026-07-11,P1023,26,
2026-07-12,P1023,16,
2026-07-13,P1023,23,
2026-07-14,P1023,13,
2026-07-15,P1023,11,
2026-07-16,P1023,11,
2026-07-17,P1023,25,
2026-07-18,P1023,6,
2026-07-19,P1023,15,
2026-07-20,P1023,10,
2026-07-21,P1023,14,
2026-07-22,P1023,10,
2026-07-23,P1023,12,
2026-07-24,P1023,7,
2026-07-25,P1023,10,
2026-07-26,P1023,10,
2026-07-27,P1023,11,
2026-07-28,P1023,8,
2026-07-29,P1023,2,
2026-07-30,P1023,4,
2026-07-31,P1023,7,
2026-08-01,P1023,9,
2026-08-02,P1023,19,
2026-08-03,P1023,9,
2026-08-04,P1023,4,
2026-08-05,P1023,7,
2026-08-06,P1023,8,
2026-08-07,P1023,16,
2026-08-08,P1023,16,
2026-08-09,P1023,13,
2026-08-10,P1023,23,
2026-08-11,P1023,12,
2026-08-12,P1023,16,
2026-08-13,P1023,14,
2026-08-14,P1023,10,
2026-08-15,P1023,17,
2026-08-16,P1023,18,
2026-08-17,P1023,10,
2026-08-18,P1023,17,
2026-08-19,P1023,12,
2026-08-20,P1023,16,
2026-08-21,P1023,9,
2026-08-22,P1023,5,
2026-08-23,P1023,7,
2026-08-24,P1023,8,
2026-08-25,P1023,7,
2026-08-26,P1023,11,
2026-08-27,P1023,8,
2026-08-28,P1023,9,
2026-08-29,P1023,4,
2026-08-30,P1023,10,
2026-08-31,P1023,13,
2026-09-01,P1023,10,
2026-09-02,P1023,11,
2026-09-03,P1023,9,
2026-03-08,P1024,27,396630.27
2026-03-09,P1024,13,190970.13
2026-03-10,P1024,16,235040.16
2026-03-11,P1024,14,205660.14
2026-03-12,P1024,19,279110.19
2026-03-13,P1024,27,396630.27
2026-03-14,P1024,32,470080.32
2026-03-15,P1024,23,337870.23
2026-03-16,P1024,22,323180.22
2026-03-17,P1024,22,323180.22
2026-03-18,P1024,13,190970.13
2026-03-19,P1024,13,190970.13
2026-03-20,P1024,12,176280.12
2026-03-21,P1024,24,352560.24
2026-03-22,P1024,17,249730.17
2026-03-23,P1024,19,279110.19
2026-03-24,P1024,17,249730.17
2026-03-25,P1024,16,235040.16
2026-03-26,P1024,19,279110.19
2026-03-27,P1024,14,205660.14
2026-03-28,P1024,15,220350.15
2026-03-29,P1024,12,176280.12
2026-03-30,P1024,17,249730.17
2026-03-31,P1024,7,102830.07
2026-04-01,P1024,12,176280.12
2026-04-02,P1024,5,73450.05
2026-04-03,P1024,14,205660.14
2026-04-04,P1024,20,293800.2
2026-04-05,P1024,13,190970.13
2026-04-06,P1024,12,176280.12
2026-04-07,P1024,16,235040.16
2026-04-08,P1024,14,205660.14
2026-04-09,P1024,20,293800.2
2026-04-10,P1024,18,264420.18
2026-04-11,P1024,27,396630.27
2026-04-12,P1024,33,484770.33
2026-04-13,P1024,17,249730.17
2026-04-14,P1024,20,293800.2
2026-04-15,P1024,22,323180.22
2026-04-16,P1024,22,323180.22
2026-04-17,P1024,22,323180.22
2026-04-18,P1024,26,381940.26
2026-04-19,P1024,19,279110.19
2026-04-20,P1024,21,308490.21
2026-04-21,P1024,12,176280.12
2026-04-22,P1024,15,220350.15
2026-04-23,P1024,14,205660.14
2026-04-24,P1024,11,161590.11
2026-04-25,P1024,26,381940.26
2026-04-26,P1024,15,220350.15
2026-04-27,P1024,11,161590.11
2026-04-28,P1024,10,146900.1
2026-04-29,P1024,11,161590.11
2026-04-30,P1024,9,132210.09
2026-05-01,P1024,9,132210.09
2026-05-02,P1024,18,264420.18
2026-05-03,P1024,14,205660.14
2026-05-04,P1024,12,176280.12
2026-05-05,P1024,7,102830.07
2026-05-06,P1024,18,264420.18
2026-05-07,P1024,19,279110.19
2026-05-08,P1024,20,293800.2
2026-05-09,P1024,27,396630.27
2026-05-10,P1024,26,381940.26
2026-05-11,P1024,23,337870.23
2026-05-12,P1024,20,293800.2
2026-05-13,P1024,25,367250.25
2026-05-14,P1024,28,411320.28
2026-05-15,P1024,20,293800.2
2026-05-16,P1024,29,426010.29
2026-05-17,P1024,23,337870.23
2026-05-18,P1024,19,279110.19
2026-05-19,P1024,15,220350.15
2026-05-20,P1024,17,249730.17
2026-05-21,P1024,16,235040.16
2026-05-22,P1024,17,249730.17
2026-05-23,P1024,22,323180.22
2026-05-24,P1024,14,205660.14
2026-05-25,P1024,11,161590.11
2026-05-26,P1024,11,161590.11
2026-05-27,P1024,9,132210.09
2026-05-28,P1024,16,235040.16
2026-05-29,P1024,7,102830.07
2026-05-30,P1024,14,205660.14
2026-05-31,P1024,13,190970.13
2026-06-01,P1024,12,176280.12
2026-06-02,P1024,9,132210.09
2026-06-03,P1024,14,205660.14
2026-06-04,P1024,17,249730.17
2026-06-05,P1024,15,220350.15
2026-06-06,P1024,17,249730.17
2026-06-07,P1024,31,455390.31
2026-06-08,P1024,20,293800.2
2026-06-09,P1024,10,146900.1
2026-06-10,P1024,16,235040.16
2026-06-11,P1024,20,293800.2
2026-06-12,P1024,25,367250.25
2026-06-13,P1024,22,323180.22
2026-06-14,P1024,18,264420.18
2026-06-15,P1024,14,205660.14
2026-06-16,P1024,22,323180.22
2026-06-17,P1024,18,264420.18
2026-06-18,P1024,22,323180.22
2026-06-19,P1024,17,249730.17
2026-06-20,P1024,32,470080.32
2026-06-21,P1024,21,308490.21
2026-06-22,P1024,23,337870.23
2026-06-23,P1024,14,205660.14
2026-06-24,P1024,15,220350.15
2026-06-25,P1024,12,176280.12
2026-06-26,P1024,9,132210.09
2026-06-27,P1024,12,176280.12
2026-06-28,P1024,21,308490.21
2026-06-29,P1024,7,102830.07
2026-06-30,P1024,16,235040.16
2026-07-01,P1024,12,176280.12
2026-07-02,P1024,15,220350.15
2026-07-03,P1024,16,235040.16
2026-07-04,P1024,14,205660.14
2026-07-05,P1024,23,337870.23
2026-07-06,P1024,16,235040.16
2026-07-07,P1024,17,249730.17
2026-07-08,P1024,26,381940.26
2026-07-09,P1024,13,190970.13
2026-07-10,P1024,17,249730.17
2026-07-11,P1024,26,381940.26
2026-07-12,P1024,28,411320.28
2026-07-13,P1024,22,323180.22
2026-07-14,P1024,19,279110.19
2026-07-15,P1024,19,279110.19
2026-07-16,P1024,17,249730.17
2026-07-17,P1024,25,367250.25
2026-07-18,P1024,23,337870.23
2026-07-19,P1024,28,411320.28
2026-07-20,P1024,17,249730.17
2026-07-21,P1024,23,337870.23
2026-07-22,P1024,14,205660.14
2026-07-23,P1024,16,235040.16
2026-07-24,P1024,12,176280.12
2026-07-25,P1024,20,293800.2
2026-07-26,P1024,22,323180.22
2026-07-27,P1024,17,249730.17
2026-07-28,P1024,11,161590.11
2026-07-29,P1024,15,220350.15
2026-07-30,P1024,11,161590.11
2026-07-31,P1024,13,190970.13
2026-08-01,P1024,24,352560.24
2026-08-02,P1024,14,205660.14
2026-08-03,P1024,18,264420.18
2026-08-04,P1024,15,220350.15
2026-08-05,P1024,15,220350.15
2026-08-06,P1024,20,293800.2
2026-08-07,P1024,22,323180.22
2026-08-08,P1024,25,367250.25
2026-08-09,P1024,22,323180.22
2026-08-10,P1024,15,220350.15
2026-08-11,P1024,26,381940.26
2026-08-12,P1024,27,396630.27
2026-08-13,P1024,38,558220.38
2026-08-14,P1024,16,235040.16
2026-08-15,P1024,27,396630.27
2026-08-16,P1024,27,396630.27
2026-08-17,P1024,32,470080.32
2026-08-18,P1024,13,190970.13
2026-08-19,P1024,11,161590.11
2026-08-20,P1024,19,279110.19
2026-08-21,P1024,18,264420.18
2026-08-22,P1024,25,367250.25
2026-08-23,P1024,25,367250.25
2026-08-24,P1024,16,235040.16
2026-08-25,P1024,13,190970.13
2026-08-26,P1024,14,205660.14
2026-08-27,P1024,14,205660.14
2026-08-28,P1024,6,88140.06
2026-08-29,P1024,17,249730.17
2026-08-30,P1024,13,190970.13
2026-08-31,P1024,14,205660.14
2026-09-01,P1024,25,367250.25
2026-09-02,P1024,19,279110.19
2026-09-03,P1024,17,249730.17
2026-03-08,P1025,10,115472.1
2026-03-09,P1025,11,127019.31
2026-03-10,P1025,11,127019.31
2026-03-11,P1025,10,115472.1
2026-03-12,P1025,16,184755.36
2026-03-13,P1025,6,69283.26
2026-03-14,P1025,21,242491.41
2026-03-15,P1025,17,196302.57
2026-03-16,P1025,18,207849.78
2026-03-17,P1025,16,184755.36
2026-03-18,P1025,17,196302.57
2026-03-19,P1025,12,138566.52
2026-03-20,P1025,13,150113.73
2026-03-21,P1025,25,288680.25
2026-03-22,P1025,18,207849.78
2026-03-23,P1025,13,150113.73
2026-03-24,P1025,7,80830.47
2026-03-25,P1025,3,34641.63
2026-03-26,P1025,4,46188.84
2026-03-27,P1025,10,115472.1
2026-03-28,P1025,5,57736.05
2026-03-29,P1025,11,127019.31
2026-03-30,P1025,6,69283.26
2026-03-31,P1025,4,46188.84
2026-04-01,P1025,13,150113.73
2026-04-02,P1025,6,69283.26
2026-04-03,P1025,7,80830.47
2026-04-04,P1025,18,207849.78
2026-04-05,P1025,14,161660.94
2026-04-06,P1025,8,92377.68
2026-04-07,P1025,6,69283.26
2026-04-08,P1025,7,80830.47
2026-04-09,P1025,14,161660.94
2026-04-10,P1025,14,161660.94
2026-04-11,P1025,16,184755.36
2026-04-12,P1025,16,184755.36
2026-04-13,P1025,9,103924.89
2026-04-14,P1025,14,161660.94
2026-04-15,P1025,9,103924.89
2026-04-16,P1025,14,161660.94
2026-04-17,P1025,12,138566.52
2026-04-18,P1025,12,138566.52
2026-04-19,P1025,19,219396.99
2026-04-20,P1025,11,127019.31
2026-04-21,P1025,12,138566.52
2026-04-22,P1025,6,69283.26
2026-04-23,P1025,11,127019.31
2026-04-24,P1025,6,69283.26
2026-04-25,P1025,12,138566.52
2026-04-26,P1025,12,138566.52
2026-04-27,P1025,2,23094.42
2026-04-28,P1025,8,92377.68
2026-04-29,P1025,7,80830.47
2026-04-30,P1025,11,127019.31
2026-05-01,P1025,11,127019.31
2026-05-02,P1025,14,161660.94
2026-05-03,P1025,7,80830.47
2026-05-04,P1025,13,150113.73
2026-05-05,P1025,5,57736.05
2026-05-06,P1025,6,69283.26
2026-05-07,P1025,11,127019.31
2026-05-08,P1025,9,103924.89
2026-05-09,P1025,13,150113.73
2026-05-10,P1025,21,242491.41
2026-05-11,P1025,8,92377.68
2026-05-12,P1025,21,242491.41
2026-05-13,P1025,11,127019.31
2026-05-14,P1025,11,127019.31
2026-05-15,P1025,14,161660.94
2026-05-16,P1025,14,161660.94
2026-05-17,P1025,14,161660.94
2026-05-18,P1025,14,161660.94
2026-05-19,P1025,15,173208.15
2026-05-20,P1025,17,196302.57
2026-05-21,P1025,8,92377.68
2026-05-22,P1025,16,184755.36
2026-05-23,P1025,13,150113.73
2026-05-24,P1025,13,150113.73
2026-05-25,P1025,15,173208.15
2026-05-26,P1025,13,150113.73
2026-05-27,P1025,7,80830.47
2026-05-28,P1025,6,69283.26
2026-05-29,P1025,10,115472.1
2026-05-30,P1025,11,127019.31
2026-05-31,P1025,12,138566.52
2026-06-01,P1025,11,127019.31
2026-06-02,P1025,13,150113.73
2026-06-03,P1025,8,92377.68
2026-06-04,P1025,11,127019.31
2026-06-05,P1025,7,80830.47
2026-06-06,P1025,9,103924.89
2026-06-07,P1025,24,277133.04
2026-06-08,P1025,17,196302.57
2026-06-09,P1025,23,265585.83
2026-06-10,P1025,15,173208.15
2026-06-11,P1025,14,161660.94
2026-06-12,P1025,24,277133.04
2026-06-13,P1025,21,242491.41
2026-06-14,P1025,26,300227.46
2026-06-15,P1025,9,103924.89
2026-06-16,P1025,15,173208.15
2026-06-17,P1025,11,127019.31
2026-06-18,P1025,12,138566.52
2026-06-19,P1025,15,173208.15
2026-06-20,P1025,12,138566.52
2026-06-21,P1025,14,161660.94
2026-06-22,P1025,11,127019.31
2026-06-23,P1025,7,80830.47
2026-06-24,P1025,9,103924.89
2026-06-25,P1025,12,138566.52
2026-06-26,P1025,8,92377.68
2026-06-27,P1025,7,80830.47
2026-06-28,P1025,13,150113.73
2026-06-29,P1025,4,46188.84
2026-06-30,P1025,12,138566.52
2026-07-01,P1025,5,57736.05
2026-07-02,P1025,11,127019.31
2026-07-03,P1025,10,115472.1
2026-07-04,P1025,14,161660.94
2026-07-05,P1025,19,219396.99
2026-07-06,P1025,17,196302.57
2026-07-07,P1025,12,138566.52
2026-07-08,P1025,11,127019.31
2026-07-09,P1025,13,150113.73
2026-07-10,P1025,12,138566.52
2026-07-11,P1025,23,265585.83
2026-07-12,P1025,22,254038.62
2026-07-13,P1025,12,138566.52
2026-07-14,P1025,16,184755.36
2026-07-15,P1025,18,207849.78
2026-07-16,P1025,11,127019.31
2026-07-17,P1025,27,311774.67
2026-07-18,P1025,16,184755.36
2026-07-19,P1025,16,184755.36
2026-07-20,P1025,21,242491.41
2026-07-21,P1025,9,103924.89
2026-07-22,P1025,7,80830.47
2026-07-23,P1025,8,92377.68
2026-07-24,P1025,11,127019.31
2026-07-25,P1025,8,92377.68
2026-07-26,P1025,21,242491.41
2026-07-27,P1025,9,103924.89
2026-07-28,P1025,10,115472.1
2026-07-29,P1025,14,161660.94
2026-07-30,P1025,14,161660.94
2026-07-31,P1025,6,69283.26
2026-08-01,P1025,20,230944.2
2026-08-02,P1025,13,150113.73
2026-08-03,P1025,11,127019.31
2026-08-04,P1025,10,115472.1
2026-08-05,P1025,12,138566.52
2026-08-06,P1025,17,196302.57
2026-08-07,P1025,17,196302.57
2026-08-08,P1025,24,277133.04
2026-08-09,P1025,10,115472.1
2026-08-10,P1025,10,115472.1
2026-08-11,P1025,16,184755.36
2026-08-12,P1025,18,207849.78
2026-08-13,P1025,19,219396.99
2026-08-14,P1025,15,173208.15
2026-08-15,P1025,29,334869.09
2026-08-16,P1025,25,288680.25
2026-08-17,P1025,13,150113.73
2026-08-18,P1025,9,103924.89
2026-08-19,P1025,10,115472.1
2026-08-20,P1025,15,173208.15
2026-08-21,P1025,6,69283.26
2026-08-22,P1025,15,173208.15
2026-08-23,P1025,10,115472.1
2026-08-24,P1025,10,115472.1
2026-08-25,P1025,10,115472.1
2026-08-26,P1025,9,103924.89
2026-08-27,P1025,17,196302.57
2026-08-28,P1025,14,161660.94
2026-08-29,P1025,14,161660.94
2026-08-30,P1025,12,138566.52
2026-08-31,P1025,6,69283.26
2026-09-01,P1025,16,184755.36
2026-09-02,P1025,13,150113.73
2026-09-03,P1025,14,161660.94
2026-03-08,P1026,12,197467.68
2026-03-09,P1026,15,246834.6
2026-03-10,P1026,19,312657.16
2026-03-11,P1026,14,230378.96
2026-03-12,P1026,18,296201.52
2026-03-13,P1026,22,362024.08
2026-03-14,P1026,23,378479.72
2026-03-15,P1026,21,345568.44
2026-03-16,P1026,22,362024.08
2026-03-17,P1026,18,296201.52
2026-03-18,P1026,9,148100.76
2026-03-19,P1026,10,164556.4
2026-03-20,P1026,14,230378.96
2026-03-21,P1026,11,181012.04
2026-03-22,P1026,20,329112.8
2026-03-23,P1026,15,246834.6
2026-03-24,P1026,18,296201.52
2026-03-25,P1026,19,312657.16
2026-03-26,P1026,13,213923.32
2026-03-27,P1026,11,181012.04
2026-03-28,P1026,14,230378.96
2026-03-29,P1026,6,98733.84
2026-03-30,P1026,10,164556.4
2026-03-31,P1026,12,197467.68
2026-04-01,P1026,16,263290.24
2026-04-02,P1026,9,148100.76
2026-04-03,P1026,14,230378.96
2026-04-04,P1026,13,213923.32
2026-04-05,P1026,12,197467.68
2026-04-06,P1026,7,115189.48
2026-04-07,P1026,10,164556.4
2026-04-08,P1026,15,246834.6
2026-04-09,P1026,27,444302.28
2026-04-10,P1026,14,230378.96
2026-04-11,P1026,27,444302.28
2026-04-12,P1026,17,279745.88
2026-04-13,P1026,18,296201.52
2026-04-14,P1026,18,296201.52
2026-04-15,P1026,16,263290.24
2026-04-16,P1026,15,246834.6
2026-04-17,P1026,15,246834.6
2026-04-18,P1026,14,230378.96
2026-04-19,P1026,24,394935.36
2026-04-20,P1026,14,230378.96
2026-04-21,P1026,16,263290.24
2026-04-22,P1026,17,279745.88
2026-04-23,P1026,14,230378.96
2026-04-24,P1026,10,164556.4
2026-04-25,P1026,14,230378.96
2026-04-26,P1026,18,296201.52
2026-04-27,P1026,9,148100.76
2026-04-28,P1026,17,279745.88
2026-04-29,P1026,17,279745.88
2026-04-30,P1026,11,181012.04
2026-05-01,P1026,18,296201.52
2026-05-02,P1026,16,263290.24
2026-05-03,P1026,15,246834.6
2026-05-04,P1026,12,197467.68
2026-05-05,P1026,15,246834.6
2026-05-06,P1026,8,131645.12
2026-05-07,P1026,16,263290.24
2026-05-08,P1026,13,213923.32
2026-05-09,P1026,28,460757.92
2026-05-10,P1026,23,378479.72
2026-05-11,P1026,21,345568.44
2026-05-12,P1026,17,279745.88
2026-05-13,P1026,11,181012.04
2026-05-14,P1026,23,378479.72
2026-05-15,P1026,22,362024.08
2026-05-16,P1026,38,625314.32
2026-05-17,P1026,19,312657.16
2026-05-18,P1026,13,213923.32
2026-05-19,P1026,13,213923.32
2026-05-20,P1026,20,329112.8
2026-05-21,P1026,20,329112.8
2026-05-22,P1026,14,230378.96
2026-05-23,P1026,14,230378.96
2026-05-24,P1026,20,329112.8
2026-05-25,P1026,12,197467.68
2026-05-26,P1026,7,115189.48
2026-05-27,P1026,11,181012.04
2026-05-28,P1026,17,279745.88
2026-05-29,P1026,10,164556.4
2026-05-30,P1026,20,329112.8
2026-05-31,P1026,16,263290.24
2026-06-01,P1026,12,197467.68
2026-06-02,P1026,18,296201.52
2026-06-03,P1026,15,246834.6
2026-06-04,P1026,7,115189.48
2026-06-05,P1026,15,246834.6
2026-06-06,P1026,23,378479.72
2026-06-07,P1026,23,378479.72
2026-06-08,P1026,15,246834.6
2026-06-09,P1026,11,181012.04
2026-06-10,P1026,16,263290.24
2026-06-11,P1026,20,329112.8
2026-06-12,P1026,28,460757.92
2026-06-13,P1026,23,378479.72
2026-06-14,P1026,27,444302.28
2026-06-15,P1026,23,378479.72
2026-06-16,P1026,22,362024.08
2026-06-17,P1026,23,378479.72
2026-06-18,P1026,24,394935.36
2026-06-19,P1026,13,213923.32
2026-06-20,P1026,24,394935.36
2026-06-21,P1026,19,312657.16
2026-06-22,P1026,28,460757.92
2026-06-23,P1026,15,246834.6
2026-06-24,P1026,16,263290.24
2026-06-25,P1026,17,279745.88
2026-06-26,P1026,17,279745.88
2026-06-27,P1026,18,296201.52
2026-06-28,P1026,13,213923.32
2026-06-29,P1026,21,345568.44
2026-06-30,P1026,11,181012.04
2026-07-01,P1026,18,296201.52
2026-07-02,P1026,11,181012.04
2026-07-03,P1026,15,246834.6
2026-07-04,P1026,20,329112.8
2026-07-05,P1026,23,378479.72
2026-07-06,P1026,19,312657.16
2026-07-07,P1026,16,263290.24
2026-07-08,P1026,20,329112.8
2026-07-09,P1026,12,197467.68
2026-07-10,P1026,22,362024.08
2026-07-11,P1026,22,362024.08
2026-07-12,P1026,29,477213.56
2026-07-13,P1026,14,230378.96
2026-07-14,P1026,21,345568.44
2026-07-15,P1026,16,263290.24
2026-07-16,P1026,21,345568.44
2026-07-17,P1026,25,411391.0
2026-07-18,P1026,14,230378.96
2026-07-19,P1026,22,362024.08
2026-07-20,P1026,20,329112.8
2026-07-21,P1026,20,329112.8
2026-07-22,P1026,17,279745.88
2026-07-23,P1026,11,181012.04
2026-07-24,P1026,15,246834.6
2026-07-25,P1026,18,296201.52
2026-07-26,P1026,19,312657.16
2026-07-27,P1026,15,246834.6
2026-07-28,P1026,7,115189.48
2026-07-29,P1026,15,246834.6
2026-07-30,P1026,11,181012.04
2026-07-31,P1026,9,148100.76
2026-08-01,P1026,26,427846.64
2026-08-02,P1026,21,345568.44
2026-08-03,P1026,13,213923.32
2026-08-04,P1026,19,312657.16
2026-08-05,P1026,14,230378.96
2026-08-06,P1026,29,477213.56
2026-08-07,P1026,13,213923.32
2026-08-08,P1026,18,296201.52
2026-08-09,P1026,31,510124.84
2026-08-10,P1026,19,312657.16
2026-08-11,P1026,16,263290.24
2026-08-12,P1026,24,394935.36
2026-08-13,P1026,18,296201.52
2026-08-14,P1026,28,460757.92
2026-08-15,P1026,30,493669.2
2026-08-16,P1026,25,411391.0
2026-08-17,P1026,21,345568.44
2026-08-18,P1026,18,296201.52
2026-08-19,P1026,19,312657.16
2026-08-20,P1026,18,296201.52
2026-08-21,P1026,13,213923.32
2026-08-22,P1026,19,312657.16
2026-08-23,P1026,18,296201.52
2026-08-24,P1026,12,197467.68
2026-08-25,P1026,15,246834.6
2026-08-26,P1026,14,230378.96
2026-08-27,P1026,15,246834.6
2026-08-28,P1026,7,115189.48
2026-08-29,P1026,18,296201.52
2026-08-30,P1026,11,181012.04
2026-08-31,P1026,22,362024.08
2026-09-01,P1026,11,181012.04
2026-09-02,P1026,18,296201.52
2026-09-03,P1026,15,246834.6
2026-03-08,P1027,13,95658.81
2026-03-09,P1027,10,73583.7
2026-03-10,P1027,15,110375.55
2026-03-11,P1027,11,80942.07
2026-03-12,P1027,6,44150.22
2026-03-13,P1027,11,80942.07
2026-03-14,P1027,7,51508.59
2026-03-15,P1027,16,117733.92
2026-03-16,P1027,9,66225.33
2026-03-17,P1027,11,80942.07
2026-03-18,P1027,15,110375.55
2026-03-19,P1027,16,117733.92
2026-03-20,P1027,8,58866.96
2026-03-21,P1027,10,73583.7
2026-03-22,P1027,17,125092.29
2026-03-23,P1027,13,95658.81
2026-03-24,P1027,15,110375.55
2026-03-25,P1027,2,14716.74
2026-03-26,P1027,10,73583.7
2026-03-27,P1027,4,29433.48
2026-03-28,P1027,5,36791.85
2026-03-29,P1027,8,58866.96
2026-03-30,P1027,4,29433.48
2026-03-31,P1027,7,51508.59
2026-04-01,P1027,2,14716.74
2026-04-02,P1027,8,58866.96
2026-04-03,P1027,6,44150.22
2026-04-04,P1027,7,51508.59
2026-04-05,P1027,10,73583.7
2026-04-06,P1027,9,66225.33
2026-04-07,P1027,11,80942.07
2026-04-08,P1027,8,58866.96
2026-04-09,P1027,13,95658.81
2026-04-10,P1027,6,44150.22
2026-04-11,P1027,21,154525.77
2026-04-12,P1027,17,125092.29
2026-04-13,P1027,15,110375.55
2026-04-14,P1027,13,95658.81
2026-04-15,P1027,21,154525.77
2026-04-16,P1027,16,117733.92
2026-04-17,P1027,15,110375.55
2026-04-18,P1027,22,161884.14
2026-04-19,P1027,15,110375.55
2026-04-20,P1027,14,103017.18
2026-04-21,P1027,15,110375.55
2026-04-22,P1027,10,73583.7
2026-04-23,P1027,11,80942.07
2026-04-24,P1027,6,44150.22
2026-04-25,P1027,11,80942.07
2026-04-26,P1027,10,73583.7
2026-04-27,P1027,8,58866.96
2026-04-28,P1027,8,58866.96
2026-04-29,P1027,4,29433.48
2026-04-30,P1027,8,58866.96
2026-05-01,P1027,5,36791.85
2026-05-02,P1027,4,29433.48
2026-05-03,P1027,7,51508.59
2026-05-04,P1027,8,58866.96
2026-05-05,P1027,5,36791.85
2026-05-06,P1027,7,51508.59
2026-05-07,P1027,8,58866.96
2026-05-08,P1027,16,117733.92
2026-05-09,P1027,16,117733.92
2026-05-10,P1027,12,88300.44
2026-05-11,P1027,12,88300.44
2026-05-12,P1027,12,88300.44
2026-05-13,P1027,9,66225.33
2026-05-14,P1027,12,88300.44
2026-05-15,P1027,13,95658.81
2026-05-16,P1027,17,125092.29
2026-05-17,P1027,19,139809.03
2026-05-18,P1027,13,95658.81
2026-05-19,P1027,8,58866.96
2026-05-20,P1027,10,73583.7
2026-05-21,P1027,10,73583.7
2026-05-22,P1027,5,36791.85
2026-05-23,P1027,13,95658.81
2026-05-24,P1027,5,36791.85
2026-05-25,P1027,7,51508.59
2026-05-26,P1027,5,36791.85
2026-05-27,P1027,5,36791.85
2026-05-28,P1027,4,29433.48
2026-05-29,P1027,7,51508.59
2026-05-30,P1027,10,73583.7
2026-05-31,P1027,5,36791.85
2026-06-01,P1027,10,73583.7
2026-06-02,P1027,5,36791.85
2026-06-03,P1027,7,51508.59
2026-06-04,P1027,8,58866.96
2026-06-05,P1027,8,58866.96
2026-06-06,P1027,8,58866.96
2026-06-07,P1027,13,95658.81
2026-06-08,P1027,4,29433.48
2026-06-09,P1027,6,44150.22
2026-06-10,P1027,13,95658.81
2026-06-11,P1027,16,117733.92
2026-06-12,P1027,15,110375.55
2026-06-13,P1027,19,139809.03
2026-06-14,P1027,23,169242.51
2026-06-15,P1027,21,154525.77
2026-06-16,P1027,16,117733.92
2026-06-17,P1027,9,66225.33
2026-06-18,P1027,10,73583.7
2026-06-19,P1027,7,51508.59
2026-06-20,P1027,19,139809.03
2026-06-21,P1027,16,117733.92
2026-06-22,P1027,8,58866.96
2026-06-23,P1027,11,80942.07
2026-06-24,P1027,5,36791.85
2026-06-25,P1027,14,103017.18
2026-06-26,P1027,9,66225.33
2026-06-27,P1027,9,66225.33
2026-06-28,P1027,6,44150.22
2026-06-29,P1027,4,29433.48
2026-06-30,P1027,5,36791.85
2026-07-01,P1027,3,22075.11
2026-07-02,P1027,5,36791.85
2026-07-03,P1027,10,73583.7
2026-07-04,P1027,10,73583.7
2026-07-05,P1027,16,117733.92
2026-07-06,P1027,7,51508.59
2026-07-07,P1027,10,73583.7
2026-07-08,P1027,13,95658.81
2026-07-09,P1027,11,80942.07
2026-07-10,P1027,17,125092.29
2026-07-11,P1027,16,117733.92
2026-07-12,P1027,19,139809.03
2026-07-13,P1027,14,103017.18
2026-07-14,P1027,16,117733.92
2026-07-15,P1027,7,51508.59
2026-07-16,P1027,16,117733.92
2026-07-17,P1027,13,95658.81
2026-07-18,P1027,17,125092.29
2026-07-19,P1027,20,147167.4
2026-07-20,P1027,15,110375.55
2026-07-21,P1027,13,95658.81
2026-07-22,P1027,8,58866.96
2026-07-23,P1027,10,73583.7
2026-07-24,P1027,8,58866.96
2026-07-25,P1027,6,44150.22
2026-07-26,P1027,6,44150.22
2026-07-27,P1027,6,44150.22
2026-07-28,P1027,8,58866.96
2026-07-29,P1027,11,80942.07
2026-07-30,P1027,7,51508.59
2026-07-31,P1027,4,29433.48
2026-08-01,P1027,14,103017.18
2026-08-02,P1027,14,103017.18
2026-08-03,P1027,12,88300.44
2026-08-04,P1027,11,80942.07
2026-08-05,P1027,13,95658.81
2026-08-06,P1027,3,22075.11
2026-08-07,P1027,6,44150.22
2026-08-08,P1027,18,132450.66
2026-08-09,P1027,24,176600.88
2026-08-10,P1027,13,95658.81
2026-08-11,P1027,13,95658.81
2026-08-12,P1027,11,80942.07
2026-08-13,P1027,13,95658.81
2026-08-14,P1027,12,88300.44
2026-08-15,P1027,20,147167.4
2026-08-16,P1027,13,95658.81
2026-08-17,P1027,10,73583.7
2026-08-18,P1027,10,73583.7
2026-08-19,P1027,4,29433.48
2026-08-20,P1027,5,36791.85
2026-08-21,P1027,12,88300.44
2026-08-22,P1027,11,80942.07
2026-08-23,P1027,10,73583.7
2026-08-24,P1027,7,51508.59
2026-08-25,P1027,10,73583.7
2026-08-26,P1027,8,58866.96
2026-08-27,P1027,6,44150.22
2026-08-28,P1027,4,29433.48
2026-08-29,P1027,9,66225.33
2026-08-30,P1027,8,58866.96
2026-08-31,P1027,8,58866.96
2026-09-01,P1027,3,22075.11
2026-09-02,P1027,12,88300.44
2026-09-03,P1027,4,29433.48
2026-03-08,P1028,16,52944.48
2026-03-09,P1028,12,39708.36
2026-03-10,P1028,20,66180.6
2026-03-11,P1028,13,43017.39
2026-03-12,P1028,14,46326.42
2026-03-13,P1028,18,59562.54
2026-03-14,P1028,19,62871.57
2026-03-15,P1028,17,56253.51
2026-03-16,P1028,23,76107.69
2026-03-17,P1028,22,72798.66
2026-03-18,P1028,12,39708.36
2026-03-19,P1028,12,39708.36
2026-03-20,P1028,13,43017.39
2026-03-21,P1028,17,56253.51
2026-03-22,P1028,15,49635.45
2026-03-23,P1028,10,33090.3
2026-03-24,P1028,16,52944.48
2026-03-25,P1028,10,33090.3
2026-03-26,P1028,5,16545.15
2026-03-27,P1028,13,43017.39
2026-03-28,P1028,15,49635.45
2026-03-29,P1028,13,43017.39
2026-03-30,P1028,8,26472.24
2026-03-31,P1028,10,33090.3
2026-04-01,P1028,5,16545.15
2026-04-02,P1028,6,19854.18
2026-04-03,P1028,12,39708.36
2026-04-04,P1028,15,49635.45
2026-04-05,P1028,17,56253.51
2026-04-06,P1028,17,56253.51
2026-04-07,P1028,14,46326.42
2026-04-08,P1028,9,29781.27
2026-04-09,P1028,10,33090.3
2026-04-10,P1028,15,49635.45
2026-04-11,P1028,27,89343.81
2026-04-12,P1028,19,62871.57
2026-04-13,P1028,18,59562.54
2026-04-14,P1028,14,46326.42
2026-04-15,P1028,16,52944.48
2026-04-16,P1028,23,76107.69
2026-04-17,P1028,18,59562.54
2026-04-18,P1028,13,43017.39
2026-04-19,P1028,16,52944.48
2026-04-20,P1028,16,52944.48
2026-04-21,P1028,10,33090.3
2026-04-22,P1028,11,36399.33
2026-04-23,P1028,18,59562.54
2026-04-24,P1028,6,19854.18
2026-04-25,P1028,7,23163.21
2026-04-26,P1028,12,39708.36
2026-04-28,P1028,8,26472.24
2026-04-29,P1028,8,26472.24
2026-04-30,P1028,6,19854.18
2026-05-01,P1028,9,29781.27
2026-05-02,P1028,15,49635.45
2026-05-03,P1028,8,26472.24
2026-05-04,P1028,15,49635.45
2026-05-05,P1028,7,23163.21
2026-05-06,P1028,11,36399.33
2026-05-07,P1028,9,29781.27
2026-05-08,P1028,23,76107.69
2026-05-09,P1028,23,76107.69
2026-05-10,P1028,25,82725.75
2026-05-11,P1028,12,39708.36
2026-05-12,P1028,16,52944.48
2026-05-13,P1028,12,39708.36
2026-05-14,P1028,18,59562.54
2026-05-15,P1028,14,46326.42
2026-05-16,P1028,22,72798.66
2026-05-17,P1028,21,69489.63
2026-05-18,P1028,12,39708.36
2026-05-19,P1028,22,72798.66
2026-05-20,P1028,11,36399.33
2026-05-21,P1028,12,39708.36
2026-05-22,P1028,14,46326.42
2026-05-23,P1028,15,49635.45
2026-05-24,P1028,9,29781.27
2026-05-25,P1028,11,36399.33
2026-05-26,P1028,9,29781.27
2026-05-27,P1028,14,46326.42
2026-05-28,P1028,5,16545.15
2026-05-29,P1028,5,16545.15
2026-05-30,P1028,10,33090.3
2026-05-31,P1028,11,36399.33
2026-06-01,P1028,11,36399.33
2026-06-02,P1028,7,23163.21
2026-06-03,P1028,9,29781.27
2026-06-04,P1028,11,36399.33
2026-06-05,P1028,18,59562.54
2026-06-06,P1028,14,46326.42
2026-06-07,P1028,17,56253.51
2026-06-08,P1028,21,69489.63
2026-06-09,P1028,13,43017.39
2026-06-10,P1028,19,62871.57
2026-06-11,P1028,15,49635.45
2026-06-12,P1028,14,46326.42
2026-06-13,P1028,29,95961.87
2026-06-14,P1028,30,99270.9
2026-06-15,P1028,23,76107.69
2026-06-16,P1028,15,49635.45
2026-06-17,P1028,16,52944.48
2026-06-18,P1028,21,69489.63
2026-06-19,P1028,16,52944.48
2026-06-20,P1028,23,76107.69
2026-06-21,P1028,13,43017.39
2026-06-22,P1028,11,36399.33
2026-06-23,P1028,14,46326.42
2026-06-24,P1028,10,33090.3
2026-06-25,P1028,10,33090.3
2026-06-26,P1028,12,39708.36
2026-06-27,P1028,15,49635.45
2026-06-28,P1028,12,39708.36
2026-06-29,P1028,11,36399.33
2026-06-30,P1028,8,26472.24
2026-07-01,P1028,7,23163.21
2026-07-02,P1028,9,29781.27
2026-07-03,P1028,13,43017.39
2026-07-04,P1028,10,33090.3
2026-07-05,P1028,15,49635.45
2026-07-06,P1028,13,43017.39
2026-07-07,P1028,14,46326.42
2026-07-08,P1028,27,89343.81
2026-07-09,P1028,16,52944.48
2026-07-10,P1028,16,52944.48
2026-07-11,P1028,21,69489.63
2026-07-12,P1028,18,59562.54
2026-07-13,P1028,26,86034.78
2026-07-14,P1028,22,72798.66
2026-07-15,P1028,11,36399.33
2026-07-16,P1028,22,72798.66
2026-07-17,P1028,12,39708.36
2026-07-18,P1028,20,66180.6
2026-07-19,P1028,23,76107.69
2026-07-20,P1028,18,59562.54
2026-07-21,P1028,18,59562.54
2026-07-22,P1028,19,62871.57
2026-07-23,P1028,5,16545.15
2026-07-24,P1028,13,43017.39
2026-07-25,P1028,9,29781.27
2026-07-26,P1028,10,33090.3
2026-07-27,P1028,12,39708.36
2026-07-28,P1028,15,49635.45
2026-07-29,P1028,6,19854.18
2026-07-30,P1028,16,52944.48
2026-07-31,P1028,8,26472.24
2026-08-01,P1028,11,36399.33
2026-08-02,P1028,12,39708.36
2026-08-03,P1028,8,26472.24
2026-08-04,P1028,13,43017.39
2026-08-05,P1028,12,39708.36
2026-08-06,P1028,20,66180.6
2026-08-07,P1028,10,33090.3
2026-08-08,P1028,16,52944.48
2026-08-09,P1028,20,66180.6
2026-08-10,P1028,14,46326.42
2026-08-11,P1028,11,36399.33
2026-08-12,P1028,20,66180.6
2026-08-13,P1028,23,76107.69
2026-08-14,P1028,20,66180.6
2026-08-15,P1028,22,72798.66
2026-08-16,P1028,26,86034.78
2026-08-17,P1028,22,72798.66
2026-08-18,P1028,19,62871.57
2026-08-19,P1028,20,66180.6
2026-08-20,P1028,16,52944.48
2026-08-21,P1028,15,49635.45
2026-08-22,P1028,13,43017.39
2026-08-23,P1028,13,43017.39
2026-08-24,P1028,15,49635.45
2026-08-25,P1028,11,36399.33
2026-08-26,P1028,8,26472.24
2026-08-27,P1028,4,13236.12
2026-08-28,P1028,9,29781.27
2026-08-29,P1028,11,36399.33
2026-08-30,P1028,15,49635.45
2026-08-31,P1028,10,33090.3
2026-09-01,P1028,13,43017.39
2026-09-02,P1028,10,33090.3
2026-09-03,P1028,12,39708.36
2026-03-08,P1029,16,327853.28
2026-03-09,P1029,19,389325.77
2026-03-10,P1029,22,450798.26
2026-03-11,P1029,16,327853.28
2026-03-12,P1029,21,430307.43
2026-03-13,P1029,24,491779.92
2026-03-14,P1029,34,696688.22
2026-03-15,P1029,26,532761.58
2026-03-16,P1029,25,512270.75
2026-03-17,P1029,21,430307.43
2026-03-18,P1029,23,471289.09
2026-03-19,P1029,15,307362.45
2026-03-20,P1029,18,368834.94
2026-03-21,P1029,25,512270.75
2026-03-22,P1029,21,430307.43
2026-03-23,P1029,15,307362.45
2026-03-24,P1029,12,245889.96
2026-03-25,P1029,10,204908.3
2026-03-26,P1029,16,327853.28
2026-03-27,P1029,11,225399.13
2026-03-28,P1029,20,409816.6
2026-03-29,P1029,13,266380.79
2026-03-30,P1029,12,245889.96
2026-03-31,P1029,13,266380.79
2026-04-01,P1029,12,245889.96
2026-04-02,P1029,7,143435.81
2026-04-03,P1029,13,266380.79
2026-04-04,P1029,14,286871.62
2026-04-05,P1029,20,409816.6
2026-04-06,P1029,17,348344.11
2026-04-07,P1029,21,430307.43
2026-04-08,P1029,17,348344.11
2026-04-09,P1029,21,430307.43
2026-04-10,P1029,19,389325.77
2026-04-11,P1029,30,614724.9
2026-04-12,P1029,23,471289.09
2026-04-13,P1029,18,368834.94
2026-04-14,P1029,27,553252.41
2026-04-15,P1029,33,676197.39
2026-04-16,P1029,23,471289.09
2026-04-17,P1029,28,573743.24
2026-04-18,P1029,30,614724.9
2026-04-19,P1029,24,491779.92
2026-04-20,P1029,16,327853.28
2026-04-21,P1029,13,266380.79
2026-04-22,P1029,12,245889.96
2026-04-23,P1029,14,286871.62
2026-04-24,P1029,15,307362.45
2026-04-25,P1029,18,368834.94
2026-04-26,P1029,14,286871.62
2026-04-27,P1029,17,348344.11
2026-04-28,P1029,7,143435.81
2026-04-29,P1029,12,245889.96
2026-04-30,P1029,6,122944.98
2026-05-01,P1029,12,245889.96
2026-05-02,P1029,19,389325.77
2026-05-03,P1029,11,225399.13
2026-05-04,P1029,16,327853.28
2026-05-05,P1029,13,266380.79
2026-05-06,P1029,15,307362.45
2026-05-07,P1029,10,204908.3
2026-05-08,P1029,13,266380.79
2026-05-09,P1029,20,409816.6
2026-05-10,P1029,24,491779.92
2026-05-11,P1029,26,532761.58
2026-05-12,P1029,25,512270.75
2026-05-13,P1029,27,553252.41
2026-05-14,P1029,25,512270.75
2026-05-15,P1029,13,266380.79
2026-05-16,P1029,31,635215.73
2026-05-17,P1029,33,676197.39
2026-05-18,P1029,34,696688.22
2026-05-19,P1029,28,573743.24
2026-05-20,P1029,24,491779.92
2026-05-21,P1029,20,409816.6
2026-05-22,P1029,12,245889.96
2026-05-23,P1029,24,491779.92
2026-05-24,P1029,23,471289.09
2026-05-25,P1029,17,348344.11
2026-05-26,P1029,11,225399.13
2026-05-27,P1029,6,122944.98
2026-05-28,P1029,11,225399.13
2026-05-29,P1029,11,225399.13
2026-05-30,P1029,11,225399.13
2026-05-31,P1029,15,307362.45
2026-06-01,P1029,8,163926.64
2026-06-02,P1029,22,450798.26
2026-06-03,P1029,11,225399.13
2026-06-04,P1029,13,266380.79
2026-06-05,P1029,19,389325.77
2026-06-06,P1029,28,573743.24
2026-06-07,P1029,30,614724.9
2026-06-08,P1029,17,348344.11
2026-06-09,P1029,18,368834.94
2026-06-10,P1029,20,409816.6
2026-06-11,P1029,20,409816.6
2026-06-12,P1029,28,573743.24
2026-06-13,P1029,35,717179.05
2026-06-14,P1029,25,512270.75
2026-06-15,P1029,26,532761.58
2026-06-16,P1029,19,389325.77
2026-06-17,P1029,24,491779.92
2026-06-18,P1029,24,491779.92
2026-06-19,P1029,11,225399.13
2026-06-20,P1029,26,532761.58
2026-06-21,P1029,16,327853.28
2026-06-22,P1029,16,327853.28
2026-06-23,P1029,21,430307.43
2026-06-24,P1029,13,266380.79
2026-06-25,P1029,14,286871.62
2026-06-26,P1029,13,266380.79
2026-06-27,P1029,15,307362.45
2026-06-28,P1029,15,307362.45
2026-06-29,P1029,9,184417.47
2026-06-30,P1029,12,245889.96
2026-07-01,P1029,13,266380.79
2026-07-02,P1029,9,184417.47
2026-07-03,P1029,15,307362.45
2026-07-04,P1029,20,409816.6
2026-07-05,P1029,22,450798.26
2026-07-06,P1029,15,307362.45
2026-07-07,P1029,28,573743.24
2026-07-08,P1029,15,307362.45
2026-07-09,P1029,18,368834.94
2026-07-10,P1029,27,553252.41
2026-07-11,P1029,26,532761.58
2026-07-12,P1029,25,512270.75
2026-07-13,P1029,21,430307.43
2026-07-14,P1029,15,307362.45
2026-07-15,P1029,30,614724.9
2026-07-16,P1029,28,573743.24
2026-07-17,P1029,20,409816.6
2026-07-18,P1029,24,491779.92
2026-07-19,P1029,20,409816.6
2026-07-20,P1029,14,286871.62
2026-07-21,P1029,18,368834.94
2026-07-22,P1029,13,266380.79
2026-07-23,P1029,12,245889.96
2026-07-24,P1029,16,327853.28
2026-07-25,P1029,22,450798.26
2026-07-26,P1029,14,286871.62
2026-07-27,P1029,11,225399.13
2026-07-28,P1029,11,225399.13
2026-07-29,P1029,12,245889.96
2026-07-30,P1029,10,204908.3
2026-07-31,P1029,10,204908.3
2026-08-01,P1029,17,348344.11
2026-08-02,P1029,14,286871.62
2026-08-03,P1029,14,286871.62
2026-08-04,P1029,16,327853.28
2026-08-05,P1029,17,348344.11
2026-08-06,P1029,16,327853.28
2026-08-07,P1029,22,450798.26
2026-08-08,P1029,20,409816.6
2026-08-09,P1029,33,676197.39
2026-08-10,P1029,28,573743.24
2026-08-11,P1029,33,676197.39
2026-08-12,P1029,16,327853.28
2026-08-13,P1029,35,717179.05
2026-08-14,P1029,17,348344.11
2026-08-15,P1029,42,860614.86
2026-08-16,P1029,34,696688.22
2026-08-17,P1029,25,512270.75
2026-08-18,P1029,18,368834.94
2026-08-19,P1029,21,430307.43
2026-08-20,P1029,20,409816.6
2026-08-21,P1029,15,307362.45
2026-08-22,P1029,24,491779.92
2026-08-23,P1029,18,368834.94
2026-08-24,P1029,18,368834.94
2026-08-25,P1029,7,143435.81
2026-08-26,P1029,10,204908.3
2026-08-27,P1029,13,266380.79
2026-08-28,P1029,12,245889.96
2026-08-29,P1029,12,245889.96
2026-08-30,P1029,27,553252.41
2026-08-31,P1029,18,368834.94
2026-09-01,P1029,14,286871.62
2026-09-02,P1029,16,327853.28
2026-09-03,P1029,13,266380.79
2026-03-08,P1030,16,13701.6
2026-03-09,P1030,18,15414.3
2026-03-10,P1030,19,16270.65
2026-03-11,P1030,19,16270.65
2026-03-12,P1030,20,17127.0
2026-03-13,P1030,24,20552.4
2026-03-14,P1030,24,20552.4
2026-03-15,P1030,31,26546.85
2026-03-16,P1030,15,12845.25
2026-03-17,P1030,10,8563.5
2026-03-18,P1030,17,14557.95
2026-03-19,P1030,18,15414.3
2026-03-20,P1030,31,26546.85
2026-03-21,P1030,22,18839.7
2026-03-22,P1030,24,20552.4
2026-03-23,P1030,17,14557.95
2026-03-24,P1030,18,15414.3
2026-03-25,P1030,17,14557.95
2026-03-26,P1030,20,17127.0
2026-03-27,P1030,9,7707.15
2026-03-28,P1030,26,22265.1
2026-03-29,P1030,19,16270.65
2026-03-30,P1030,12,10276.2
2026-03-31,P1030,18,15414.3
2026-04-01,P1030,17,14557.95
2026-04-02,P1030,10,8563.5
2026-04-03,P1030,14,11988.9
2026-04-04,P1030,19,16270.65
2026-04-05,P1030,14,11988.9
2026-04-06,P1030,16,13701.6
2026-04-07,P1030,14,11988.9
2026-04-08,P1030,16,13701.6
2026-04-09,P1030,15,12845.25
2026-04-10,P1030,26,22265.1
2026-04-11,P1030,26,22265.1
2026-04-12,P1030,26,22265.1
2026-04-13,P1030,23,19696.05
2026-04-14,P1030,15,12845.25
2026-04-15,P1030,19,16270.65
2026-04-16,P1030,24,20552.4
2026-04-17,P1030,25,21408.75
2026-04-18,P1030,14,11988.9
2026-04-19,P1030,25,21408.75
2026-04-20,P1030,19,16270.65
2026-04-21,P1030,17,14557.95
2026-04-22,P1030,15,12845.25
2026-04-23,P1030,10,8563.5
2026-04-24,P1030,19,16270.65
2026-04-25,P1030,20,17127.0
2026-04-26,P1030,15,12845.25
2026-04-27,P1030,14,11988.9
2026-04-28,P1030,15,12845.25
2026-04-29,P1030,17,14557.95
2026-04-30,P1030,16,13701.6
2026-05-01,P1030,15,12845.25
2026-05-02,P1030,20,17127.0
2026-05-03,P1030,21,17983.35
2026-05-04,P1030,16,13701.6
2026-05-05,P1030,15,12845.25
2026-05-06,P1030,13,11132.55
2026-05-07,P1030,22,18839.7
2026-05-08,P1030,17,14557.95
2026-05-09,P1030,22,18839.7
2026-05-10,P1030,22,18839.7
2026-05-11,P1030,22,18839.7
2026-05-12,P1030,27,23121.45
2026-05-13,P1030,23,19696.05
2026-05-14,P1030,19,16270.65
2026-05-15,P1030,17,14557.95
2026-05-16,P1030,31,26546.85
2026-05-17,P1030,25,21408.75
2026-05-18,P1030,22,18839.7
2026-05-19,P1030,21,17983.35
2026-05-20,P1030,24,20552.4
2026-05-21,P1030,16,13701.6
2026-05-22,P1030,22,18839.7
2026-05-23,P1030,27,23121.45
2026-05-24,P1030,35,29972.25
2026-05-25,P1030,15,12845.25
2026-05-26,P1030,17,14557.95
2026-05-27,P1030,16,13701.6
2026-05-28,P1030,18,15414.3
2026-05-29,P1030,17,14557.95
2026-05-30,P1030,25,21408.75
2026-05-31,P1030,14,11988.9
2026-06-01,P1030,11,9419.85
2026-06-02,P1030,18,15414.3
2026-06-03,P1030,15,12845.25
2026-06-04,P1030,15,12845.25
2026-06-05,P1030,15,12845.25
2026-06-06,P1030,21,17983.35
2026-06-07,P1030,32,27403.2
2026-06-08,P1030,30,25690.5
2026-06-09,P1030,21,17983.35
2026-06-10,P1030,26,22265.1
2026-06-11,P1030,19,16270.65
2026-06-12,P1030,21,17983.35
2026-06-13,P1030,31,26546.85
2026-06-14,P1030,34,29115.9
2026-06-15,P1030,39,33397.65
2026-06-16,P1030,30,25690.5
2026-06-17,P1030,21,17983.35
2026-06-18,P1030,17,14557.95
2026-06-19,P1030,21,17983.35
2026-06-20,P1030,27,23121.45
2026-06-21,P1030,46,39392.1
2026-06-22,P1030,20,17127.0
2026-06-23,P1030,14,11988.9
2026-06-24,P1030,17,14557.95
2026-06-25,P1030,22,18839.7
2026-06-26,P1030,15,12845.25
2026-06-27,P1030,19,16270.65
2026-06-28,P1030,13,11132.55
2026-06-29,P1030,13,11132.55
2026-06-30,P1030,16,13701.6
2026-07-01,P1030,21,17983.35
2026-07-02,P1030,12,10276.2
2026-07-03,P1030,16,13701.6
2026-07-04,P1030,26,22265.1
2026-07-05,P1030,27,23121.45
2026-07-06,P1030,21,17983.35
2026-07-07,P1030,25,21408.75
2026-07-08,P1030,17,14557.95
2026-07-09,P1030,20,17127.0
2026-07-10,P1030,18,15414.3
2026-07-11,P1030,23,19696.05
2026-07-12,P1030,18,15414.3
2026-07-13,P1030,30,25690.5
2026-07-14,P1030,29,24834.15
2026-07-15,P1030,24,20552.4
2026-07-16,P1030,22,18839.7
2026-07-17,P1030,27,23121.45
2026-07-18,P1030,29,24834.15
2026-07-19,P1030,25,21408.75
2026-07-20,P1030,29,24834.15
2026-07-21,P1030,27,23121.45
2026-07-22,P1030,16,13701.6
2026-07-23,P1030,24,20552.4
2026-07-24,P1030,30,25690.5
2026-07-25,P1030,17,14557.95
2026-07-26,P1030,23,19696.05
2026-07-27,P1030,23,19696.05
2026-07-28,P1030,14,11988.9
2026-07-29,P1030,13,11132.55
2026-07-30,P1030,17,14557.95
2026-07-31,P1030,21,17983.35
2026-08-01,P1030,22,18839.7
2026-08-02,P1030,27,23121.45
2026-08-03,P1030,24,20552.4
2026-08-04,P1030,19,16270.65
2026-08-05,P1030,21,17983.35
2026-08-06,P1030,23,19696.05
2026-08-07,P1030,21,17983.35
2026-08-08,P1030,28,23977.8
2026-08-09,P1030,35,29972.25
2026-08-10,P1030,19,16270.65
2026-08-11,P1030,27,23121.45
2026-08-12,P1030,22,18839.7
2026-08-13,P1030,22,18839.7
2026-08-14,P1030,26,22265.1
2026-08-15,P1030,37,31684.95
2026-08-16,P1030,28,23977.8
2026-08-17,P1030,26,22265.1
2026-08-18,P1030,25,21408.75
2026-08-19,P1030,20,17127.0
2026-08-20,P1030,13,11132.55
2026-08-21,P1030,24,20552.4
2026-08-22,P1030,34,29115.9
2026-08-23,P1030,22,18839.7
2026-08-24,P1030,18,15414.3
2026-08-25,P1030,15,12845.25
2026-08-26,P1030,27,23121.45
2026-08-27,P1030,21,17983.35
2026-08-28,P1030,15,12845.25
2026-08-29,P1030,17,14557.95
2026-08-30,P1030,29,24834.15
2026-08-31,P1030,11,9419.85
2026-09-01,P1030,15,12845.25
2026-09-02,P1030,18,15414.3
2026-09-03,P1030,26,22265.1
2026-03-08,P1031,18,56921.4
2026-03-09,P1031,12,37947.6
2026-03-10,P1031,16,50596.8
2026-03-11,P1031,7,22136.1
2026-03-12,P1031,15,47434.5
2026-03-13,P1031,14,44272.2
2026-03-14,P1031,19,60083.7
2026-03-15,P1031,28,88544.4
2026-03-16,P1031,16,50596.8
2026-03-17,P1031,17,53759.1
2026-03-18,P1031,20,63246.0
2026-03-19,P1031,15,47434.5
2026-03-20,P1031,16,50596.8
2026-03-21,P1031,25,79057.5
2026-03-22,P1031,19,60083.7
2026-03-23,P1031,13,41109.9
2026-03-24,P1031,14,44272.2
2026-03-25,P1031,13,41109.9
2026-03-26,P1031,10,31623.0
2026-03-27,P1031,14,44272.2
2026-03-28,P1031,11,34785.3
2026-03-29,P1031,12,37947.6
2026-03-30,P1031,7,22136.1
2026-03-31,P1031,12,37947.6
2026-04-01,P1031,12,37947.6
2026-04-02,P1031,7,22136.1
2026-04-03,P1031,7,22136.1
2026-04-04,P1031,13,41109.9
2026-04-05,P1031,17,53759.1
2026-04-06,P1031,9,28460.7
2026-04-07,P1031,23,72732.9
2026-04-08,P1031,11,34785.3
2026-04-09,P1031,18,56921.4
2026-04-10,P1031,12,37947.6
2026-04-11,P1031,18,56921.4
2026-04-12,P1031,15,47434.5
2026-04-13,P1031,21,66408.3
2026-04-14,P1031,14,44272.2
2026-04-15,P1031,18,56921.4
2026-04-16,P1031,15,47434.5
2026-04-17,P1031,11,34785.3
2026-04-18,P1031,16,50596.8
2026-04-19,P1031,18,56921.4
2026-04-20,P1031,19,60083.7
2026-04-21,P1031,14,44272.2
2026-04-22,P1031,16,50596.8
2026-04-23,P1031,17,53759.1
2026-04-24,P1031,12,37947.6
2026-04-25,P1031,9,28460.7
2026-04-26,P1031,16,50596.8
2026-04-27,P1031,13,41109.9
2026-04-28,P1031,7,22136.1
2026-04-29,P1031,14,44272.2
2026-04-30,P1031,11,34785.3
2026-05-01,P1031,10,31623.0
2026-05-02,P1031,18,56921.4
2026-05-03,P1031,16,50596.8
2026-05-04,P1031,13,41109.9
2026-05-05,P1031,10,31623.0
2026-05-06,P1031,14,44272.2
2026-05-07,P1031,10,31623.0
2026-05-08,P1031,13,41109.9
2026-05-09,P1031,33,104355.9
2026-05-10,P1031,21,66408.3
2026-05-11,P1031,18,56921.4
2026-05-12,P1031,14,44272.2
2026-05-13,P1031,11,34785.3
2026-05-14,P1031,23,72732.9
2026-05-15,P1031,19,60083.7
2026-05-16,P1031,24,75895.2
2026-05-17,P1031,15,47434.5
2026-05-18,P1031,15,47434.5
2026-05-19,P1031,17,53759.1
2026-05-20,P1031,12,37947.6
2026-05-21,P1031,12,37947.6
2026-05-22,P1031,17,53759.1
2026-05-23,P1031,16,50596.8
2026-05-24,P1031,15,47434.5
2026-05-25,P1031,11,34785.3
2026-05-26,P1031,13,41109.9
2026-05-27,P1031,16,50596.8
2026-05-28,P1031,12,37947.6
2026-05-29,P1031,8,25298.4
2026-05-30,P1031,16,50596.8
2026-05-31,P1031,13,41109.9
2026-06-01,P1031,13,41109.9
2026-06-02,P1031,10,31623.0
2026-06-03,P1031,9,28460.7
2026-06-04,P1031,11,34785.3
2026-06-05,P1031,11,34785.3
2026-06-06,P1031,24,75895.2
2026-06-07,P1031,17,53759.1
2026-06-08,P1031,11,34785.3
2026-06-09,P1031,18,56921.4
2026-06-10,P1031,11,34785.3
2026-06-11,P1031,19,60083.7
2026-06-12,P1031,13,41109.9
2026-06-13,P1031,28,88544.4
2026-06-14,P1031,31,98031.3
2026-06-15,P1031,22,69570.6
2026-06-16,P1031,19,60083.7
2026-06-17,P1031,13,41109.9
2026-06-18,P1031,15,47434.5
2026-06-19,P1031,9,28460.7
2026-06-20,P1031,27,85382.1
2026-06-21,P1031,14,44272.2
2026-06-22,P1031,13,41109.9
2026-06-23,P1031,11,34785.3
2026-06-24,P1031,20,63246.0
2026-06-25,P1031,12,37947.6
2026-06-26,P1031,22,69570.6
2026-06-27,P1031,20,63246.0
2026-06-28,P1031,12,37947.6
2026-06-29,P1031,16,50596.8
2026-06-30,P1031,6,18973.8
2026-07-01,P1031,15,47434.5
2026-07-02,P1031,16,50596.8
2026-07-03,P1031,14,44272.2
2026-07-04,P1031,17,53759.1
2026-07-05,P1031,23,72732.9
2026-07-06,P1031,10,31623.0
2026-07-07,P1031,17,53759.1
2026-07-08,P1031,24,75895.2
2026-07-09,P1031,22,69570.6
2026-07-10,P1031,14,44272.2
2026-07-11,P1031,25,79057.5
2026-07-12,P1031,20,63246.0
2026-07-13,P1031,19,60083.7
2026-07-14,P1031,17,53759.1
2026-07-15,P1031,18,56921.4
2026-07-16,P1031,26,82219.8
2026-07-17,P1031,22,69570.6
2026-07-18,P1031,22,69570.6
2026-07-19,P1031,25,79057.5
2026-07-20,P1031,15,47434.5
2026-07-21,P1031,14,44272.2
2026-07-22,P1031,12,37947.6
2026-07-23,P1031,12,37947.6
2026-07-24,P1031,7,22136.1
2026-07-25,P1031,19,60083.7
2026-07-26,P1031,16,50596.8
2026-07-27,P1031,9,28460.7
2026-07-28,P1031,15,47434.5
2026-07-29,P1031,10,31623.0
2026-07-30,P1031,14,44272.2
2026-07-31,P1031,15,47434.5
2026-08-01,P1031,16,50596.8
2026-08-02,P1031,21,66408.3
2026-08-03,P1031,14,44272.2
2026-08-04,P1031,9,28460.7
2026-08-05,P1031,15,47434.5
2026-08-06,P1031,14,44272.2
2026-08-07,P1031,13,41109.9
2026-08-08,P1031,20,63246.0
2026-08-09,P1031,17,53759.1
2026-08-10,P1031,15,47434.5
2026-08-11,P1031,27,85382.1
2026-08-12,P1031,31,98031.3
2026-08-13,P1031,20,63246.0
2026-08-14,P1031,25,79057.5
2026-08-15,P1031,23,72732.9
2026-08-16,P1031,26,82219.8
2026-08-17,P1031,12,37947.6
2026-08-18,P1031,19,60083.7
2026-08-19,P1031,13,41109.9
2026-08-20,P1031,17,53759.1
2026-08-21,P1031,16,50596.8
2026-08-22,P1031,19,60083.7
2026-08-23,P1031,20,63246.0
2026-08-24,P1031,17,53759.1
2026-08-25,P1031,16,50596.8
2026-08-26,P1031,13,41109.9
2026-08-27,P1031,12,37947.6
2026-08-28,P1031,7,22136.1
2026-08-29,P1031,26,82219.8
2026-08-30,P1031,19,60083.7
2026-08-31,P1031,21,66408.3
2026-09-01,P1031,13,41109.9
2026-09-02,P1031,15,47434.5
2026-09-03,P1031,17,53759.1
2026-03-08,P1032,10,16381.0
2026-03-09,P1032,8,13104.8
2026-03-10,P1032,10,16381.0
2026-03-11,P1032,11,18019.1
2026-03-12,P1032,13,21295.3
2026-03-13,P1032,10,16381.0
2026-03-14,P1032,15,24571.5
2026-03-15,P1032,11,18019.1
2026-03-16,P1032,9,14742.9
2026-03-17,P1032,12,19657.2
2026-03-18,P1032,12,19657.2
2026-03-19,P1032,10,16381.0
2026-03-20,P1032,7,11466.7
2026-03-21,P1032,23,37676.3
2026-03-22,P1032,14,22933.4
2026-03-23,P1032,10,16381.0
2026-03-24,P1032,8,13104.8
2026-03-25,P1032,13,21295.3
2026-03-26,P1032,11,18019.1
2026-03-27,P1032,10,16381.0
2026-03-28,P1032,5,8190.5
2026-03-29,P1032,7,11466.7
2026-03-30,P1032,7,11466.7
2026-03-31,P1032,11,18019.1
2026-04-01,P1032,6,9828.6
2026-04-02,P1032,10,16381.0
2026-04-03,P1032,7,11466.7
2026-04-04,P1032,12,19657.2
2026-04-05,P1032,8,13104.8
2026-04-06,P1032,11,18019.1
2026-04-07,P1032,4,6552.4
2026-04-08,P1032,8,13104.8
2026-04-09,P1032,10,16381.0
2026-04-10,P1032,9,14742.9
2026-04-11,P1032,5,8190.5
2026-04-12,P1032,20,32762.0
2026-04-13,P1032,15,24571.5
2026-04-14,P1032,15,24571.5
2026-04-15,P1032,6,9828.6
2026-04-16,P1032,16,26209.6
2026-04-17,P1032,10,16381.0
2026-04-18,P1032,12,19657.2
2026-04-19,P1032,16,26209.6
2026-04-20,P1032,11,18019.1
2026-04-21,P1032,6,9828.6
2026-04-22,P1032,13,21295.3
2026-04-23,P1032,7,11466.7
2026-04-24,P1032,7,11466.7
2026-04-25,P1032,8,13104.8
2026-04-26,P1032,16,26209.6
2026-04-27,P1032,6,9828.6
2026-04-28,P1032,5,8190.5
2026-04-29,P1032,6,9828.6
2026-04-30,P1032,11,18019.1
2026-05-01,P1032,10,16381.0
2026-05-02,P1032,11,18019.1
2026-05-03,P1032,10,16381.0
2026-05-04,P1032,14,22933.4
2026-05-05,P1032,10,16381.0
2026-05-06,P1032,6,9828.6
2026-05-07,P1032,10,16381.0
2026-05-08,P1032,14,22933.4
2026-05-09,P1032,18,29485.8
2026-05-10,P1032,18,29485.8
2026-05-11,P1032,12,19657.2
2026-05-12,P1032,13,21295.3
2026-05-13,P1032,12,19657.2
2026-05-14,P1032,11,18019.1
2026-05-15,P1032,9,14742.9
2026-05-16,P1032,17,27847.7
2026-05-17,P1032,11,18019.1
2026-05-18,P1032,14,22933.4
2026-05-19,P1032,13,21295.3
2026-05-20,P1032,12,19657.2
2026-05-21,P1032,5,8190.5
2026-05-22,P1032,7,11466.7
2026-05-23,P1032,19,31123.9
2026-05-24,P1032,11,18019.1
2026-05-25,P1032,8,13104.8
2026-05-26,P1032,1,1638.1
2026-05-27,P1032,11,18019.1
2026-05-28,P1032,10,16381.0
2026-05-29,P1032,8,13104.8
2026-05-30,P1032,18,29485.8
2026-05-31,P1032,8,13104.8
2026-06-01,P1032,11,18019.1
2026-06-02,P1032,4,6552.4
2026-06-03,P1032,8,13104.8
2026-06-04,P1032,4,6552.4
2026-06-05,P1032,14,22933.4
2026-06-06,P1032,14,22933.4
2026-06-07,P1032,12,19657.2
2026-06-08,P1032,16,26209.6
2026-06-09,P1032,16,26209.6
2026-06-10,P1032,7,11466.7
2026-06-11,P1032,15,24571.5
2026-06-12,P1032,12,19657.2
2026-06-13,P1032,14,22933.4
2026-06-14,P1032,17,27847.7
2026-06-15,P1032,14,22933.4
2026-06-16,P1032,8,13104.8
2026-06-17,P1032,5,8190.5
2026-06-18,P1032,9,14742.9
2026-06-19,P1032,11,18019.1
2026-06-20,P1032,11,18019.1
2026-06-21,P1032,16,26209.6
2026-06-22,P1032,4,6552.4
2026-06-23,P1032,18,29485.8
2026-06-24,P1032,9,14742.9
2026-06-25,P1032,7,11466.7
2026-06-26,P1032,7,11466.7
2026-06-27,P1032,13,21295.3
2026-06-28,P1032,13,21295.3
2026-06-29,P1032,7,11466.7
2026-06-30,P1032,7,11466.7
2026-07-01,P1032,18,29485.8
2026-07-02,P1032,13,21295.3
2026-07-03,P1032,11,18019.1
2026-07-04,P1032,18,29485.8
2026-07-05,P1032,9,14742.9
2026-07-06,P1032,16,26209.6
2026-07-07,P1032,5,8190.5
2026-07-08,P1032,13,21295.3
2026-07-09,P1032,13,21295.3
2026-07-10,P1032,13,21295.3
2026-07-11,P1032,14,22933.4
2026-07-12,P1032,17,27847.7
2026-07-13,P1032,10,16381.0
2026-07-14,P1032,17,27847.7
2026-07-15,P1032,11,18019.1
2026-07-16,P1032,14,22933.4
2026-07-17,P1032,13,21295.3
2026-07-18,P1032,22,36038.2
2026-07-19,P1032,7,11466.7
2026-07-20,P1032,11,18019.1
2026-07-21,P1032,15,24571.5
2026-07-22,P1032,12,19657.2
2026-07-23,P1032,11,18019.1
2026-07-24,P1032,11,18019.1
2026-07-25,P1032,15,24571.5
2026-07-26,P1032,9,14742.9
2026-07-27,P1032,11,18019.1
2026-07-28,P1032,11,18019.1
2026-07-29,P1032,6,9828.6
2026-07-30,P1032,7,11466.7
2026-07-31,P1032,3,4914.3
2026-08-01,P1032,13,21295.3
2026-08-02,P1032,10,16381.0
2026-08-03,P1032,10,16381.0
2026-08-04,P1032,9,14742.9
2026-08-05,P1032,10,16381.0
2026-08-06,P1032,11,18019.1
2026-08-07,P1032,11,18019.1
2026-08-08,P1032,20,32762.0
2026-08-09,P1032,17,27847.7
2026-08-10,P1032,12,19657.2
2026-08-11,P1032,11,18019.1
2026-08-12,P1032,12,19657.2
2026-08-13,P1032,10,16381.0
2026-08-14,P1032,11,18019.1
2026-08-15,P1032,20,32762.0
2026-08-16,P1032,11,18019.1
2026-08-17,P1032,12,19657.2
2026-08-18,P1032,11,18019.1
2026-08-19,P1032,15,24571.5
2026-08-20,P1032,20,32762.0
2026-08-21,P1032,13,21295.3
2026-08-22,P1032,13,21295.3
2026-08-23,P1032,8,13104.8
2026-08-24,P1032,14,22933.4
2026-08-25,P1032,9,14742.9
2026-08-26,P1032,7,11466.7
2026-08-27,P1032,3,4914.3
2026-08-28,P1032,11,18019.1
2026-08-29,P1032,17,27847.7
2026-08-30,P1032,13,21295.3
2026-08-31,P1032,16,26209.6
2026-09-01,P1032,11,18019.1
2026-09-02,P1032,11,18019.1
2026-09-03,P1032,13,21295.3
2026-03-08,P1033,10,19099.3
2026-03-09,P1033,4,7639.72
2026-03-10,P1033,7,13369.51
2026-03-11,P1033,9,17189.37
2026-03-12,P1033,7,13369.51
2026-03-13,P1033,9,17189.37
2026-03-14,P1033,12,22919.16
2026-03-15,P1033,12,22919.16
2026-03-16,P1033,15,28648.95
2026-03-17,P1033,9,17189.37
2026-03-18,P1033,9,17189.37
2026-03-19,P1033,7,13369.51
2026-03-20,P1033,10,19099.3
2026-03-21,P1033,13,24829.09
2026-03-22,P1033,3,5729.79
2026-03-23,P1033,5,9549.65
2026-03-24,P1033,17,32468.81
2026-03-25,P1033,4,7639.72
2026-03-26,P1033,7,13369.51
2026-03-27,P1033,11,21009.23
2026-03-28,P1033,9,17189.37
2026-03-29,P1033,12,22919.16
2026-03-30,P1033,4,7639.72
2026-03-31,P1033,8,15279.44
2026-04-01,P1033,9,17189.37
2026-04-02,P1033,9,17189.37
2026-04-03,P1033,5,9549.65
2026-04-04,P1033,9,17189.37
2026-04-05,P1033,10,19099.3
2026-04-06,P1033,11,21009.23
2026-04-07,P1033,16,30558.88
2026-04-08,P1033,8,15279.44
2026-04-09,P1033,13,24829.09
2026-04-10,P1033,10,19099.3
2026-04-11,P1033,12,22919.16
2026-04-12,P1033,13,24829.09
2026-04-13,P1033,17,32468.81
2026-04-14,P1033,8,15279.44
2026-04-15,P1033,12,22919.16
2026-04-16,P1033,11,21009.23
2026-04-17,P1033,13,24829.09
2026-04-18,P1033,12,22919.16
2026-04-19,P1033,12,22919.16
2026-04-20,P1033,11,21009.23
2026-04-21,P1033,6,11459.58
2026-04-22,P1033,8,15279.44
2026-04-23,P1033,8,15279.44
2026-04-24,P1033,8,15279.44
2026-04-25,P1033,13,24829.09
2026-04-26,P1033,13,24829.09
2026-04-27,P1033,10,19099.3
2026-04-28,P1033,6,11459.58
2026-04-29,P1033,3,5729.79
2026-04-30,P1033,14,26739.02
2026-05-01,P1033,14,26739.02
2026-05-02,P1033,13,24829.09
2026-05-03,P1033,2,3819.86
2026-05-04,P1033,10,19099.3
2026-05-05,P1033,13,24829.09
2026-05-06,P1033,7,13369.51
2026-05-07,P1033,8,15279.44
2026-05-08,P1033,8,15279.44
2026-05-09,P1033,13,24829.09
2026-05-10,P1033,14,26739.02
2026-05-11,P1033,3,5729.79
2026-05-12,P1033,12,22919.16
2026-05-13,P1033,18,34378.74
2026-05-14,P1033,8,15279.44
2026-05-15,P1033,17,32468.81
2026-05-16,P1033,10,19099.3
2026-05-17,P1033,14,26739.02
2026-05-18,P1033,9,17189.37
2026-05-19,P1033,7,13369.51
2026-05-20,P1033,3,5729.79
2026-05-21,P1033,10,19099.3
2026-05-22,P1033,14,26739.02
2026-05-23,P1033,9,17189.37
2026-05-24,P1033,11,21009.23
2026-05-25,P1033,8,15279.44
2026-05-26,P1033,11,21009.23
2026-05-27,P1033,8,15279.44
2026-05-28,P1033,12,22919.16
2026-05-29,P1033,15,28648.95
2026-05-30,P1033,17,32468.81
2026-05-31,P1033,20,38198.6
2026-06-01,P1033,14,26739.02
2026-06-02,P1033,7,13369.51
2026-06-03,P1033,11,21009.23
2026-06-04,P1033,7,13369.51
2026-06-05,P1033,9,17189.37
2026-06-06,P1033,6,11459.58
2026-06-07,P1033,8,15279.44
2026-06-08,P1033,13,24829.09
2026-06-09,P1033,12,22919.16
2026-06-10,P1033,12,22919.16
2026-06-11,P1033,7,13369.51
2026-06-12,P1033,12,22919.16
2026-06-13,P1033,15,28648.95
2026-06-14,P1033,10,19099.3
2026-06-15,P1033,3,5729.79
2026-06-16,P1033,10,19099.3
2026-06-17,P1033,19,36288.67
2026-06-18,P1033,12,22919.16
2026-06-19,P1033,5,9549.65
2026-06-20,P1033,14,26739.02
2026-06-21,P1033,10,19099.3
2026-06-22,P1033,13,24829.09
2026-06-23,P1033,9,17189.37
2026-06-24,P1033,9,17189.37
2026-06-25,P1033,16,30558.88
2026-06-26,P1033,11,21009.23
2026-06-27,P1033,14,26739.02
2026-06-28,P1033,14,26739.02
2026-06-29,P1033,9,17189.37
2026-06-30,P1033,7,13369.51
2026-07-01,P1033,11,21009.23
2026-07-02,P1033,9,17189.37
2026-07-03,P1033,7,13369.51
2026-07-04,P1033,11,21009.23
2026-07-05,P1033,13,24829.09
2026-07-06,P1033,16,30558.88
2026-07-07,P1033,11,21009.23
2026-07-08,P1033,15,28648.95
2026-07-09,P1033,14,26739.02
2026-07-10,P1033,10,19099.3
2026-07-11,P1033,12,22919.16
2026-07-12,P1033,20,38198.6
2026-07-13,P1033,5,9549.65
2026-07-14,P1033,14,26739.02
2026-07-15,P1033,15,28648.95
2026-07-16,P1033,12,22919.16
2026-07-17,P1033,7,13369.51
2026-07-18,P1033,12,22919.16
2026-07-19,P1033,15,28648.95
2026-07-20,P1033,14,26739.02
2026-07-21,P1033,14,26739.02
2026-07-22,P1033,12,22919.16
2026-07-23,P1033,5,9549.65
2026-07-24,P1033,11,21009.23
2026-07-25,P1033,11,21009.23
2026-07-26,P1033,14,26739.02
2026-07-27,P1033,7,13369.51
2026-07-28,P1033,12,22919.16
2026-07-29,P1033,5,9549.65
2026-07-30,P1033,6,11459.58
2026-07-31,P1033,9,17189.37
2026-08-01,P1033,24,45838.32
2026-08-02,P1033,19,36288.67
2026-08-03,P1033,14,26739.02
2026-08-04,P1033,8,15279.44
2026-08-05,P1033,9,17189.37
2026-08-06,P1033,13,24829.09
2026-08-07,P1033,13,24829.09
2026-08-08,P1033,17,32468.81
2026-08-09,P1033,17,32468.81
2026-08-10,P1033,10,19099.3
2026-08-11,P1033,15,28648.95
2026-08-12,P1033,12,22919.16
2026-08-13,P1033,10,19099.3
2026-08-14,P1033,11,21009.23
2026-08-15,P1033,14,26739.02
2026-08-16,P1033,13,24829.09
2026-08-17,P1033,20,38198.6
2026-08-18,P1033,9,17189.37
2026-08-19,P1033,14,26739.02
2026-08-20,P1033,5,9549.65
2026-08-21,P1033,9,17189.37
2026-08-22,P1033,12,22919.16
2026-08-23,P1033,12,22919.16
2026-08-24,P1033,11,21009.23
2026-08-25,P1033,8,15279.44
2026-08-26,P1033,9,17189.37
2026-08-27,P1033,10,19099.3
2026-08-28,P1033,15,28648.95
2026-08-29,P1033,9,17189.37
2026-08-30,P1033,21,40108.53
2026-08-31,P1033,16,30558.88
2026-09-01,P1033,6,11459.58
2026-09-02,P1033,16,30558.88
2026-09-03,P1033,11,21009.23
2026-03-08,P1034,10,13472.5
2026-03-09,P1034,9,12125.25
2026-03-10,P1034,12,16167.0
2026-03-11,P1034,3,4041.75
2026-03-12,P1034,6,8083.5
2026-03-13,P1034,5,6736.25
2026-03-14,P1034,11,14819.75
2026-03-15,P1034,10,13472.5
2026-03-16,P1034,7,9430.75
2026-03-17,P1034,9,12125.25
2026-03-18,P1034,10,13472.5
2026-03-19,P1034,6,8083.5
2026-03-20,P1034,5,6736.25
2026-03-21,P1034,10,13472.5
2026-03-22,P1034,8,10778.0
2026-03-23,P1034,9,12125.25
2026-03-24,P1034,5,6736.25
2026-03-25,P1034,3,4041.75
2026-03-26,P1034,5,6736.25
2026-03-27,P1034,9,12125.25
2026-03-28,P1034,6,8083.5
2026-03-29,P1034,5,6736.25
2026-03-30,P1034,7,9430.75
2026-03-31,P1034,7,9430.75
2026-04-01,P1034,4,5389.0
2026-04-02,P1034,2,2694.5
2026-04-03,P1034,6,8083.5
2026-04-04,P1034,8,10778.0
2026-04-05,P1034,9,12125.25
2026-04-06,P1034,8,10778.0
2026-04-07,P1034,9,12125.25
2026-04-08,P1034,8,10778.0
2026-04-09,P1034,8,10778.0
2026-04-10,P1034,9,12125.25
2026-04-11,P1034,11,14819.75
2026-04-12,P1034,9,12125.25
2026-04-13,P1034,16,21556.0
2026-04-14,P1034,5,6736.25
2026-04-15,P1034,14,18861.5
2026-04-16,P1034,13,17514.25
2026-04-17,P1034,12,16167.0
2026-04-18,P1034,8,10778.0
2026-04-19,P1034,13,17514.25
2026-04-20,P1034,5,6736.25
2026-04-21,P1034,5,6736.25
2026-04-23,P1034,3,4041.75
2026-04-24,P1034,3,4041.75
2026-04-25,P1034,5,6736.25
2026-04-26,P1034,12,16167.0
2026-04-27,P1034,6,8083.5
2026-04-28,P1034,3,4041.75
2026-04-29,P1034,4,5389.0
2026-04-30,P1034,3,4041.75
2026-05-01,P1034,4,5389.0
2026-05-02,P1034,11,14819.75
2026-05-03,P1034,9,12125.25
2026-05-04,P1034,11,14819.75
2026-05-05,P1034,6,8083.5
2026-05-06,P1034,2,2694.5
2026-05-07,P1034,4,5389.0
2026-05-08,P1034,4,5389.0
2026-05-09,P1034,11,14819.75
2026-05-10,P1034,12,16167.0
2026-05-11,P1034,9,12125.25
2026-05-12,P1034,7,9430.75
2026-05-13,P1034,19,25597.75
2026-05-14,P1034,14,18861.5
2026-05-15,P1034,8,10778.0
2026-05-16,P1034,8,10778.0
2026-05-17,P1034,13,17514.25
2026-05-18,P1034,7,9430.75
2026-05-19,P1034,9,12125.25
2026-05-20,P1034,12,16167.0
2026-05-21,P1034,7,9430.75
2026-05-22,P1034,6,8083.5
2026-05-23,P1034,9,12125.25
2026-05-24,P1034,11,14819.75
2026-05-25,P1034,1,1347.25
2026-05-26,P1034,6,8083.5
2026-05-27,P1034,7,9430.75
2026-05-28,P1034,4,5389.0
2026-05-29,P1034,8,10778.0
2026-05-30,P1034,3,4041.75
2026-05-31,P1034,7,9430.75
2026-06-01,P1034,4,5389.0
2026-06-02,P1034,7,9430.75
2026-06-03,P1034,4,5389.0
2026-06-04,P1034,9,12125.25
2026-06-05,P1034,11,14819.75
2026-06-06,P1034,3,4041.75
2026-06-07,P1034,15,20208.75
2026-06-08,P1034,8,10778.0
2026-06-09,P1034,5,6736.25
2026-06-10,P1034,11,14819.75
2026-06-11,P1034,8,10778.0
2026-06-12,P1034,7,9430.75
2026-06-13,P1034,11,14819.75
2026-06-14,P1034,11,14819.75
2026-06-15,P1034,14,18861.5
2026-06-16,P1034,5,6736.25
2026-06-17,P1034,7,9430.75
2026-06-18,P1034,10,13472.5
2026-06-19,P1034,11,14819.75
2026-06-20,P1034,9,12125.25
2026-06-21,P1034,10,13472.5
2026-06-22,P1034,6,8083.5
2026-06-23,P1034,4,5389.0
2026-06-24,P1034,6,8083.5
2026-06-25,P1034,10,13472.5
2026-06-26,P1034,2,2694.5
2026-06-27,P1034,10,13472.5
2026-06-28,P1034,10,13472.5
2026-06-29,P1034,8,10778.0
2026-06-30,P1034,6,8083.5
2026-07-01,P1034,6,8083.5
2026-07-02,P1034,3,4041.75
2026-07-03,P1034,15,20208.75
2026-07-04,P1034,9,12125.25
2026-07-05,P1034,9,12125.25
2026-07-06,P1034,6,8083.5
2026-07-07,P1034,13,17514.25
2026-07-08,P1034,6,8083.5
2026-07-09,P1034,12,16167.0
2026-07-10,P1034,10,13472.5
2026-07-11,P1034,11,14819.75
2026-07-12,P1034,10,13472.5
2026-07-13,P1034,16,21556.0
2026-07-14,P1034,7,9430.75
2026-07-15,P1034,3,4041.75
2026-07-16,P1034,16,21556.0
2026-07-17,P1034,13,17514.25
2026-07-18,P1034,11,14819.75
2026-07-19,P1034,12,16167.0
2026-07-20,P1034,12,16167.0
2026-07-21,P1034,7,9430.75
2026-07-22,P1034,12,16167.0
2026-07-23,P1034,6,8083.5
2026-07-24,P1034,1,1347.25
2026-07-25,P1034,13,17514.25
2026-07-26,P1034,9,12125.25
2026-07-27,P1034,6,8083.5
2026-07-28,P1034,6,8083.5
2026-07-29,P1034,7,9430.75
2026-07-30,P1034,5,6736.25
2026-07-31,P1034,12,16167.0
2026-08-01,P1034,7,9430.75
2026-08-02,P1034,9,12125.25
2026-08-03,P1034,8,10778.0
2026-08-04,P1034,9,12125.25
2026-08-05,P1034,10,13472.5
2026-08-06,P1034,6,8083.5
2026-08-07,P1034,12,16167.0
2026-08-08,P1034,8,10778.0
2026-08-09,P1034,10,13472.5
2026-08-10,P1034,8,10778.0
2026-08-11,P1034,8,10778.0
2026-08-12,P1034,14,18861.5
2026-08-13,P1034,12,16167.0
2026-08-14,P1034,16,21556.0
2026-08-15,P1034,13,17514.25
2026-08-16,P1034,15,20208.75
2026-08-17,P1034,5,6736.25
2026-08-18,P1034,6,8083.5
2026-08-19,P1034,12,16167.0
2026-08-20,P1034,4,5389.0
2026-08-21,P1034,15,20208.75
2026-08-22,P1034,11,14819.75
2026-08-23,P1034,4,5389.0
2026-08-24,P1034,9,12125.25
2026-08-25,P1034,8,10778.0
2026-08-26,P1034,8,10778.0
2026-08-27,P1034,7,9430.75
2026-08-28,P1034,1,1347.25
2026-08-29,P1034,7,9430.75
2026-08-30,P1034,9,12125.25
2026-08-31,P1034,7,9430.75
2026-09-01,P1034,7,9430.75
2026-09-02,P1034,8,10778.0
2026-09-03,P1034,6,8083.5
2026-03-08,P1035,10,25348.1
2026-03-09,P1035,8,20278.48
2026-03-10,P1035,7,17743.67
2026-03-11,P1035,11,27882.91
2026-03-12,P1035,12,30417.72
2026-03-13,P1035,11,27882.91
2026-03-14,P1035,15,38022.15
2026-03-15,P1035,22,55765.82
2026-03-16,P1035,8,20278.48
2026-03-17,P1035,17,43091.77
2026-03-18,P1035,9,22813.29
2026-03-19,P1035,10,25348.1
2026-03-20,P1035,13,32952.53
2026-03-21,P1035,23,58300.63
2026-03-22,P1035,15,38022.15
2026-03-23,P1035,12,30417.72
2026-03-24,P1035,10,25348.1
2026-03-25,P1035,8,20278.48
2026-03-26,P1035,9,22813.29
2026-03-27,P1035,12,30417.72
2026-03-28,P1035,10,25348.1
2026-03-29,P1035,8,20278.48
2026-03-30,P1035,12,30417.72
2026-03-31,P1035,5,12674.05
2026-04-01,P1035,9,22813.29
2026-04-02,P1035,6,15208.86
2026-04-03,P1035,3,7604.43
2026-04-04,P1035,12,30417.72
2026-04-05,P1035,13,32952.53
2026-04-06,P1035,10,25348.1
2026-04-07,P1035,15,38022.15
2026-04-08,P1035,15,38022.15
2026-04-09,P1035,11,27882.91
2026-04-10,P1035,17,43091.77
2026-04-11,P1035,8,20278.48
2026-04-12,P1035,19,48161.39
2026-04-13,P1035,10,25348.1
2026-04-14,P1035,13,32952.53
2026-04-15,P1035,13,32952.53
2026-04-16,P1035,13,32952.53
2026-04-17,P1035,9,22813.29
2026-04-18,P1035,22,55765.82
2026-04-19,P1035,15,38022.15
2026-04-20,P1035,10,25348.1
2026-04-21,P1035,11,27882.91
2026-04-22,P1035,11,27882.91
2026-04-23,P1035,15,38022.15
2026-04-24,P1035,3,7604.43
2026-04-25,P1035,13,32952.53
2026-04-26,P1035,10,25348.1
2026-04-27,P1035,9,22813.29
2026-04-28,P1035,10,25348.1
2026-04-29,P1035,4,10139.24
2026-04-30,P1035,7,17743.67
2026-05-01,P1035,9,22813.29
2026-05-02,P1035,12,30417.72
2026-05-03,P1035,21,53231.01
2026-05-04,P1035,9,22813.29
2026-05-05,P1035,11,27882.91
2026-05-06,P1035,9,22813.29
2026-05-07,P1035,15,38022.15
2026-05-08,P1035,10,25348.1
2026-05-09,P1035,17,43091.77
2026-05-10,P1035,22,55765.82
2026-05-11,P1035,11,27882.91
2026-05-12,P1035,13,32952.53
2026-05-13,P1035,18,45626.58
2026-05-14,P1035,11,27882.91
2026-05-15,P1035,8,20278.48
2026-05-16,P1035,10,25348.1
2026-05-17,P1035,18,45626.58
2026-05-18,P1035,7,17743.67
2026-05-19,P1035,11,27882.91
2026-05-20,P1035,10,25348.1
2026-05-21,P1035,11,27882.91
2026-05-22,P1035,15,38022.15
2026-05-23,P1035,15,38022.15
2026-05-24,P1035,12,30417.72
2026-05-25,P1035,13,32952.53
2026-05-26,P1035,16,40556.96
2026-05-27,P1035,12,30417.72
2026-05-28,P1035,10,25348.1
2026-05-29,P1035,9,22813.29
2026-05-30,P1035,13,32952.53
2026-05-31,P1035,14,35487.34
2026-06-01,P1035,13,32952.53
2026-06-02,P1035,15,38022.15
2026-06-03,P1035,15,38022.15
2026-06-04,P1035,7,17743.67
2026-06-05,P1035,9,22813.29
2026-06-06,P1035,14,35487.34
2026-06-07,P1035,12,30417.72
2026-06-08,P1035,10,25348.1
2026-06-09,P1035,15,38022.15
2026-06-10,P1035,14,35487.34
2026-06-11,P1035,12,30417.72
2026-06-12,P1035,22,55765.82
2026-06-13,P1035,18,45626.58
2026-06-14,P1035,17,43091.77
2026-06-15,P1035,14,35487.34
2026-06-16,P1035,13,32952.53
2026-06-17,P1035,13,32952.53
2026-06-18,P1035,12,30417.72
2026-06-19,P1035,11,27882.91
2026-06-20,P1035,17,43091.77
2026-06-21,P1035,15,38022.15
2026-06-22,P1035,5,12674.05
2026-06-23,P1035,11,27882.91
2026-06-24,P1035,13,32952.53
2026-06-25,P1035,10,25348.1
2026-06-26,P1035,9,22813.29
2026-06-27,P1035,10,25348.1
2026-06-28,P1035,15,38022.15
2026-06-29,P1035,10,25348.1
2026-06-30,P1035,14,35487.34
2026-07-01,P1035,9,22813.29
2026-07-02,P1035,8,20278.48
2026-07-03,P1035,11,27882.91
2026-07-04,P1035,10,25348.1
2026-07-05,P1035,7,17743.67
2026-07-06,P1035,14,35487.34
2026-07-07,P1035,11,27882.91
2026-07-08,P1035,13,32952.53
2026-07-09,P1035,17,43091.77
2026-07-10,P1035,16,40556.96
2026-07-11,P1035,22,55765.82
2026-07-12,P1035,19,48161.39
2026-07-13,P1035,18,45626.58
2026-07-14,P1035,12,30417.72
2026-07-15,P1035,15,38022.15
2026-07-16,P1035,16,40556.96
2026-07-17,P1035,14,35487.34
2026-07-18,P1035,15,38022.15
2026-07-19,P1035,22,55765.82
2026-07-20,P1035,16,40556.96
2026-07-21,P1035,11,27882.91
2026-07-22,P1035,15,38022.15
2026-07-23,P1035,11,27882.91
2026-07-24,P1035,10,25348.1
2026-07-25,P1035,11,27882.91
2026-07-26,P1035,18,45626.58
2026-07-27,P1035,18,45626.58
2026-07-28,P1035,17,43091.77
2026-07-29,P1035,11,27882.91
2026-07-30,P1035,9,22813.29
2026-07-31,P1035,13,32952.53
2026-08-01,P1035,5,12674.05
2026-08-02,P1035,24,60835.44
2026-08-03,P1035,9,22813.29
2026-08-04,P1035,15,38022.15
2026-08-05,P1035,7,17743.67
2026-08-06,P1035,15,38022.15
2026-08-07,P1035,14,35487.34
2026-08-08,P1035,20,50696.2
2026-08-09,P1035,21,53231.01
2026-08-10,P1035,21,53231.01
2026-08-11,P1035,21,53231.01
2026-08-12,P1035,15,38022.15
2026-08-13,P1035,13,32952.53
2026-08-14,P1035,13,32952.53
2026-08-15,P1035,19,48161.39
2026-08-16,P1035,16,40556.96
2026-08-17,P1035,4,10139.24
2026-08-18,P1035,11,27882.91
2026-08-19,P1035,10,25348.1
2026-08-20,P1035,11,27882.91
2026-08-21,P1035,10,25348.1
2026-08-22,P1035,14,35487.34
2026-08-23,P1035,14,35487.34
2026-08-24,P1035,6,15208.86
2026-08-25,P1035,4,10139.24
2026-08-26,P1035,6,15208.86
2026-08-27,P1035,15,38022.15
2026-08-28,P1035,9,22813.29
2026-08-29,P1035,14,35487.34
2026-08-30,P1035,12,30417.72
2026-08-31,P1035,10,25348.1
2026-09-01,P1035,8,20278.48
2026-09-02,P1035,18,45626.58
2026-09-03,P1035,13,32952.53
2026-03-08,P1036,10,10682.9
2026-03-09,P1036,15,16024.35
2026-03-10,P1036,11,11751.19
2026-03-11,P1036,14,14956.06
2026-03-12,P1036,12,12819.48
2026-03-13,P1036,13,13887.77
2026-03-14,P1036,24,25638.96
2026-03-15,P1036,25,26707.25
2026-03-16,P1036,16,17092.64
2026-03-17,P1036,15,16024.35
2026-03-18,P1036,15,16024.35
2026-03-19,P1036,21,22434.09
2026-03-20,P1036,17,18160.93
2026-03-21,P1036,16,17092.64
2026-03-22,P1036,9,9614.61
2026-03-23,P1036,11,11751.19
2026-03-24,P1036,14,
2026-03-25,P1036,13,13887.77
2026-03-26,P1036,7,7478.03
2026-03-27,P1036,4,4273.16
2026-03-28,P1036,11,11751.19
2026-03-29,P1036,10,10682.9
2026-03-30,P1036,8,8546.32
2026-03-31,P1036,7,7478.03
2026-04-01,P1036,14,14956.06
2026-04-02,P1036,3,3204.87
2026-04-03,P1036,7,7478.03
2026-04-04,P1036,9,9614.61
2026-04-05,P1036,10,10682.9
2026-04-06,P1036,10,10682.9
2026-04-07,P1036,13,13887.77
2026-04-08,P1036,7,7478.03
2026-04-09,P1036,10,10682.9
2026-04-10,P1036,12,12819.48
2026-04-11,P1036,16,17092.64
2026-04-12,P1036,17,18160.93
2026-04-13,P1036,16,17092.64
2026-04-14,P1036,12,12819.48
2026-04-15,P1036,19,20297.51
2026-04-16,P1036,16,17092.64
2026-04-17,P1036,22,23502.38
2026-04-18,P1036,14,14956.06
2026-04-19,P1036,22,23502.38
2026-04-20,P1036,15,16024.35
2026-04-21,P1036,16,17092.64
2026-04-22,P1036,16,17092.64
2026-04-23,P1036,9,9614.61
2026-04-24,P1036,14,14956.06
2026-04-25,P1036,14,14956.06
2026-04-26,P1036,12,12819.48
2026-04-27,P1036,6,6409.74
2026-04-28,P1036,5,5341.45
2026-04-29,P1036,11,11751.19
2026-04-30,P1036,7,7478.03
2026-05-01,P1036,7,7478.03
2026-05-02,P1036,9,9614.61
2026-05-03,P1036,13,13887.77
2026-05-04,P1036,9,9614.61
2026-05-05,P1036,10,10682.9
2026-05-06,P1036,9,9614.61
2026-05-07,P1036,7,7478.03
2026-05-08,P1036,16,17092.64
2026-05-09,P1036,15,16024.35
2026-05-10,P1036,17,18160.93
2026-05-11,P1036,16,17092.64
2026-05-12,P1036,12,12819.48
2026-05-13,P1036,14,14956.06
2026-05-14,P1036,11,11751.19
2026-05-15,P1036,20,21365.8
2026-05-16,P1036,26,27775.54
2026-05-17,P1036,21,22434.09
2026-05-18,P1036,14,14956.06
2026-05-19,P1036,12,12819.48
2026-05-20,P1036,13,13887.77
2026-05-21,P1036,13,13887.77
2026-05-22,P1036,11,11751.19
2026-05-23,P1036,19,20297.51
2026-05-24,P1036,12,12819.48
2026-05-25,P1036,10,10682.9
2026-05-26,P1036,11,11751.19
2026-05-27,P1036,7,7478.03
2026-05-28,P1036,6,6409.74
2026-05-29,P1036,4,4273.16
2026-05-30,P1036,10,10682.9
2026-05-31,P1036,9,9614.61
2026-06-01,P1036,13,13887.77
2026-06-02,P1036,12,12819.48
2026-06-03,P1036,7,7478.03
2026-06-04,P1036,14,14956.06
2026-06-05,P1036,8,8546.32
2026-06-06,P1036,11,11751.19
2026-06-07,P1036,19,20297.51
2026-06-08,P1036,20,21365.8
2026-06-09,P1036,16,17092.64
2026-06-10,P1036,16,17092.64
2026-06-11,P1036,17,18160.93
2026-06-12,P1036,20,21365.8
2026-06-13,P1036,26,27775.54
2026-06-14,P1036,17,18160.93
2026-06-15,P1036,21,22434.09
2026-06-16,P1036,18,19229.22
2026-06-17,P1036,15,16024.35
2026-06-18,P1036,15,16024.35
2026-06-19,P1036,16,17092.64
2026-06-20,P1036,13,13887.77
2026-06-21,P1036,15,16024.35
2026-06-22,P1036,15,16024.35
2026-06-23,P1036,9,9614.61
2026-06-24,P1036,17,18160.93
2026-06-25,P1036,7,7478.03
2026-06-26,P1036,7,7478.03
2026-06-27,P1036,16,17092.64
2026-06-28,P1036,9,9614.61
2026-06-29,P1036,12,12819.48
2026-06-30,P1036,6,6409.74
2026-07-01,P1036,9,9614.61
2026-07-02,P1036,7,7478.03
2026-07-03,P1036,10,10682.9
2026-07-04,P1036,19,20297.51
2026-07-05,P1036,11,11751.19
2026-07-06,P1036,16,17092.64
2026-07-07,P1036,15,16024.35
2026-07-08,P1036,10,10682.9
2026-07-09,P1036,14,14956.06
2026-07-10,P1036,21,22434.09
2026-07-11,P1036,14,14956.06
2026-07-12,P1036,23,24570.67
2026-07-13,P1036,23,24570.67
2026-07-14,P1036,21,22434.09
2026-07-15,P1036,25,26707.25
2026-07-16,P1036,11,11751.19
2026-07-17,P1036,15,16024.35
2026-07-18,P1036,28,29912.12
2026-07-19,P1036,30,32048.7
2026-07-20,P1036,19,20297.51
2026-07-21,P1036,16,17092.64
2026-07-22,P1036,10,10682.9
2026-07-23,P1036,5,5341.45
2026-07-24,P1036,16,17092.64
2026-07-25,P1036,11,11751.19
2026-07-26,P1036,12,12819.48
2026-07-27,P1036,8,8546.32
2026-07-28,P1036,9,9614.61
2026-07-29,P1036,8,8546.32
2026-07-30,P1036,10,10682.9
2026-07-31,P1036,7,7478.03
2026-08-01,P1036,9,9614.61
2026-08-02,P1036,14,14956.06
2026-08-03,P1036,8,8546.32
2026-08-04,P1036,15,16024.35
2026-08-05,P1036,14,14956.06
2026-08-06,P1036,15,16024.35
2026-08-07,P1036,18,19229.22
2026-08-08,P1036,27,28843.83
2026-08-09,P1036,24,25638.96
2026-08-10,P1036,31,33116.99
2026-08-11,P1036,21,22434.09
2026-08-12,P1036,14,14956.06
2026-08-13,P1036,16,17092.64
2026-08-14,P1036,24,25638.96
2026-08-15,P1036,28,29912.12
2026-08-16,P1036,27,28843.83
2026-08-17,P1036,19,20297.51
2026-08-18,P1036,16,17092.64
2026-08-19,P1036,15,16024.35
2026-08-20,P1036,12,12819.48
2026-08-21,P1036,12,12819.48
2026-08-22,P1036,10,10682.9
2026-08-23,P1036,16,17092.64
2026-08-24,P1036,9,9614.61
2026-08-25,P1036,9,9614.61
2026-08-26,P1036,8,8546.32
2026-08-27,P1036,9,9614.61
2026-08-28,P1036,10,10682.9
2026-08-29,P1036,6,6409.74
2026-08-30,P1036,13,13887.77
2026-08-31,P1036,10,10682.9
2026-09-01,P1036,12,12819.48
2026-09-02,P1036,14,14956.06
2026-09-03,P1036,16,17092.64
2026-03-08,P1037,8,2959.04
2026-03-09,P1037,7,2589.16
2026-03-10,P1037,8,2959.04
2026-03-11,P1037,6,2219.28
2026-03-12,P1037,4,1479.52
2026-03-13,P1037,1,369.88
2026-03-14,P1037,5,1849.4
2026-03-15,P1037,6,2219.28
2026-03-16,P1037,8,2959.04
2026-03-17,P1037,3,1109.64
2026-03-18,P1037,3,1109.64
2026-03-19,P1037,9,3328.92
2026-03-20,P1037,7,2589.16
2026-03-21,P1037,5,1849.4
2026-03-22,P1037,4,1479.52
2026-03-23,P1037,4,1479.52
2026-03-24,P1037,7,2589.16
2026-03-25,P1037,7,2589.16
2026-03-26,P1037,7,2589.16
2026-03-27,P1037,8,2959.04
2026-03-28,P1037,2,739.76
2026-03-29,P1037,8,2959.04
2026-03-30,P1037,10,3698.8
2026-03-31,P1037,7,2589.16
2026-04-01,P1037,5,1849.4
2026-04-02,P1037,8,2959.04
2026-04-03,P1037,5,1849.4
2026-04-04,P1037,2,739.76
2026-04-05,P1037,9,3328.92
2026-04-06,P1037,8,2959.04
2026-04-07,P1037,2,739.76
2026-04-08,P1037,6,2219.28
2026-04-09,P1037,5,1849.4
2026-04-10,P1037,7,2589.16
2026-04-11,P1037,3,1109.64
2026-04-12,P1037,4,1479.52
2026-04-13,P1037,8,2959.04
2026-04-14,P1037,7,2589.16
2026-04-15,P1037,6,2219.28
2026-04-16,P1037,3,1109.64
2026-04-17,P1037,8,2959.04
2026-04-18,P1037,10,3698.8
2026-04-19,P1037,6,2219.28
2026-04-20,P1037,8,2959.04
2026-04-21,P1037,4,1479.52
2026-04-22,P1037,9,3328.92
2026-04-23,P1037,6,2219.28
2026-04-24,P1037,7,2589.16
2026-04-25,P1037,9,3328.92
2026-04-26,P1037,9,3328.92
2026-04-27,P1037,6,2219.28
2026-04-28,P1037,3,1109.64
2026-04-29,P1037,4,1479.52
2026-04-30,P1037,8,2959.04
2026-05-01,P1037,6,2219.28
2026-05-02,P1037,2,739.76
2026-05-03,P1037,4,1479.52
2026-05-04,P1037,6,2219.28
2026-05-05,P1037,6,2219.28
2026-05-06,P1037,5,1849.4
2026-05-07,P1037,3,1109.64
2026-05-08,P1037,2,739.76
2026-05-09,P1037,7,2589.16
2026-05-10,P1037,13,4808.44
2026-05-11,P1037,7,2589.16
2026-05-12,P1037,5,1849.4
2026-05-13,P1037,2,739.76
2026-05-14,P1037,7,2589.16
2026-05-15,P1037,5,1849.4
2026-05-16,P1037,7,2589.16
2026-05-17,P1037,7,2589.16
2026-05-18,P1037,9,3328.92
2026-05-19,P1037,2,739.76
2026-05-20,P1037,8,2959.04
2026-05-21,P1037,4,1479.52
2026-05-22,P1037,5,
2026-05-23,P1037,5,1849.4
2026-05-24,P1037,4,1479.52
2026-05-25,P1037,3,1109.64
2026-05-26,P1037,7,2589.16
2026-05-27,P1037,3,1109.64
2026-05-28,P1037,4,1479.52
2026-05-29,P1037,2,739.76
2026-05-30,P1037,5,1849.4
2026-05-31,P1037,7,2589.16
2026-06-01,P1037,4,1479.52
2026-06-02,P1037,3,1109.64
2026-06-03,P1037,5,1849.4
2026-06-04,P1037,4,1479.52
2026-06-05,P1037,6,2219.28
2026-06-06,P1037,11,4068.68
2026-06-07,P1037,11,4068.68
2026-06-08,P1037,6,2219.28
2026-06-09,P1037,7,2589.16
2026-06-10,P1037,9,3328.92
2026-06-11,P1037,7,2589.16
2026-06-12,P1037,7,2589.16
2026-06-13,P1037,5,1849.4
2026-06-14,P1037,7,2589.16
2026-06-15,P1037,9,3328.92
2026-06-16,P1037,7,2589.16
2026-06-17,P1037,9,3328.92
2026-06-18,P1037,10,3698.8
2026-06-19,P1037,5,1849.4
2026-06-20,P1037,7,2589.16
2026-06-21,P1037,5,1849.4
2026-06-22,P1037,4,1479.52
2026-06-23,P1037,10,3698.8
2026-06-24,P1037,3,1109.64
2026-06-25,P1037,3,1109.64
2026-06-26,P1037,8,2959.04
2026-06-27,P1037,9,3328.92
2026-06-28,P1037,4,1479.52
2026-06-29,P1037,2,739.76
2026-06-30,P1037,3,1109.64
2026-07-01,P1037,3,1109.64
2026-07-02,P1037,6,2219.28
2026-07-03,P1037,7,2589.16
2026-07-04,P1037,12,4438.56
2026-07-05,P1037,14,5178.32
2026-07-06,P1037,5,1849.4
2026-07-07,P1037,8,2959.04
2026-07-08,P1037,6,2219.28
2026-07-09,P1037,6,2219.28
2026-07-10,P1037,9,3328.92
2026-07-11,P1037,5,1849.4
2026-07-12,P1037,8,2959.04
2026-07-13,P1037,5,1849.4
2026-07-14,P1037,7,2589.16
2026-07-15,P1037,7,2589.16
2026-07-16,P1037,8,2959.04
2026-07-17,P1037,4,1479.52
2026-07-18,P1037,8,2959.04
2026-07-19,P1037,9,3328.92
2026-07-20,P1037,5,1849.4
2026-07-22,P1037,4,1479.52
2026-07-23,P1037,5,1849.4
2026-07-25,P1037,4,1479.52
2026-07-26,P1037,4,1479.52
2026-07-27,P1037,6,2219.28
2026-07-28,P1037,8,2959.04
2026-07-29,P1037,1,369.88
2026-07-30,P1037,5,1849.4
2026-07-31,P1037,2,739.76
2026-08-01,P1037,7,2589.16
2026-08-02,P1037,9,3328.92
2026-08-03,P1037,8,2959.04
2026-08-04,P1037,4,1479.52
2026-08-05,P1037,7,2589.16
2026-08-06,P1037,8,2959.04
2026-08-07,P1037,5,1849.4
2026-08-08,P1037,7,2589.16
2026-08-09,P1037,3,1109.64
2026-08-10,P1037,10,3698.8
2026-08-11,P1037,10,3698.8
2026-08-12,P1037,8,2959.04
2026-08-13,P1037,13,4808.44
2026-08-14,P1037,3,1109.64
2026-08-15,P1037,5,1849.4
2026-08-16,P1037,13,4808.44
2026-08-17,P1037,6,2219.28
2026-08-18,P1037,10,3698.8
2026-08-19,P1037,4,1479.52
2026-08-20,P1037,6,2219.28
2026-08-21,P1037,4,1479.52
2026-08-22,P1037,5,1849.4
2026-08-23,P1037,3,1109.64
2026-08-24,P1037,8,2959.04
2026-08-25,P1037,7,2589.16
2026-08-26,P1037,5,1849.4
2026-08-27,P1037,4,1479.52
2026-08-28,P1037,8,2959.04
2026-08-29,P1037,6,2219.28
2026-08-30,P1037,9,3328.92
2026-08-31,P1037,7,2589.16
2026-09-01,P1037,9,3328.92
2026-09-02,P1037,4,1479.52
2026-09-03,P1037,7,2589.16
2026-03-08,P1038,4,866.76
2026-03-09,P1038,5,1083.45
2026-03-10,P1038,2,433.38
2026-03-11,P1038,2,433.38
2026-03-12,P1038,1,216.69
2026-03-14,P1038,7,1516.83
2026-03-15,P1038,2,433.38
2026-03-16,P1038,2,433.38
2026-03-17,P1038,1,216.69
2026-03-18,P1038,2,433.38
2026-03-19,P1038,1,216.69
2026-03-20,P1038,5,1083.45
2026-03-21,P1038,2,433.38
2026-03-22,P1038,1,216.69
2026-03-23,P1038,5,1083.45
2026-03-24,P1038,1,216.69
2026-03-25,P1038,3,650.07
2026-03-26,P1038,7,1516.83
2026-03-27,P1038,4,866.76
2026-03-28,P1038,5,1083.45
2026-03-29,P1038,2,433.38
2026-03-30,P1038,1,216.69
2026-03-31,P1038,3,650.07
2026-04-01,P1038,5,1083.45
2026-04-02,P1038,2,433.38
2026-04-03,P1038,2,433.38
2026-04-04,P1038,1,216.69
2026-04-05,P1038,4,866.76
2026-04-06,P1038,5,1083.45
2026-04-07,P1038,2,433.38
2026-04-08,P1038,1,216.69
2026-04-09,P1038,4,866.76
2026-04-10,P1038,3,650.07
2026-04-11,P1038,2,433.38
2026-04-12,P1038,3,650.07
2026-04-13,P1038,4,866.76
2026-04-14,P1038,3,650.07
2026-04-15,P1038,4,866.76
2026-04-16,P1038,2,433.38
2026-04-17,P1038,5,1083.45
2026-04-18,P1038,6,1300.14
2026-04-19,P1038,5,1083.45
2026-04-20,P1038,2,433.38
2026-04-21,P1038,2,433.38
2026-04-23,P1038,1,216.69
2026-04-24,P1038,6,1300.14
2026-04-25,P1038,2,433.38
2026-04-26,P1038,3,650.07
2026-04-27,P1038,3,650.07
2026-04-29,P1038,3,650.07
2026-04-30,P1038,3,650.07
2026-05-01,P1038,3,650.07
2026-05-02,P1038,3,650.07
2026-05-03,P1038,1,216.69
2026-05-05,P1038,3,650.07
2026-05-07,P1038,6,1300.14
2026-05-08,P1038,1,216.69
2026-05-09,P1038,2,433.38
2026-05-10,P1038,1,216.69
2026-05-11,P1038,3,650.07
2026-05-12,P1038,3,650.07
2026-05-13,P1038,3,650.07
2026-05-14,P1038,7,1516.83
2026-05-15,P1038,6,1300.14
2026-05-16,P1038,2,433.38
2026-05-17,P1038,3,650.07
2026-05-18,P1038,2,433.38
2026-05-19,P1038,4,866.76
2026-05-20,P1038,2,433.38
2026-05-21,P1038,4,866.76
2026-05-22,P1038,3,650.07
2026-05-23,P1038,5,1083.45
2026-05-24,P1038,5,1083.45
2026-05-25,P1038,1,216.69
2026-05-27,P1038,2,433.38
2026-05-28,P1038,3,650.07
2026-05-29,P1038,1,216.69
2026-05-30,P1038,3,650.07
2026-05-31,P1038,6,1300.14
2026-06-01,P1038,1,216.69
2026-06-02,P1038,5,1083.45
2026-06-03,P1038,1,216.69
2026-06-04,P1038,3,650.07
2026-06-05,P1038,2,433.38
2026-06-06,P1038,2,433.38
2026-06-07,P1038,3,650.07
2026-06-08,P1038,2,433.38
2026-06-09,P1038,7,1516.83
2026-06-10,P1038,2,433.38
2026-06-12,P1038,2,433.38
2026-06-13,P1038,5,1083.45
2026-06-14,P1038,5,1083.45
2026-06-15,P1038,4,866.76
2026-06-16,P1038,3,650.07
2026-06-17,P1038,2,433.38
2026-06-18,P1038,4,866.76
2026-06-19,P1038,2,433.38
2026-06-20,P1038,3,650.07
2026-06-21,P1038,4,866.76
2026-06-22,P1038,1,216.69
2026-06-23,P1038,4,866.76
2026-06-25,P1038,2,433.38
2026-06-26,P1038,4,866.76
2026-06-27,P1038,3,650.07
2026-06-28,P1038,5,1083.45
2026-06-29,P1038,1,216.69
2026-07-01,P1038,3,650.07
2026-07-03,P1038,4,866.76
2026-07-04,P1038,7,1516.83
2026-07-05,P1038,5,1083.45
2026-07-06,P1038,3,650.07
2026-07-07,P1038,1,216.69
2026-07-08,P1038,3,650.07
2026-07-09,P1038,5,1083.45
2026-07-10,P1038,5,1083.45
2026-07-11,P1038,2,433.38
2026-07-12,P1038,13,2816.97
2026-07-13,P1038,4,866.76
2026-07-14,P1038,3,650.07
2026-07-15,P1038,6,1300.14
2026-07-16,P1038,3,650.07
2026-07-17,P1038,2,433.38
2026-07-18,P1038,3,650.07
2026-07-19,P1038,5,1083.45
2026-07-20,P1038,3,650.07
2026-07-21,P1038,2,433.38
2026-07-22,P1038,4,866.76
2026-07-23,P1038,1,216.69
2026-07-24,P1038,2,433.38
2026-07-25,P1038,5,1083.45
2026-07-26,P1038,4,866.76
2026-07-27,P1038,4,866.76
2026-07-28,P1038,1,216.69
2026-07-29,P1038,5,1083.45
2026-07-30,P1038,6,1300.14
2026-07-31,P1038,1,216.69
2026-08-01,P1038,1,216.69
2026-08-02,P1038,7,1516.83
2026-08-03,P1038,2,433.38
2026-08-04,P1038,1,216.69
2026-08-05,P1038,4,866.76
2026-08-06,P1038,2,433.38
2026-08-07,P1038,5,1083.45
2026-08-08,P1038,6,1300.14
2026-08-09,P1038,4,866.76
2026-08-10,P1038,2,433.38
2026-08-11,P1038,8,
2026-08-12,P1038,8,1733.52
2026-08-13,P1038,2,433.38
2026-08-14,P1038,3,650.07
2026-08-15,P1038,4,866.76
2026-08-16,P1038,6,1300.14
2026-08-17,P1038,5,1083.45
2026-08-18,P1038,6,1300.14
2026-08-19,P1038,5,1083.45
2026-08-20,P1038,2,433.38
2026-08-21,P1038,1,216.69
2026-08-22,P1038,5,1083.45
2026-08-23,P1038,2,433.38
2026-08-24,P1038,2,433.38
2026-08-25,P1038,1,216.69
2026-08-26,P1038,4,866.76
2026-08-27,P1038,3,650.07
2026-08-28,P1038,5,1083.45
2026-08-29,P1038,5,1083.45
2026-08-30,P1038,1,216.69
2026-08-31,P1038,3,650.07
2026-09-01,P1038,2,433.38
2026-09-02,P1038,4,866.76
2026-09-03,P1038,6,1300.14
2026-03-08,P1039,6,2147.58
2026-03-09,P1039,5,1789.65
2026-03-10,P1039,7,2505.51
2026-03-11,P1039,9,3221.37
2026-03-12,P1039,11,3937.23
2026-03-13,P1039,9,3221.37
2026-03-14,P1039,9,3221.37
2026-03-15,P1039,6,2147.58
2026-03-16,P1039,9,3221.37
2026-03-17,P1039,9,3221.37
2026-03-18,P1039,12,4295.16
2026-03-19,P1039,8,2863.44
2026-03-20,P1039,9,3221.37
2026-03-21,P1039,17,6084.81
2026-03-22,P1039,12,4295.16
2026-03-23,P1039,7,2505.51
2026-03-24,P1039,10,3579.3
2026-03-25,P1039,11,3937.23
2026-03-26,P1039,11,3937.23
2026-03-27,P1039,9,3221.37
2026-03-28,P1039,9,3221.37
2026-03-29,P1039,11,3937.23
2026-03-30,P1039,5,1789.65
2026-03-31,P1039,5,1789.65
2026-04-01,P1039,7,2505.51
2026-04-02,P1039,8,2863.44
2026-04-03,P1039,7,2505.51
2026-04-04,P1039,12,4295.16
2026-04-05,P1039,6,2147.58
2026-04-06,P1039,9,3221.37
2026-04-07,P1039,9,3221.37
2026-04-08,P1039,12,4295.16
2026-04-09,P1039,6,2147.58
2026-04-10,P1039,10,3579.3
2026-04-11,P1039,20,7158.6
2026-04-12,P1039,11,3937.23
2026-04-13,P1039,11,3937.23
2026-04-14,P1039,12,4295.16
2026-04-15,P1039,17,6084.81
2026-04-16,P1039,13,4653.09
2026-04-17,P1039,14,5011.02
2026-04-18,P1039,14,5011.02
2026-04-19,P1039,15,5368.95
2026-04-20,P1039,6,2147.58
2026-04-21,P1039,7,2505.51
2026-04-22,P1039,6,2147.58
2026-04-23,P1039,8,2863.44
2026-04-24,P1039,4,1431.72
2026-04-25,P1039,4,1431.72
2026-04-26,P1039,7,2505.51
2026-04-27,P1039,6,2147.58
2026-04-28,P1039,5,1789.65
2026-04-29,P1039,4,1431.72
2026-04-30,P1039,6,2147.58
2026-05-01,P1039,7,2505.51
2026-05-02,P1039,15,5368.95
2026-05-03,P1039,10,3579.3
2026-05-04,P1039,5,1789.65
2026-05-05,P1039,2,715.86
2026-05-06,P1039,5,1789.65
2026-05-07,P1039,8,2863.44
2026-05-08,P1039,5,1789.65
2026-05-09,P1039,10,3579.3
2026-05-10,P1039,15,5368.95
2026-05-11,P1039,10,3579.3
2026-05-12,P1039,15,5368.95
2026-05-13,P1039,18,6442.74
2026-05-14,P1039,15,5368.95
2026-05-15,P1039,13,4653.09
2026-05-16,P1039,14,5011.02
2026-05-17,P1039,22,7874.46
2026-05-18,P1039,14,5011.02
2026-05-19,P1039,10,3579.3
2026-05-20,P1039,11,3937.23
2026-05-21,P1039,9,3221.37
2026-05-22,P1039,9,3221.37
2026-05-23,P1039,11,3937.23
2026-05-24,P1039,9,3221.37
2026-05-25,P1039,7,2505.51
2026-05-26,P1039,7,2505.51
2026-05-27,P1039,8,2863.44
2026-05-28,P1039,10,3579.3
2026-05-29,P1039,9,3221.37
2026-05-30,P1039,9,3221.37
2026-05-31,P1039,8,2863.44
2026-06-01,P1039,5,1789.65
2026-06-02,P1039,7,2505.51
2026-06-03,P1039,4,1431.72
2026-06-04,P1039,5,1789.65
2026-06-05,P1039,10,3579.3
2026-06-06,P1039,10,3579.3
2026-06-07,P1039,11,3937.23
2026-06-08,P1039,9,3221.37
2026-06-09,P1039,13,4653.09
2026-06-10,P1039,12,4295.16
2026-06-11,P1039,11,3937.23
2026-06-12,P1039,10,3579.3
2026-06-13,P1039,14,5011.02
2026-06-14,P1039,11,3937.23
2026-06-15,P1039,10,3579.3
2026-06-16,P1039,13,4653.09
2026-06-17,P1039,15,5368.95
2026-06-18,P1039,12,4295.16
2026-06-19,P1039,15,5368.95
2026-06-20,P1039,14,5011.02
2026-06-21,P1039,14,5011.02
2026-06-22,P1039,15,5368.95
2026-06-23,P1039,6,2147.58
2026-06-24,P1039,7,2505.51
2026-06-25,P1039,10,3579.3
2026-06-26,P1039,4,1431.72
2026-06-27,P1039,7,2505.51
2026-06-28,P1039,4,1431.72
2026-06-29,P1039,6,2147.58
2026-06-30,P1039,8,2863.44
2026-07-01,P1039,6,2147.58
2026-07-02,P1039,7,2505.51
2026-07-03,P1039,5,1789.65
2026-07-04,P1039,14,5011.02
2026-07-05,P1039,11,3937.23
2026-07-06,P1039,6,2147.58
2026-07-07,P1039,16,5726.88
2026-07-08,P1039,16,5726.88
2026-07-09,P1039,14,5011.02
2026-07-10,P1039,15,5368.95
2026-07-11,P1039,9,3221.37
2026-07-12,P1039,19,6800.67
2026-07-13,P1039,15,5368.95
2026-07-14,P1039,12,4295.16
2026-07-15,P1039,11,3937.23
2026-07-16,P1039,19,6800.67
2026-07-17,P1039,10,3579.3
2026-07-18,P1039,13,4653.09
2026-07-19,P1039,11,3937.23
2026-07-20,P1039,12,4295.16
2026-07-21,P1039,14,5011.02
2026-07-22,P1039,10,3579.3
2026-07-23,P1039,6,2147.58
2026-07-24,P1039,9,3221.37
2026-07-25,P1039,5,1789.65
2026-07-26,P1039,10,3579.3
2026-07-27,P1039,7,2505.51
2026-07-28,P1039,10,3579.3
2026-07-29,P1039,2,715.86
2026-07-30,P1039,6,2147.58
2026-08-01,P1039,7,2505.51
2026-08-02,P1039,10,3579.3
2026-08-03,P1039,11,3937.23
2026-08-04,P1039,4,1431.72
2026-08-05,P1039,13,4653.09
2026-08-06,P1039,9,3221.37
2026-08-07,P1039,15,5368.95
2026-08-08,P1039,14,5011.02
2026-08-09,P1039,21,7516.53
2026-08-10,P1039,8,2863.44
2026-08-11,P1039,18,6442.74
2026-08-12,P1039,16,5726.88
2026-08-13,P1039,7,2505.51
2026-08-14,P1039,16,5726.88
2026-08-15,P1039,28,10022.04
2026-08-16,P1039,12,4295.16
2026-08-17,P1039,11,3937.23
2026-08-18,P1039,12,4295.16
2026-08-19,P1039,11,3937.23
2026-08-20,P1039,11,3937.23
2026-08-21,P1039,7,2505.51
2026-08-22,P1039,11,3937.23
2026-08-23,P1039,10,3579.3
2026-08-24,P1039,11,3937.23
2026-08-25,P1039,4,1431.72
2026-08-26,P1039,5,1789.65
2026-08-27,P1039,13,4653.09
2026-08-28,P1039,5,1789.65
2026-08-29,P1039,10,3579.3
2026-08-30,P1039,10,3579.3
2026-08-31,P1039,7,2505.51
2026-09-01,P1039,10,3579.3
2026-09-02,P1039,7,2505.51
2026-09-03,P1039,10,3579.3
2026-03-08,P1040,6,3241.74
2026-03-09,P1040,5,2701.45
2026-03-10,P1040,4,2161.16
2026-03-11,P1040,9,4862.61
2026-03-12,P1040,10,5402.9
2026-03-13,P1040,10,5402.9
2026-03-14,P1040,14,7564.06
2026-03-15,P1040,12,6483.48
2026-03-16,P1040,15,8104.35
2026-03-17,P1040,11,5943.19
2026-03-18,P1040,9,4862.61
2026-03-19,P1040,9,4862.61
2026-03-20,P1040,7,3782.03
2026-03-21,P1040,19,10265.51
2026-03-22,P1040,15,8104.35
2026-03-23,P1040,7,3782.03
2026-03-24,P1040,5,2701.45
2026-03-25,P1040,10,5402.9
2026-03-26,P1040,8,4322.32
2026-03-27,P1040,8,4322.32
2026-03-28,P1040,9,4862.61
2026-03-29,P1040,5,2701.45
2026-03-30,P1040,12,6483.48
2026-03-31,P1040,3,1620.87
2026-04-01,P1040,6,3241.74
2026-04-02,P1040,8,4322.32
2026-04-03,P1040,3,1620.87
2026-04-04,P1040,4,2161.16
2026-04-05,P1040,13,7023.77
2026-04-06,P1040,10,5402.9
2026-04-07,P1040,14,7564.06
2026-04-08,P1040,5,2701.45
2026-04-09,P1040,7,3782.03
2026-04-10,P1040,5,2701.45
2026-04-11,P1040,14,7564.06
2026-04-12,P1040,16,8644.64
2026-04-13,P1040,13,7023.77
2026-04-14,P1040,7,3782.03
2026-04-15,P1040,12,6483.48
2026-04-16,P1040,1,540.29
2026-04-17,P1040,6,3241.74
2026-04-18,P1040,12,6483.48
2026-04-19,P1040,14,7564.06
2026-04-20,P1040,13,7023.77
2026-04-21,P1040,5,2701.45
2026-04-22,P1040,13,7023.77
2026-04-23,P1040,8,4322.32
2026-04-24,P1040,6,3241.74
2026-04-25,P1040,14,7564.06
2026-04-26,P1040,7,3782.03
2026-04-27,P1040,4,2161.16
2026-04-28,P1040,9,4862.61
2026-04-29,P1040,7,3782.03
2026-04-30,P1040,5,2701.45
2026-05-01,P1040,4,2161.16
2026-05-02,P1040,13,7023.77
2026-05-03,P1040,8,4322.32
2026-05-04,P1040,8,4322.32
2026-05-05,P1040,7,3782.03
2026-05-06,P1040,8,4322.32
2026-05-07,P1040,9,4862.61
2026-05-08,P1040,8,4322.32
2026-05-09,P1040,12,6483.48
2026-05-10,P1040,7,3782.03
2026-05-11,P1040,6,3241.74
2026-05-12,P1040,7,3782.03
2026-05-13,P1040,8,4322.32
2026-05-14,P1040,13,7023.77
2026-05-15,P1040,13,7023.77
2026-05-16,P1040,15,8104.35
2026-05-17,P1040,12,6483.48
2026-05-18,P1040,7,3782.03
2026-05-19,P1040,5,2701.45
2026-05-20,P1040,10,5402.9
2026-05-21,P1040,6,3241.74
2026-05-22,P1040,10,5402.9
2026-05-23,P1040,10,5402.9
2026-05-24,P1040,10,5402.9
2026-05-25,P1040,10,5402.9
2026-05-26,P1040,9,4862.61
2026-05-27,P1040,9,4862.61
2026-05-28,P1040,1,540.29
2026-05-29,P1040,6,3241.74
2026-05-30,P1040,8,4322.32
2026-05-31,P1040,11,5943.19
2026-06-01,P1040,9,4862.61
2026-06-02,P1040,7,3782.03
2026-06-03,P1040,13,7023.77
2026-06-04,P1040,8,4322.32
2026-06-05,P1040,8,4322.32
2026-06-06,P1040,5,2701.45
2026-06-07,P1040,12,6483.48
2026-06-08,P1040,9,4862.61
2026-06-09,P1040,13,7023.77
2026-06-10,P1040,11,5943.19
2026-06-11,P1040,15,8104.35
2026-06-12,P1040,16,8644.64
2026-06-13,P1040,20,10805.8
2026-06-14,P1040,15,8104.35
2026-06-15,P1040,13,7023.77
2026-06-16,P1040,10,5402.9
2026-06-17,P1040,10,5402.9
2026-06-18,P1040,13,7023.77
2026-06-19,P1040,7,3782.03
2026-06-20,P1040,16,8644.64
2026-06-21,P1040,16,8644.64
2026-06-22,P1040,8,4322.32
2026-06-23,P1040,11,5943.19
2026-06-24,P1040,6,3241.74
2026-06-25,P1040,3,1620.87
2026-06-26,P1040,12,6483.48
2026-06-27,P1040,13,7023.77
2026-06-28,P1040,4,2161.16
2026-06-29,P1040,2,1080.58
2026-06-30,P1040,6,3241.74
2026-07-01,P1040,11,5943.19
2026-07-02,P1040,8,4322.32
2026-07-03,P1040,14,7564.06
2026-07-04,P1040,7,3782.03
2026-07-05,P1040,9,4862.61
2026-07-06,P1040,14,7564.06
2026-07-07,P1040,11,5943.19
2026-07-08,P1040,10,5402.9
2026-07-09,P1040,12,6483.48
2026-07-10,P1040,10,5402.9
2026-07-11,P1040,19,10265.51
2026-07-12,P1040,9,4862.61
2026-07-13,P1040,10,5402.9
2026-07-14,P1040,11,5943.19
2026-07-15,P1040,6,3241.74
2026-07-16,P1040,6,3241.74
2026-07-17,P1040,6,3241.74
2026-07-18,P1040,14,7564.06
2026-07-19,P1040,15,8104.35
2026-07-20,P1040,10,5402.9
2026-07-21,P1040,8,4322.32
2026-07-22,P1040,7,3782.03
2026-07-23,P1040,8,4322.32
2026-07-24,P1040,7,3782.03
2026-07-25,P1040,7,3782.03
2026-07-26,P1040,14,7564.06
2026-07-27,P1040,9,4862.61
2026-07-28,P1040,12,6483.48
2026-07-29,P1040,7,3782.03
2026-07-30,P1040,7,3782.03
2026-07-31,P1040,7,3782.03
2026-08-01,P1040,11,5943.19
2026-08-02,P1040,9,4862.61
2026-08-03,P1040,8,4322.32
2026-08-04,P1040,5,2701.45
2026-08-05,P1040,6,3241.74
2026-08-06,P1040,13,7023.77
2026-08-07,P1040,12,6483.48
2026-08-08,P1040,13,7023.77
2026-08-09,P1040,19,10265.51
2026-08-10,P1040,11,5943.19
2026-08-11,P1040,7,3782.03
2026-08-12,P1040,6,3241.74
2026-08-13,P1040,12,6483.48
2026-08-14,P1040,11,5943.19
2026-08-15,P1040,13,7023.77
2026-08-16,P1040,20,10805.8
2026-08-17,P1040,10,5402.9
2026-08-18,P1040,4,2161.16
2026-08-19,P1040,12,6483.48
2026-08-20,P1040,9,4862.61
2026-08-21,P1040,8,4322.32
2026-08-22,P1040,14,7564.06
2026-08-23,P1040,7,3782.03
2026-08-24,P1040,3,1620.87
2026-08-25,P1040,13,7023.77
2026-08-26,P1040,7,3782.03
2026-08-27,P1040,9,4862.61
2026-08-28,P1040,8,4322.32
2026-08-29,P1040,9,4862.61
2026-08-30,P1040,14,7564.06
2026-08-31,P1040,5,2701.45
2026-09-01,P1040,9,4862.61
2026-09-02,P1040,6,3241.74
2026-09-03,P1040,7,3782.03
2026-03-08,P1041,2,907.28
2026-03-09,P1041,2,907.28
2026-03-10,P1041,3,1360.92
2026-03-11,P1041,4,1814.56
2026-03-12,P1041,6,2721.84
2026-03-13,P1041,4,1814.56
2026-03-14,P1041,1,453.64
2026-03-15,P1041,10,4536.4
2026-03-16,P1041,3,1360.92
2026-03-17,P1041,4,1814.56
2026-03-18,P1041,4,1814.56
2026-03-19,P1041,6,2721.84
2026-03-20,P1041,2,907.28
2026-03-21,P1041,5,2268.2
2026-03-22,P1041,5,2268.2
2026-03-23,P1041,7,3175.48
2026-03-24,P1041,1,453.64
2026-03-25,P1041,1,453.64
2026-03-26,P1041,1,453.64
2026-03-27,P1041,1,453.64
2026-03-28,P1041,3,1360.92
2026-03-31,P1041,1,453.64
2026-04-01,P1041,1,453.64
2026-04-02,P1041,3,1360.92
2026-04-03,P1041,4,1814.56
2026-04-04,P1041,2,907.28
2026-04-05,P1041,3,1360.92
2026-04-06,P1041,5,2268.2
2026-04-07,P1041,3,1360.92
2026-04-09,P1041,1,453.64
2026-04-10,P1041,2,907.28
2026-04-11,P1041,5,2268.2
2026-04-12,P1041,3,1360.92
2026-04-13,P1041,4,1814.56
2026-04-14,P1041,1,453.64
2026-04-15,P1041,7,3175.48
2026-04-16,P1041,5,2268.2
2026-04-17,P1041,1,453.64
2026-04-18,P1041,4,1814.56
2026-04-19,P1041,2,907.28
2026-04-20,P1041,2,907.28
2026-04-21,P1041,1,453.64
2026-04-22,P1041,1,453.64
2026-04-25,P1041,1,453.64
2026-04-26,P1041,2,907.28
2026-04-27,P1041,1,453.64
2026-04-28,P1041,4,1814.56
2026-04-29,P1041,1,453.64
2026-05-03,P1041,2,907.28
2026-05-05,P1041,2,907.28
2026-05-06,P1041,3,1360.92
2026-05-07,P1041,2,907.28
2026-05-09,P1041,5,2268.2
2026-05-10,P1041,5,2268.2
2026-05-12,P1041,3,1360.92
2026-05-13,P1041,4,1814.56
2026-05-14,P1041,5,2268.2
2026-05-15,P1041,3,1360.92
2026-05-16,P1041,7,3175.48
2026-05-17,P1041,3,1360.92
2026-05-18,P1041,4,1814.56
2026-05-19,P1041,2,907.28
2026-05-20,P1041,3,1360.92
2026-05-21,P1041,2,907.28
2026-05-22,P1041,2,907.28
2026-05-23,P1041,3,1360.92
2026-05-24,P1041,8,3629.12
2026-05-26,P1041,1,453.64
2026-05-28,P1041,3,1360.92
2026-05-29,P1041,2,907.28
2026-05-31,P1041,2,907.28
2026-06-04,P1041,2,907.28
2026-06-08,P1041,3,1360.92
2026-06-09,P1041,1,453.64
2026-06-10,P1041,1,453.64
2026-06-11,P1041,2,907.28
2026-06-12,P1041,4,1814.56
2026-06-13,P1041,7,3175.48
2026-06-14,P1041,4,1814.56
2026-06-15,P1041,5,2268.2
2026-06-16,P1041,4,1814.56
2026-06-17,P1041,4,1814.56
2026-06-18,P1041,3,1360.92
2026-06-19,P1041,1,453.64
2026-06-20,P1041,4,1814.56
2026-06-21,P1041,3,1360.92
2026-06-22,P1041,4,1814.56
2026-06-24,P1041,2,907.28
2026-06-27,P1041,3,1360.92
2026-06-28,P1041,2,907.28
2026-06-29,P1041,1,453.64
2026-07-03,P1041,3,1360.92
2026-07-04,P1041,2,907.28
2026-07-05,P1041,2,907.28
2026-07-06,P1041,1,453.64
2026-07-07,P1041,2,907.28
2026-07-08,P1041,1,453.64
2026-07-09,P1041,4,1814.56
2026-07-10,P1041,2,907.28
2026-07-11,P1041,2,907.28
2026-07-12,P1041,7,3175.48
2026-07-13,P1041,2,907.28
2026-07-14,P1041,3,1360.92
2026-07-15,P1041,4,1814.56
2026-07-16,P1041,2,907.28
2026-07-17,P1041,3,1360.92
2026-07-18,P1041,4,1814.56
2026-07-19,P1041,1,453.64
2026-07-20,P1041,5,2268.2
2026-07-21,P1041,2,907.28
2026-07-22,P1041,6,2721.84
2026-07-24,P1041,1,453.64
2026-07-27,P1041,7,3175.48
2026-07-28,P1041,3,1360.92
2026-07-29,P1041,1,453.64
2026-07-30,P1041,1,453.64
2026-07-31,P1041,3,1360.92
2026-08-01,P1041,1,453.64
2026-08-03,P1041,3,1360.92
2026-08-04,P1041,1,453.64
2026-08-05,P1041,5,2268.2
2026-08-06,P1041,2,907.28
2026-08-07,P1041,2,907.28
2026-08-08,P1041,4,1814.56
2026-08-09,P1041,6,2721.84
2026-08-10,P1041,2,907.28
2026-08-11,P1041,7,3175.48
2026-08-12,P1041,4,1814.56
2026-08-13,P1041,2,907.28
2026-08-14,P1041,1,453.64
2026-08-15,P1041,7,3175.48
2026-08-16,P1041,2,907.28
2026-08-18,P1041,3,1360.92
2026-08-19,P1041,1,453.64
2026-08-20,P1041,3,1360.92
2026-08-21,P1041,3,1360.92
2026-08-22,P1041,1,453.64
2026-08-24,P1041,4,1814.56
2026-08-26,P1041,1,453.64
2026-08-27,P1041,3,1360.92
2026-08-28,P1041,2,907.28
2026-08-29,P1041,6,2721.84
2026-08-30,P1041,5,2268.2
2026-08-31,P1041,1,453.64
2026-09-01,P1041,1,453.64
2026-09-02,P1041,6,2721.84
2026-09-03,P1041,3,1360.92
2026-03-08,P1042,1,589.65
2026-03-09,P1042,5,2948.25
2026-03-10,P1042,5,2948.25
2026-03-11,P1042,7,4127.55
2026-03-12,P1042,4,2358.6
2026-03-13,P1042,5,2948.25
2026-03-14,P1042,10,5896.5
2026-03-15,P1042,10,5896.5
2026-03-16,P1042,2,
2026-03-17,P1042,6,3537.9
2026-03-18,P1042,6,3537.9
2026-03-19,P1042,4,2358.6
2026-03-20,P1042,2,1179.3
2026-03-21,P1042,9,5306.85
2026-03-22,P1042,5,2948.25
2026-03-23,P1042,5,2948.25
2026-03-26,P1042,2,1179.3
2026-03-27,P1042,7,4127.55
2026-03-28,P1042,5,2948.25
2026-03-30,P1042,6,3537.9
2026-03-31,P1042,3,1768.95
2026-04-01,P1042,1,589.65
2026-04-02,P1042,6,3537.9
2026-04-03,P1042,2,1179.3
2026-04-04,P1042,3,1768.95
2026-04-05,P1042,6,3537.9
2026-04-06,P1042,3,1768.95
2026-04-07,P1042,2,1179.3
2026-04-08,P1042,4,2358.6
2026-04-09,P1042,4,2358.6
2026-04-10,P1042,2,1179.3
2026-04-11,P1042,5,2948.25
2026-04-12,P1042,6,3537.9
2026-04-13,P1042,1,589.65
2026-04-14,P1042,3,1768.95
2026-04-15,P1042,10,5896.5
2026-04-16,P1042,4,2358.6
2026-04-17,P1042,2,1179.3
2026-04-18,P1042,6,3537.9
2026-04-19,P1042,9,5306.85
2026-04-21,P1042,7,4127.55
2026-04-22,P1042,6,3537.9
2026-04-23,P1042,4,2358.6
2026-04-24,P1042,5,2948.25
2026-04-25,P1042,2,1179.3
2026-04-26,P1042,3,1768.95
2026-04-27,P1042,5,2948.25
2026-04-28,P1042,5,2948.25
2026-04-29,P1042,2,1179.3
2026-04-30,P1042,5,2948.25
2026-05-01,P1042,4,2358.6
2026-05-02,P1042,4,2358.6
2026-05-03,P1042,1,589.65
2026-05-04,P1042,6,3537.9
2026-05-05,P1042,3,1768.95
2026-05-06,P1042,7,4127.55
2026-05-07,P1042,5,2948.25
2026-05-08,P1042,2,1179.3
2026-05-09,P1042,7,4127.55
2026-05-10,P1042,8,4717.2
2026-05-11,P1042,7,4127.55
2026-05-12,P1042,10,5896.5
2026-05-13,P1042,3,1768.95
2026-05-14,P1042,1,589.65
2026-05-15,P1042,7,4127.55
2026-05-16,P1042,15,8844.75
2026-05-17,P1042,5,2948.25
2026-05-18,P1042,7,4127.55
2026-05-19,P1042,3,1768.95
2026-05-20,P1042,4,2358.6
2026-05-21,P1042,6,3537.9
2026-05-22,P1042,6,3537.9
2026-05-24,P1042,9,5306.85
2026-05-25,P1042,4,2358.6
2026-05-26,P1042,5,2948.25
2026-05-27,P1042,3,1768.95
2026-05-28,P1042,4,2358.6
2026-05-29,P1042,2,1179.3
2026-05-30,P1042,7,4127.55
2026-05-31,P1042,5,2948.25
2026-06-01,P1042,2,1179.3
2026-06-02,P1042,2,1179.3
2026-06-03,P1042,2,1179.3
2026-06-04,P1042,4,2358.6
2026-06-05,P1042,4,
2026-06-06,P1042,5,2948.25
2026-06-07,P1042,6,3537.9
2026-06-08,P1042,7,4127.55
2026-06-09,P1042,9,5306.85
2026-06-10,P1042,4,2358.6
2026-06-11,P1042,6,3537.9
2026-06-12,P1042,5,2948.25
2026-06-13,P1042,4,2358.6
2026-06-14,P1042,8,4717.2
2026-06-15,P1042,9,5306.85
2026-06-16,P1042,12,7075.8
2026-06-17,P1042,4,2358.6
2026-06-18,P1042,4,2358.6
2026-06-19,P1042,5,2948.25
2026-06-20,P1042,9,5306.85
2026-06-21,P1042,7,4127.55
2026-06-22,P1042,4,2358.6
2026-06-23,P1042,4,2358.6
2026-06-24,P1042,4,2358.6
2026-06-25,P1042,3,1768.95
2026-06-26,P1042,3,1768.95
2026-06-27,P1042,4,2358.6
2026-06-28,P1042,7,4127.55
2026-06-29,P1042,6,3537.9
2026-06-30,P1042,5,2948.25
2026-07-01,P1042,5,2948.25
2026-07-02,P1042,5,2948.25
2026-07-03,P1042,4,2358.6
2026-07-04,P1042,2,1179.3
2026-07-05,P1042,7,4127.55
2026-07-06,P1042,1,589.65
2026-07-07,P1042,5,2948.25
2026-07-08,P1042,3,1768.95
2026-07-09,P1042,8,4717.2
2026-07-10,P1042,5,2948.25
2026-07-11,P1042,11,6486.15
2026-07-12,P1042,6,3537.9
2026-07-13,P1042,6,3537.9
2026-07-14,P1042,9,5306.85
2026-07-15,P1042,5,2948.25
2026-07-16,P1042,8,4717.2
2026-07-17,P1042,5,2948.25
2026-07-18,P1042,9,5306.85
2026-07-19,P1042,4,2358.6
2026-07-20,P1042,6,3537.9
2026-07-21,P1042,4,2358.6
2026-07-22,P1042,6,3537.9
2026-07-23,P1042,4,2358.6
2026-07-24,P1042,3,1768.95
2026-07-25,P1042,4,2358.6
2026-07-26,P1042,5,2948.25
2026-07-27,P1042,3,1768.95
2026-07-28,P1042,3,1768.95
2026-07-29,P1042,2,1179.3
2026-07-30,P1042,2,1179.3
2026-07-31,P1042,5,2948.25
2026-08-01,P1042,11,6486.15
2026-08-02,P1042,9,5306.85
2026-08-03,P1042,6,3537.9
2026-08-04,P1042,4,2358.6
2026-08-05,P1042,4,2358.6
2026-08-06,P1042,6,3537.9
2026-08-07,P1042,4,2358.6
2026-08-08,P1042,4,2358.6
2026-08-09,P1042,12,7075.8
2026-08-10,P1042,8,4717.2
2026-08-11,P1042,5,2948.25
2026-08-12,P1042,10,5896.5
2026-08-13,P1042,5,2948.25
2026-08-14,P1042,4,2358.6
2026-08-15,P1042,4,2358.6
2026-08-16,P1042,11,6486.15
2026-08-17,P1042,3,1768.95
2026-08-18,P1042,9,5306.85
2026-08-19,P1042,1,589.65
2026-08-20,P1042,3,1768.95
2026-08-21,P1042,9,5306.85
2026-08-22,P1042,3,1768.95
2026-08-23,P1042,6,3537.9
2026-08-24,P1042,1,589.65
2026-08-25,P1042,1,589.65
2026-08-26,P1042,4,2358.6
2026-08-27,P1042,3,1768.95
2026-08-28,P1042,4,2358.6
2026-08-29,P1042,6,3537.9
2026-08-30,P1042,5,2948.25
2026-08-31,P1042,6,3537.9
2026-09-01,P1042,7,4127.55
2026-09-02,P1042,6,3537.9
2026-09-03,P1042,5,2948.25
2026-03-08,P1043,3,1277.7
2026-03-09,P1043,1,425.9
2026-03-10,P1043,6,2555.4
2026-03-11,P1043,6,2555.4
2026-03-12,P1043,3,1277.7
2026-03-13,P1043,2,851.8
2026-03-14,P1043,6,2555.4
2026-03-15,P1043,11,4684.9
2026-03-16,P1043,4,1703.6
2026-03-17,P1043,5,2129.5
2026-03-18,P1043,6,2555.4
2026-03-19,P1043,2,851.8
2026-03-20,P1043,6,2555.4
2026-03-21,P1043,2,851.8
2026-03-22,P1043,6,2555.4
2026-03-23,P1043,1,425.9
2026-03-28,P1043,3,1277.7
2026-03-29,P1043,4,1703.6
2026-03-30,P1043,1,425.9
2026-03-31,P1043,5,2129.5
2026-04-02,P1043,2,851.8
2026-04-03,P1043,2,851.8
2026-04-04,P1043,1,425.9
2026-04-05,P1043,1,425.9
2026-04-06,P1043,4,1703.6
2026-04-07,P1043,3,1277.7
2026-04-08,P1043,7,2981.3
2026-04-09,P1043,4,1703.6
2026-04-10,P1043,4,1703.6
2026-04-11,P1043,11,4684.9
2026-04-12,P1043,5,2129.5
2026-04-13,P1043,5,2129.5
2026-04-14,P1043,7,2981.3
2026-04-15,P1043,9,3833.1
2026-04-16,P1043,12,5110.8
2026-04-17,P1043,2,851.8
2026-04-18,P1043,5,2129.5
2026-04-19,P1043,4,1703.6
2026-04-20,P1043,2,851.8
2026-04-21,P1043,2,851.8
2026-04-22,P1043,3,1277.7
2026-04-23,P1043,6,2555.4
2026-04-24,P1043,1,425.9
2026-04-26,P1043,4,1703.6
2026-04-27,P1043,3,1277.7
2026-04-28,P1043,3,1277.7
2026-04-29,P1043,3,1277.7
2026-05-01,P1043,2,851.8
2026-05-02,P1043,1,425.9
2026-05-03,P1043,1,425.9
2026-05-04,P1043,1,425.9
2026-05-05,P1043,3,1277.7
2026-05-06,P1043,4,1703.6
2026-05-07,P1043,3,1277.7
2026-05-09,P1043,6,2555.4
2026-05-10,P1043,7,2981.3
2026-05-11,P1043,4,1703.6
2026-05-12,P1043,4,1703.6
2026-05-13,P1043,3,1277.7
2026-05-14,P1043,4,1703.6
2026-05-15,P1043,4,1703.6
2026-05-16,P1043,11,4684.9
2026-05-17,P1043,5,2129.5
2026-05-18,P1043,2,851.8
2026-05-19,P1043,5,2129.5
2026-05-20,P1043,9,3833.1
2026-05-21,P1043,6,2555.4
2026-05-22,P1043,8,3407.2
2026-05-23,P1043,1,425.9
2026-05-24,P1043,8,3407.2
2026-05-25,P1043,5,2129.5
2026-05-26,P1043,5,2129.5
2026-05-27,P1043,7,2981.3
2026-05-28,P1043,1,425.9
2026-05-29,P1043,3,1277.7
2026-05-30,P1043,1,425.9
2026-05-31,P1043,5,2129.5
2026-06-01,P1043,2,851.8
2026-06-02,P1043,6,2555.4
2026-06-03,P1043,3,1277.7
2026-06-04,P1043,5,2129.5
2026-06-05,P1043,4,1703.6
2026-06-06,P1043,6,2555.4
2026-06-07,P1043,4,1703.6
2026-06-08,P1043,9,3833.1
2026-06-09,P1043,7,2981.3
2026-06-10,P1043,5,2129.5
2026-06-11,P1043,3,1277.7
2026-06-12,P1043,7,2981.3
2026-06-13,P1043,7,2981.3
2026-06-14,P1043,11,4684.9
2026-06-15,P1043,2,851.8
2026-06-16,P1043,5,2129.5
2026-06-17,P1043,7,2981.3
2026-06-18,P1043,4,1703.6
2026-06-19,P1043,14,5962.6
2026-06-20,P1043,3,1277.7
2026-06-21,P1043,9,3833.1
2026-06-22,P1043,6,2555.4
2026-06-23,P1043,2,851.8
2026-06-24,P1043,4,1703.6
2026-06-27,P1043,6,2555.4
2026-06-28,P1043,3,1277.7
2026-06-29,P1043,4,1703.6
2026-06-30,P1043,3,1277.7
2026-07-01,P1043,3,1277.7
2026-07-03,P1043,5,2129.5
2026-07-04,P1043,4,1703.6
2026-07-05,P1043,4,1703.6
2026-07-06,P1043,4,1703.6
2026-07-07,P1043,5,2129.5
2026-07-08,P1043,2,851.8
2026-07-09,P1043,1,425.9
2026-07-10,P1043,4,1703.6
2026-07-11,P1043,8,3407.2
2026-07-12,P1043,10,4259.0
2026-07-13,P1043,9,3833.1
2026-07-14,P1043,7,2981.3
2026-07-15,P1043,9,3833.1
2026-07-16,P1043,3,1277.7
2026-07-17,P1043,4,1703.6
2026-07-18,P1043,8,3407.2
2026-07-19,P1043,7,2981.3
2026-07-20,P1043,7,2981.3
2026-07-21,P1043,3,1277.7
2026-07-22,P1043,6,2555.4
2026-07-24,P1043,5,2129.5
2026-07-25,P1043,6,2555.4
2026-07-26,P1043,3,1277.7
2026-07-27,P1043,4,1703.6
2026-07-28,P1043,2,851.8
2026-07-29,P1043,2,851.8
2026-07-31,P1043,2,851.8
2026-08-01,P1043,8,3407.2
2026-08-02,P1043,5,2129.5
2026-08-03,P1043,3,1277.7
2026-08-04,P1043,2,851.8
2026-08-05,P1043,7,2981.3
2026-08-06,P1043,5,2129.5
2026-08-07,P1043,7,2981.3
2026-08-08,P1043,1,425.9
2026-08-09,P1043,5,2129.5
2026-08-10,P1043,8,3407.2
2026-08-11,P1043,5,2129.5
2026-08-12,P1043,9,3833.1
2026-08-13,P1043,6,2555.4
2026-08-14,P1043,10,4259.0
2026-08-15,P1043,5,2129.5
2026-08-16,P1043,10,4259.0
2026-08-17,P1043,8,3407.2
2026-08-18,P1043,4,1703.6
2026-08-19,P1043,7,2981.3
2026-08-20,P1043,3,1277.7
2026-08-21,P1043,3,1277.7
2026-08-22,P1043,5,2129.5
2026-08-23,P1043,2,851.8
2026-08-24,P1043,1,425.9
2026-08-25,P1043,4,1703.6
2026-08-26,P1043,4,1703.6
2026-08-28,P1043,4,1703.6
2026-08-29,P1043,2,851.8
2026-08-30,P1043,11,4684.9
2026-08-31,P1043,5,2129.5
2026-09-01,P1043,4,1703.6
2026-09-02,P1043,6,2555.4
2026-09-03,P1043,2,851.8
2026-03-08,P1044,6,0.0
2026-03-09,P1044,4,0.0
2026-03-10,P1044,5,0.0
2026-03-11,P1044,5,0.0
2026-03-12,P1044,6,0.0
2026-03-13,P1044,5,0.0
2026-03-14,P1044,2,0.0
2026-03-15,P1044,7,0.0
2026-03-16,P1044,5,0.0
2026-03-17,P1044,6,0.0
2026-03-18,P1044,8,0.0
2026-03-19,P1044,4,0.0
2026-03-20,P1044,8,0.0
2026-03-21,P1044,7,0.0
2026-03-22,P1044,3,0.0
2026-03-23,P1044,5,0.0
2026-03-24,P1044,8,0.0
2026-03-25,P1044,5,0.0
2026-03-26,P1044,1,0.0
2026-03-27,P1044,8,0.0
2026-03-28,P1044,6,0.0
2026-03-29,P1044,6,0.0
2026-03-30,P1044,3,0.0
2026-03-31,P1044,4,0.0
2026-04-01,P1044,4,0.0
2026-04-02,P1044,2,0.0
2026-04-03,P1044,7,0.0
2026-04-04,P1044,3,0.0
2026-04-05,P1044,6,0.0
2026-04-06,P1044,1,0.0
2026-04-07,P1044,7,0.0
2026-04-08,P1044,7,0.0
2026-04-09,P1044,2,0.0
2026-04-10,P1044,6,0.0
2026-04-11,P1044,9,0.0
2026-04-12,P1044,5,0.0
2026-04-13,P1044,2,0.0
2026-04-14,P1044,5,0.0
2026-04-15,P1044,2,0.0
2026-04-16,P1044,4,0.0
2026-04-17,P1044,3,0.0
2026-04-18,P1044,1,0.0
2026-04-19,P1044,7,0.0
2026-04-20,P1044,5,0.0
2026-04-21,P1044,3,0.0
2026-04-22,P1044,6,0.0
2026-04-23,P1044,6,0.0
2026-04-24,P1044,9,0.0
2026-04-25,P1044,7,0.0
2026-04-26,P1044,6,0.0
2026-04-27,P1044,6,0.0
2026-04-29,P1044,2,0.0
2026-04-30,P1044,4,0.0
2026-05-01,P1044,1,0.0
2026-05-02,P1044,4,0.0
2026-05-03,P1044,7,0.0
2026-05-04,P1044,11,0.0
2026-05-05,P1044,2,0.0
2026-05-07,P1044,5,0.0
2026-05-08,P1044,5,0.0
2026-05-09,P1044,5,0.0
2026-05-10,P1044,3,0.0
2026-05-11,P1044,4,0.0
2026-05-12,P1044,6,0.0
2026-05-13,P1044,7,0.0
2026-05-14,P1044,9,0.0
2026-05-15,P1044,6,0.0
2026-05-16,P1044,1,0.0
2026-05-17,P1044,5,0.0
2026-05-18,P1044,2,0.0
2026-05-19,P1044,6,0.0
2026-05-20,P1044,5,0.0
2026-05-21,P1044,3,0.0
2026-05-22,P1044,3,0.0
2026-05-23,P1044,7,0.0
2026-05-24,P1044,4,0.0
2026-05-25,P1044,6,0.0
2026-05-26,P1044,9,0.0
2026-05-27,P1044,9,0.0
2026-05-28,P1044,2,0.0
2026-05-29,P1044,7,0.0
2026-05-30,P1044,5,0.0
2026-05-31,P1044,8,0.0
2026-06-01,P1044,2,0.0
2026-06-02,P1044,2,0.0
2026-06-03,P1044,6,0.0
2026-06-04,P1044,3,0.0
2026-06-05,P1044,5,0.0
2026-06-06,P1044,1,0.0
2026-06-07,P1044,4,0.0
2026-06-08,P1044,9,0.0
2026-06-09,P1044,3,0.0
2026-06-10,P1044,5,0.0
2026-06-11,P1044,5,0.0
2026-06-12,P1044,8,0.0
2026-06-13,P1044,12,0.0
2026-06-14,P1044,13,0.0
2026-06-15,P1044,2,0.0
2026-06-16,P1044,9,0.0
2026-06-17,P1044,4,0.0
2026-06-18,P1044,6,0.0
2026-06-19,P1044,6,0.0
2026-06-20,P1044,7,0.0
2026-06-21,P1044,1,0.0
2026-06-22,P1044,1,0.0
2026-06-23,P1044,1,0.0
2026-06-24,P1044,2,0.0
2026-06-25,P1044,4,0.0
2026-06-26,P1044,3,0.0
2026-06-27,P1044,4,0.0
2026-06-28,P1044,5,0.0
2026-06-29,P1044,3,0.0
2026-06-30,P1044,5,0.0
2026-07-01,P1044,6,0.0
2026-07-02,P1044,3,0.0
2026-07-03,P1044,6,0.0
2026-07-04,P1044,7,0.0
2026-07-05,P1044,6,0.0
2026-07-06,P1044,3,0.0
2026-07-07,P1044,1,0.0
2026-07-08,P1044,5,0.0
2026-07-09,P1044,6,0.0
2026-07-10,P1044,11,0.0
2026-07-11,P1044,12,0.0
2026-07-12,P1044,7,0.0
2026-07-13,P1044,1,0.0
2026-07-14,P1044,6,0.0
2026-07-15,P1044,6,0.0
2026-07-16,P1044,9,0.0
2026-07-17,P1044,5,0.0
2026-07-18,P1044,8,0.0
2026-07-19,P1044,10,0.0
2026-07-20,P1044,9,0.0
2026-07-21,P1044,4,0.0
2026-07-22,P1044,2,0.0
2026-07-23,P1044,6,0.0
2026-07-24,P1044,5,0.0
2026-07-25,P1044,11,0.0
2026-07-26,P1044,6,0.0
2026-07-27,P1044,1,0.0
2026-07-28,P1044,3,0.0
2026-07-29,P1044,6,0.0
2026-07-30,P1044,6,0.0
2026-07-31,P1044,5,0.0
2026-08-01,P1044,6,0.0
2026-08-02,P1044,5,0.0
2026-08-03,P1044,5,0.0
2026-08-04,P1044,7,0.0
2026-08-05,P1044,4,0.0
2026-08-06,P1044,5,0.0
2026-08-07,P1044,5,0.0
2026-08-08,P1044,6,0.0
2026-08-09,P1044,6,0.0
2026-08-10,P1044,7,0.0
2026-08-11,P1044,10,0.0
2026-08-12,P1044,4,0.0
2026-08-13,P1044,1,0.0
2026-08-14,P1044,4,0.0
2026-08-15,P1044,8,0.0
2026-08-16,P1044,10,0.0
2026-08-17,P1044,8,0.0
2026-08-18,P1044,2,0.0
2026-08-19,P1044,4,0.0
2026-08-20,P1044,6,0.0
2026-08-21,P1044,8,0.0
2026-08-22,P1044,5,0.0
2026-08-23,P1044,2,0.0
2026-08-24,P1044,4,0.0
2026-08-25,P1044,4,0.0
2026-08-26,P1044,8,0.0
2026-08-27,P1044,4,0.0
2026-08-28,P1044,6,0.0
2026-08-29,P1044,8,0.0
2026-08-30,P1044,9,0.0
2026-09-01,P1044,8,0.0
2026-09-02,P1044,10,0.0
2026-09-03,P1044,5,0.0
2026-03-08,P1045,6,2957.58
2026-03-09,P1045,5,2464.65
2026-03-10,P1045,8,3943.44
2026-03-11,P1045,4,1971.72
2026-03-12,P1045,5,2464.65
2026-03-13,P1045,4,1971.72
2026-03-14,P1045,4,1971.72
2026-03-15,P1045,10,4929.3
2026-03-16,P1045,8,3943.44
2026-03-17,P1045,8,3943.44
2026-03-18,P1045,7,3450.51
2026-03-19,P1045,3,1478.79
2026-03-20,P1045,6,2957.58
2026-03-21,P1045,5,2464.65
2026-03-22,P1045,8,3943.44
2026-03-23,P1045,3,1478.79
2026-03-24,P1045,2,985.86
2026-03-25,P1045,3,1478.79
2026-03-26,P1045,9,4436.37
2026-03-27,P1045,3,1478.79
2026-03-28,P1045,3,1478.79
2026-03-29,P1045,5,2464.65
2026-03-30,P1045,2,985.86
2026-03-31,P1045,6,2957.58
2026-04-01,P1045,2,985.86
2026-04-02,P1045,3,1478.79
2026-04-03,P1045,3,1478.79
2026-04-04,P1045,3,1478.79
2026-04-05,P1045,7,3450.51
2026-04-06,P1045,5,2464.65
2026-04-07,P1045,7,3450.51
2026-04-08,P1045,2,985.86
2026-04-09,P1045,6,2957.58
2026-04-10,P1045,5,2464.65
2026-04-11,P1045,3,1478.79
2026-04-12,P1045,8,3943.44
2026-04-13,P1045,10,4929.3
2026-04-14,P1045,10,4929.3
2026-04-15,P1045,6,2957.58
2026-04-16,P1045,3,1478.79
2026-04-17,P1045,6,2957.58
2026-04-18,P1045,9,4436.37
2026-04-19,P1045,9,4436.37
2026-04-20,P1045,6,2957.58
2026-04-21,P1045,8,3943.44
2026-04-22,P1045,9,4436.37
2026-04-23,P1045,6,2957.58
2026-04-24,P1045,5,2464.65
2026-04-25,P1045,7,3450.51
2026-04-26,P1045,6,2957.58
2026-04-27,P1045,7,3450.51
2026-04-28,P1045,8,3943.44
2026-04-29,P1045,5,2464.65
2026-04-30,P1045,5,2464.65
2026-05-01,P1045,4,1971.72
2026-05-02,P1045,7,3450.51
2026-05-03,P1045,3,1478.79
2026-05-04,P1045,6,2957.58
2026-05-05,P1045,5,2464.65
2026-05-06,P1045,3,1478.79
2026-05-07,P1045,6,2957.58
2026-05-08,P1045,6,2957.58
2026-05-09,P1045,8,3943.44
2026-05-10,P1045,10,4929.3
2026-05-11,P1045,9,4436.37
2026-05-12,P1045,10,4929.3
2026-05-13,P1045,6,2957.58
2026-05-14,P1045,5,2464.65
2026-05-15,P1045,10,4929.3
2026-05-16,P1045,11,5422.23
2026-05-17,P1045,8,3943.44
2026-05-18,P1045,5,2464.65
2026-05-19,P1045,2,985.86
2026-05-20,P1045,6,2957.58
2026-05-21,P1045,8,3943.44
2026-05-22,P1045,7,3450.51
2026-05-23,P1045,6,2957.58
2026-05-24,P1045,9,4436.37
2026-05-25,P1045,4,1971.72
2026-05-26,P1045,5,2464.65
2026-05-27,P1045,3,1478.79
2026-05-28,P1045,1,492.93
2026-05-29,P1045,6,2957.58
2026-05-30,P1045,7,3450.51
2026-05-31,P1045,4,1971.72
2026-06-01,P1045,7,3450.51
2026-06-02,P1045,3,1478.79
2026-06-03,P1045,9,4436.37
2026-06-04,P1045,4,1971.72
2026-06-05,P1045,8,3943.44
2026-06-06,P1045,5,2464.65
2026-06-07,P1045,8,3943.44
2026-06-08,P1045,2,985.86
2026-06-09,P1045,4,1971.72
2026-06-10,P1045,8,3943.44
2026-06-11,P1045,6,2957.58
2026-06-12,P1045,2,985.86
2026-06-13,P1045,2,985.86
2026-06-14,P1045,6,2957.58
2026-06-15,P1045,11,5422.23
2026-06-16,P1045,2,985.86
2026-06-17,P1045,3,1478.79
2026-06-18,P1045,7,3450.51
2026-06-19,P1045,8,3943.44
2026-06-20,P1045,9,4436.37
2026-06-21,P1045,7,3450.51
2026-06-22,P1045,5,2464.65
2026-06-23,P1045,1,492.93
2026-06-24,P1045,5,2464.65
2026-06-25,P1045,6,2957.58
2026-06-26,P1045,1,492.93
2026-06-27,P1045,5,2464.65
2026-06-28,P1045,4,1971.72
2026-06-29,P1045,5,2464.65
2026-06-30,P1045,2,985.86
2026-07-01,P1045,5,2464.65
2026-07-02,P1045,7,3450.51
2026-07-03,P1045,4,1971.72
2026-07-04,P1045,7,3450.51
2026-07-05,P1045,9,4436.37
2026-07-06,P1045,9,4436.37
2026-07-07,P1045,9,4436.37
2026-07-08,P1045,3,1478.79
2026-07-09,P1045,6,2957.58
2026-07-10,P1045,8,3943.44
2026-07-11,P1045,10,4929.3
2026-07-12,P1045,14,6901.02
2026-07-13,P1045,6,2957.58
2026-07-14,P1045,4,1971.72
2026-07-15,P1045,6,2957.58
2026-07-16,P1045,14,6901.02
2026-07-17,P1045,8,3943.44
2026-07-18,P1045,9,4436.37
2026-07-19,P1045,9,4436.37
2026-07-20,P1045,8,3943.44
2026-07-21,P1045,8,3943.44
2026-07-22,P1045,7,3450.51
2026-07-23,P1045,5,2464.65
2026-07-24,P1045,4,1971.72
2026-07-25,P1045,4,1971.72
2026-07-26,P1045,5,2464.65
2026-07-27,P1045,4,1971.72
2026-07-28,P1045,8,3943.44
2026-07-29,P1045,8,3943.44
2026-07-30,P1045,3,1478.79
2026-07-31,P1045,3,1478.79
2026-08-01,P1045,8,3943.44
2026-08-02,P1045,5,2464.65
2026-08-03,P1045,7,3450.51
2026-08-04,P1045,7,3450.51
2026-08-05,P1045,11,5422.23
2026-08-06,P1045,8,3943.44
2026-08-07,P1045,5,2464.65
2026-08-08,P1045,13,6408.09
2026-08-09,P1045,6,2957.58
2026-08-10,P1045,10,4929.3
2026-08-11,P1045,16,7886.88
2026-08-12,P1045,15,7393.95
2026-08-13,P1045,9,4436.37
2026-08-14,P1045,11,5422.23
2026-08-15,P1045,15,7393.95
2026-08-16,P1045,13,6408.09
2026-08-17,P1045,9,4436.37
2026-08-18,P1045,5,2464.65
2026-08-19,P1045,1,492.93
2026-08-20,P1045,2,985.86
2026-08-21,P1045,3,1478.79
2026-08-22,P1045,5,2464.65
2026-08-23,P1045,5,2464.65
2026-08-24,P1045,3,1478.79
2026-08-25,P1045,6,2957.58
2026-08-26,P1045,4,1971.72
2026-08-27,P1045,4,1971.72
2026-08-28,P1045,8,3943.44
2026-08-29,P1045,9,4436.37
2026-08-30,P1045,6,2957.58
2026-08-31,P1045,1,492.93
2026-09-01,P1045,11,5422.23
2026-09-02,P1045,2,985.86
2026-09-03,P1045,7,3450.51
2026-03-08,P1046,11,10466.61
2026-03-09,P1046,7,6660.57
2026-03-10,P1046,6,5709.06
2026-03-11,P1046,8,7612.08
2026-03-12,P1046,9,8563.59
2026-03-13,P1046,5,4757.55
2026-03-14,P1046,10,9515.1
2026-03-15,P1046,15,14272.65
2026-03-16,P1046,9,8563.59
2026-03-17,P1046,11,10466.61
2026-03-18,P1046,8,7612.08
2026-03-19,P1046,12,11418.12
2026-03-20,P1046,13,12369.63
2026-03-21,P1046,16,15224.16
2026-03-22,P1046,11,10466.61
2026-03-23,P1046,9,8563.59
2026-03-24,P1046,14,13321.14
2026-03-25,P1046,10,9515.1
2026-03-26,P1046,7,6660.57
2026-03-27,P1046,13,12369.63
2026-03-28,P1046,7,6660.57
2026-03-29,P1046,9,8563.59
2026-03-30,P1046,4,3806.04
2026-03-31,P1046,5,4757.55
2026-04-01,P1046,6,5709.06
2026-04-02,P1046,6,5709.06
2026-04-03,P1046,8,7612.08
2026-04-04,P1046,9,8563.59
2026-04-05,P1046,8,7612.08
2026-04-06,P1046,9,8563.59
2026-04-07,P1046,5,4757.55
2026-04-08,P1046,13,12369.63
2026-04-09,P1046,6,5709.06
2026-04-10,P1046,9,8563.59
2026-04-11,P1046,14,13321.14
2026-04-12,P1046,8,7612.08
2026-04-13,P1046,14,13321.14
2026-04-14,P1046,7,6660.57
2026-04-15,P1046,11,10466.61
2026-04-16,P1046,6,5709.06
2026-04-17,P1046,10,9515.1
2026-04-18,P1046,11,10466.61
2026-04-19,P1046,8,7612.08
2026-04-20,P1046,11,10466.61
2026-04-21,P1046,10,9515.1
2026-04-22,P1046,8,7612.08
2026-04-23,P1046,9,8563.59
2026-04-24,P1046,9,8563.59
2026-04-25,P1046,11,10466.61
2026-04-26,P1046,7,6660.57
2026-04-27,P1046,4,3806.04
2026-04-28,P1046,6,5709.06
2026-04-29,P1046,5,4757.55
2026-04-30,P1046,6,5709.06
2026-05-01,P1046,4,3806.04
2026-05-02,P1046,4,3806.04
2026-05-03,P1046,8,7612.08
2026-05-04,P1046,5,4757.55
2026-05-05,P1046,8,7612.08
2026-05-06,P1046,10,9515.1
2026-05-07,P1046,7,6660.57
2026-05-08,P1046,7,6660.57
2026-05-09,P1046,12,11418.12
2026-05-10,P1046,13,12369.63
2026-05-11,P1046,10,9515.1
2026-05-12,P1046,10,9515.1
2026-05-13,P1046,13,12369.63
2026-05-14,P1046,16,15224.16
2026-05-15,P1046,10,9515.1
2026-05-16,P1046,10,9515.1
2026-05-17,P1046,16,15224.16
2026-05-18,P1046,12,11418.12
2026-05-19,P1046,8,7612.08
2026-05-20,P1046,9,8563.59
2026-05-21,P1046,5,
2026-05-22,P1046,5,4757.55
2026-05-23,P1046,17,16175.67
2026-05-24,P1046,3,2854.53
2026-05-25,P1046,12,11418.12
2026-05-26,P1046,8,7612.08
2026-05-27,P1046,4,3806.04
2026-05-28,P1046,1,951.51
2026-05-29,P1046,6,5709.06
2026-05-30,P1046,6,5709.06
2026-05-31,P1046,11,10466.61
2026-06-01,P1046,6,5709.06
2026-06-02,P1046,9,8563.59
2026-06-03,P1046,7,6660.57
2026-06-04,P1046,6,5709.06
2026-06-05,P1046,6,5709.06
2026-06-06,P1046,8,7612.08
2026-06-07,P1046,12,11418.12
2026-06-08,P1046,10,9515.1
2026-06-09,P1046,14,13321.14
2026-06-10,P1046,8,7612.08
2026-06-11,P1046,15,14272.65
2026-06-12,P1046,17,16175.67
2026-06-13,P1046,16,15224.16
2026-06-14,P1046,16,15224.16
2026-06-15,P1046,11,10466.61
2026-06-16,P1046,15,14272.65
2026-06-17,P1046,14,13321.14
2026-06-18,P1046,14,13321.14
2026-06-19,P1046,6,5709.06
2026-06-20,P1046,12,11418.12
2026-06-21,P1046,11,10466.61
2026-06-22,P1046,9,8563.59
2026-06-23,P1046,11,10466.61
2026-06-24,P1046,6,5709.06
2026-06-25,P1046,11,10466.61
2026-06-26,P1046,8,7612.08
2026-06-27,P1046,8,7612.08
2026-06-28,P1046,5,4757.55
2026-06-29,P1046,5,4757.55
2026-06-30,P1046,8,7612.08
2026-07-01,P1046,4,3806.04
2026-07-02,P1046,7,6660.57
2026-07-03,P1046,11,10466.61
2026-07-04,P1046,12,11418.12
2026-07-05,P1046,9,8563.59
2026-07-06,P1046,7,6660.57
2026-07-07,P1046,10,9515.1
2026-07-08,P1046,5,4757.55
2026-07-09,P1046,7,6660.57
2026-07-10,P1046,7,6660.57
2026-07-11,P1046,17,16175.67
2026-07-12,P1046,15,14272.65
2026-07-13,P1046,12,11418.12
2026-07-14,P1046,7,6660.57
2026-07-15,P1046,13,12369.63
2026-07-16,P1046,5,4757.55
2026-07-17,P1046,15,14272.65
2026-07-18,P1046,16,15224.16
2026-07-19,P1046,15,14272.65
2026-07-20,P1046,9,8563.59
2026-07-21,P1046,9,8563.59
2026-07-22,P1046,6,5709.06
2026-07-23,P1046,9,8563.59
2026-07-24,P1046,7,6660.57
2026-07-25,P1046,10,9515.1
2026-07-26,P1046,3,2854.53
2026-07-27,P1046,4,3806.04
2026-07-28,P1046,7,6660.57
2026-07-29,P1046,4,3806.04
2026-07-30,P1046,6,5709.06
2026-07-31,P1046,6,5709.06
2026-08-01,P1046,15,14272.65
2026-08-02,P1046,8,7612.08
2026-08-03,P1046,7,6660.57
2026-08-04,P1046,14,13321.14
2026-08-05,P1046,12,11418.12
2026-08-06,P1046,14,13321.14
2026-08-07,P1046,15,14272.65
2026-08-08,P1046,12,11418.12
2026-08-09,P1046,15,14272.65
2026-08-10,P1046,6,5709.06
2026-08-11,P1046,14,13321.14
2026-08-12,P1046,13,12369.63
2026-08-13,P1046,14,13321.14
2026-08-14,P1046,16,15224.16
2026-08-15,P1046,10,9515.1
2026-08-16,P1046,13,12369.63
2026-08-17,P1046,7,6660.57
2026-08-18,P1046,9,8563.59
2026-08-19,P1046,9,8563.59
2026-08-20,P1046,9,8563.59
2026-08-21,P1046,4,3806.04
2026-08-22,P1046,7,6660.57
2026-08-23,P1046,13,12369.63
2026-08-24,P1046,14,13321.14
2026-08-25,P1046,4,3806.04
2026-08-26,P1046,2,1903.02
2026-08-27,P1046,10,9515.1
2026-08-28,P1046,3,2854.53
2026-08-29,P1046,4,3806.04
2026-08-30,P1046,6,5709.06
2026-08-31,P1046,7,6660.57
2026-09-01,P1046,5,4757.55
2026-09-02,P1046,7,6660.57
2026-09-03,P1046,6,5709.06
2026-03-08,P1047,5,3780.8
2026-03-09,P1047,1,756.16
2026-03-10,P1047,4,3024.64
2026-03-11,P1047,5,3780.8
2026-03-14,P1047,4,3024.64
2026-03-15,P1047,3,2268.48
2026-03-16,P1047,6,4536.96
2026-03-17,P1047,6,4536.96
2026-03-18,P1047,2,1512.32
2026-03-19,P1047,2,1512.32
2026-03-20,P1047,4,3024.64
2026-03-21,P1047,4,3024.64
2026-03-22,P1047,5,3780.8
2026-03-23,P1047,3,2268.48
2026-03-25,P1047,4,3024.64
2026-03-27,P1047,2,1512.32
2026-03-29,P1047,3,2268.48
2026-03-30,P1047,3,2268.48
2026-03-31,P1047,1,756.16
2026-04-01,P1047,1,756.16
2026-04-05,P1047,3,2268.48
2026-04-07,P1047,1,756.16
2026-04-08,P1047,2,1512.32
2026-04-09,P1047,2,1512.32
2026-04-10,P1047,1,756.16
2026-04-11,P1047,5,3780.8
2026-04-13,P1047,2,1512.32
2026-04-14,P1047,2,1512.32
2026-04-15,P1047,3,2268.48
2026-04-16,P1047,3,2268.48
2026-04-17,P1047,2,1512.32
2026-04-18,P1047,6,4536.96
2026-04-19,P1047,7,5293.12
2026-04-20,P1047,5,3780.8
2026-04-21,P1047,3,2268.48
2026-04-23,P1047,2,1512.32
2026-04-24,P1047,2,1512.32
2026-04-25,P1047,6,4536.96
2026-04-26,P1047,3,2268.48
2026-04-29,P1047,3,2268.48
2026-04-30,P1047,1,756.16
2026-05-02,P1047,2,1512.32
2026-05-03,P1047,1,756.16
2026-05-04,P1047,2,1512.32
2026-05-05,P1047,3,2268.48
2026-05-06,P1047,2,1512.32
2026-05-07,P1047,2,1512.32
2026-05-08,P1047,4,3024.64
2026-05-09,P1047,5,3780.8
2026-05-10,P1047,9,6805.44
2026-05-11,P1047,3,2268.48
2026-05-12,P1047,7,5293.12
2026-05-13,P1047,4,3024.64
2026-05-14,P1047,6,4536.96
2026-05-15,P1047,8,6049.28
2026-05-16,P1047,6,4536.96
2026-05-17,P1047,5,3780.8
2026-05-18,P1047,2,1512.32
2026-05-19,P1047,2,1512.32
2026-05-20,P1047,5,3780.8
2026-05-21,P1047,1,756.16
2026-05-22,P1047,4,3024.64
2026-05-23,P1047,3,2268.48
2026-05-24,P1047,2,1512.32
2026-05-26,P1047,1,756.16
2026-05-27,P1047,1,756.16
2026-05-28,P1047,2,1512.32
2026-05-29,P1047,4,3024.64
2026-05-30,P1047,1,756.16
2026-05-31,P1047,1,756.16
2026-06-01,P1047,4,3024.64
2026-06-03,P1047,3,2268.48
2026-06-05,P1047,1,756.16
2026-06-06,P1047,1,756.16
2026-06-07,P1047,5,3780.8
2026-06-08,P1047,3,2268.48
2026-06-09,P1047,4,3024.64
2026-06-10,P1047,3,2268.48
2026-06-11,P1047,5,3780.8
2026-06-12,P1047,3,2268.48
2026-06-13,P1047,4,3024.64
2026-06-14,P1047,3,2268.48
2026-06-15,P1047,5,3780.8
2026-06-16,P1047,2,1512.32
2026-06-17,P1047,2,1512.32
2026-06-18,P1047,4,3024.64
2026-06-19,P1047,5,3780.8
2026-06-20,P1047,4,3024.64
2026-06-21,P1047,2,1512.32
2026-06-23,P1047,1,756.16
2026-06-24,P1047,2,1512.32
2026-06-25,P1047,2,1512.32
2026-06-26,P1047,2,1512.32
2026-06-27,P1047,2,1512.32
2026-06-29,P1047,1,756.16
2026-07-01,P1047,5,3780.8
2026-07-02,P1047,4,3024.64
2026-07-03,P1047,2,1512.32
2026-07-05,P1047,1,756.16
2026-07-07,P1047,6,4536.96
2026-07-08,P1047,4,3024.64
2026-07-10,P1047,5,3780.8
2026-07-11,P1047,3,2268.48
2026-07-13,P1047,4,3024.64
2026-07-14,P1047,2,1512.32
2026-07-15,P1047,2,1512.32
2026-07-16,P1047,2,1512.32
2026-07-17,P1047,6,4536.96
2026-07-18,P1047,2,1512.32
2026-07-19,P1047,2,1512.32
2026-07-20,P1047,4,3024.64
2026-07-21,P1047,3,2268.48
2026-07-22,P1047,4,3024.64
2026-07-23,P1047,2,1512.32
2026-07-24,P1047,5,3780.8
2026-07-25,P1047,1,756.16
2026-07-26,P1047,1,756.16
2026-07-27,P1047,1,756.16
2026-07-28,P1047,2,1512.32
2026-07-29,P1047,3,2268.48
2026-08-01,P1047,6,4536.96
2026-08-02,P1047,4,3024.64
2026-08-03,P1047,1,756.16
2026-08-04,P1047,1,756.16
2026-08-05,P1047,2,1512.32
2026-08-06,P1047,1,756.16
2026-08-07,P1047,2,1512.32
2026-08-08,P1047,9,6805.44
2026-08-09,P1047,5,3780.8
2026-08-10,P1047,4,3024.64
2026-08-11,P1047,5,3780.8
2026-08-12,P1047,3,2268.48
2026-08-13,P1047,2,1512.32
2026-08-14,P1047,2,1512.32
2026-08-15,P1047,5,3780.8
2026-08-16,P1047,3,2268.48
2026-08-17,P1047,5,3780.8
2026-08-18,P1047,1,756.16
2026-08-19,P1047,3,2268.48
2026-08-21,P1047,3,2268.48
2026-08-22,P1047,1,756.16
2026-08-23,P1047,3,2268.48
2026-08-24,P1047,3,2268.48
2026-08-25,P1047,2,1512.32
2026-08-28,P1047,3,2268.48
2026-08-29,P1047,4,3024.64
2026-08-30,P1047,3,2268.48
2026-09-01,P1047,4,3024.64
2026-09-02,P1047,3,2268.48
2026-03-08,P1048,7,9762.76
2026-03-09,P1048,7,9762.76
2026-03-10,P1048,6,8368.08
2026-03-11,P1048,8,11157.44
2026-03-12,P1048,5,6973.4
2026-03-13,P1048,7,9762.76
2026-03-14,P1048,9,12552.12
2026-03-15,P1048,7,9762.76
2026-03-16,P1048,10,13946.8
2026-03-17,P1048,11,15341.48
2026-03-18,P1048,7,9762.76
2026-03-19,P1048,9,12552.12
2026-03-20,P1048,9,12552.12
2026-03-21,P1048,4,5578.72
2026-03-22,P1048,13,18130.84
2026-03-23,P1048,4,5578.72
2026-03-24,P1048,7,9762.76
2026-03-25,P1048,5,6973.4
2026-03-26,P1048,7,9762.76
2026-03-27,P1048,4,5578.72
2026-03-28,P1048,2,2789.36
2026-03-29,P1048,3,4184.04
2026-03-30,P1048,4,5578.72
2026-03-31,P1048,12,16736.16
2026-04-01,P1048,3,4184.04
2026-04-02,P1048,1,1394.68
2026-04-03,P1048,7,9762.76
2026-04-04,P1048,6,8368.08
2026-04-05,P1048,4,5578.72
2026-04-06,P1048,4,5578.72
2026-04-07,P1048,4,5578.72
2026-04-08,P1048,9,12552.12
2026-04-09,P1048,3,4184.04
2026-04-10,P1048,1,1394.68
2026-04-11,P1048,10,13946.8
2026-04-12,P1048,10,13946.8
2026-04-13,P1048,7,9762.76
2026-04-14,P1048,6,8368.08
2026-04-15,P1048,6,8368.08
2026-04-16,P1048,12,16736.16
2026-04-17,P1048,4,5578.72
2026-04-18,P1048,3,4184.04
2026-04-19,P1048,12,16736.16
2026-04-20,P1048,3,4184.04
2026-04-21,P1048,7,9762.76
2026-04-22,P1048,6,8368.08
2026-04-23,P1048,6,8368.08
2026-04-24,P1048,5,6973.4
2026-04-25,P1048,1,1394.68
2026-04-26,P1048,4,5578.72
2026-04-27,P1048,8,11157.44
2026-04-28,P1048,4,5578.72
2026-04-29,P1048,9,12552.12
2026-04-30,P1048,4,5578.72
2026-05-01,P1048,7,9762.76
2026-05-02,P1048,7,9762.76
2026-05-03,P1048,6,8368.08
2026-05-04,P1048,4,5578.72
2026-05-05,P1048,10,13946.8
2026-05-06,P1048,4,5578.72
2026-05-07,P1048,5,6973.4
2026-05-08,P1048,9,12552.12
2026-05-09,P1048,4,5578.72
2026-05-10,P1048,9,12552.12
2026-05-11,P1048,7,9762.76
2026-05-12,P1048,6,8368.08
2026-05-13,P1048,3,4184.04
2026-05-14,P1048,3,4184.04
2026-05-15,P1048,4,5578.72
2026-05-16,P1048,13,18130.84
2026-05-17,P1048,11,15341.48
2026-05-18,P1048,8,11157.44
2026-05-19,P1048,9,12552.12
2026-05-20,P1048,6,8368.08
2026-05-21,P1048,8,11157.44
2026-05-22,P1048,9,12552.12
2026-05-23,P1048,6,8368.08
2026-05-24,P1048,11,15341.48
2026-05-25,P1048,6,8368.08
2026-05-26,P1048,3,4184.04
2026-05-27,P1048,2,2789.36
2026-05-28,P1048,7,9762.76
2026-05-29,P1048,5,6973.4
2026-05-30,P1048,9,12552.12
2026-05-31,P1048,7,9762.76
2026-06-01,P1048,6,8368.08
2026-06-02,P1048,6,8368.08
2026-06-03,P1048,2,2789.36
2026-06-04,P1048,8,11157.44
2026-06-05,P1048,5,6973.4
2026-06-06,P1048,9,12552.12
2026-06-07,P1048,11,15341.48
2026-06-08,P1048,10,13946.8
2026-06-09,P1048,5,6973.4
2026-06-10,P1048,5,6973.4
2026-06-11,P1048,7,9762.76
2026-06-12,P1048,7,9762.76
2026-06-13,P1048,8,11157.44
2026-06-14,P1048,11,15341.48
2026-06-15,P1048,11,15341.48
2026-06-16,P1048,9,12552.12
2026-06-17,P1048,6,8368.08
2026-06-18,P1048,5,6973.4
2026-06-19,P1048,4,5578.72
2026-06-20,P1048,8,11157.44
2026-06-21,P1048,13,18130.84
2026-06-22,P1048,5,6973.4
2026-06-23,P1048,2,2789.36
2026-06-24,P1048,4,5578.72
2026-06-25,P1048,3,4184.04
2026-06-26,P1048,8,11157.44
2026-06-27,P1048,2,2789.36
2026-06-28,P1048,10,13946.8
2026-06-29,P1048,7,9762.76
2026-06-30,P1048,9,12552.12
2026-07-01,P1048,4,5578.72
2026-07-02,P1048,6,8368.08
2026-07-03,P1048,3,4184.04
2026-07-04,P1048,9,12552.12
2026-07-05,P1048,2,2789.36
2026-07-06,P1048,7,9762.76
2026-07-07,P1048,6,8368.08
2026-07-08,P1048,4,5578.72
2026-07-09,P1048,6,8368.08
2026-07-10,P1048,9,12552.12
2026-07-11,P1048,9,12552.12
2026-07-12,P1048,9,12552.12
2026-07-13,P1048,10,13946.8
2026-07-14,P1048,9,12552.12
2026-07-15,P1048,7,9762.76
2026-07-16,P1048,8,11157.44
2026-07-17,P1048,7,9762.76
2026-07-18,P1048,9,12552.12
2026-07-19,P1048,6,8368.08
2026-07-20,P1048,5,6973.4
2026-07-21,P1048,4,5578.72
2026-07-22,P1048,6,8368.08
2026-07-23,P1048,5,6973.4
2026-07-24,P1048,4,5578.72
2026-07-25,P1048,8,11157.44
2026-07-26,P1048,6,8368.08
2026-07-27,P1048,2,2789.36
2026-07-28,P1048,5,6973.4
2026-07-29,P1048,5,6973.4
2026-07-30,P1048,4,5578.72
2026-07-31,P1048,11,15341.48
2026-08-01,P1048,8,11157.44
2026-08-02,P1048,5,6973.4
2026-08-03,P1048,3,4184.04
2026-08-04,P1048,12,16736.16
2026-08-05,P1048,8,11157.44
2026-08-06,P1048,3,4184.04
2026-08-07,P1048,11,15341.48
2026-08-08,P1048,9,12552.12
2026-08-09,P1048,6,8368.08
2026-08-10,P1048,7,9762.76
2026-08-11,P1048,12,16736.16
2026-08-12,P1048,10,13946.8
2026-08-13,P1048,11,15341.48
2026-08-14,P1048,6,8368.08
2026-08-15,P1048,6,8368.08
2026-08-16,P1048,11,15341.48
2026-08-17,P1048,5,6973.4
2026-08-18,P1048,5,6973.4
2026-08-19,P1048,7,9762.76
2026-08-20,P1048,3,4184.04
2026-08-21,P1048,3,4184.04
2026-08-22,P1048,8,11157.44
2026-08-23,P1048,8,11157.44
2026-08-24,P1048,6,8368.08
2026-08-25,P1048,3,4184.04
2026-08-26,P1048,5,6973.4
2026-08-27,P1048,6,8368.08
2026-08-28,P1048,2,2789.36
2026-08-29,P1048,5,6973.4
2026-08-30,P1048,3,4184.04
2026-08-31,P1048,6,8368.08
2026-09-01,P1048,10,13946.8
2026-09-02,P1048,5,6973.4
2026-09-03,P1048,9,12552.12
2026-03-08,P1049,11,24925.78
2026-03-09,P1049,7,15861.86
2026-03-10,P1049,11,24925.78
2026-03-11,P1049,10,22659.8
2026-03-12,P1049,10,22659.8
2026-03-13,P1049,12,27191.76
2026-03-14,P1049,11,24925.78
2026-03-15,P1049,8,18127.84
2026-03-16,P1049,11,24925.78
2026-03-17,P1049,13,29457.74
2026-03-18,P1049,7,15861.86
2026-03-19,P1049,13,29457.74
2026-03-20,P1049,3,6797.94
2026-03-21,P1049,5,11329.9
2026-03-22,P1049,14,31723.72
2026-03-23,P1049,7,15861.86
2026-03-24,P1049,4,9063.92
2026-03-25,P1049,6,13595.88
2026-03-26,P1049,3,6797.94
2026-03-27,P1049,5,11329.9
2026-03-28,P1049,7,15861.86
2026-03-29,P1049,6,13595.88
2026-03-30,P1049,1,2265.98
2026-03-31,P1049,6,13595.88
2026-04-01,P1049,5,11329.9
2026-04-02,P1049,10,22659.8
2026-04-03,P1049,5,11329.9
2026-04-04,P1049,11,24925.78
2026-04-05,P1049,7,15861.86
2026-04-06,P1049,8,18127.84
2026-04-07,P1049,12,27191.76
2026-04-08,P1049,9,20393.82
2026-04-09,P1049,7,15861.86
2026-04-10,P1049,6,13595.88
2026-04-11,P1049,13,29457.74
2026-04-12,P1049,15,33989.7
2026-04-13,P1049,8,18127.84
2026-04-14,P1049,13,29457.74
2026-04-15,P1049,7,15861.86
2026-04-16,P1049,12,27191.76
2026-04-17,P1049,8,18127.84
2026-04-18,P1049,11,24925.78
2026-04-19,P1049,8,18127.84
2026-04-20,P1049,11,24925.78
2026-04-21,P1049,9,20393.82
2026-04-22,P1049,6,13595.88
2026-04-23,P1049,5,11329.9
2026-04-24,P1049,12,27191.76
2026-04-25,P1049,11,24925.78
2026-04-26,P1049,7,15861.86
2026-04-27,P1049,6,13595.88
2026-04-28,P1049,8,18127.84
2026-04-29,P1049,9,20393.82
2026-04-30,P1049,7,15861.86
2026-05-01,P1049,6,13595.88
2026-05-02,P1049,12,
2026-05-03,P1049,12,27191.76
2026-05-04,P1049,5,11329.9
2026-05-05,P1049,11,24925.78
2026-05-06,P1049,3,6797.94
2026-05-07,P1049,5,11329.9
2026-05-08,P1049,7,15861.86
2026-05-09,P1049,11,24925.78
2026-05-10,P1049,12,27191.76
2026-05-11,P1049,9,20393.82
2026-05-12,P1049,7,15861.86
2026-05-13,P1049,9,20393.82
2026-05-14,P1049,11,24925.78
2026-05-15,P1049,7,15861.86
2026-05-16,P1049,23,52117.54
2026-05-17,P1049,14,31723.72
2026-05-18,P1049,10,22659.8
2026-05-19,P1049,8,18127.84
2026-05-20,P1049,10,22659.8
2026-05-21,P1049,9,20393.82
2026-05-22,P1049,8,18127.84
2026-05-23,P1049,13,29457.74
2026-05-24,P1049,9,20393.82
2026-05-25,P1049,8,18127.84
2026-05-26,P1049,6,13595.88
2026-05-27,P1049,7,15861.86
2026-05-28,P1049,7,15861.86
2026-05-29,P1049,3,6797.94
2026-05-30,P1049,15,33989.7
2026-05-31,P1049,8,18127.84
2026-06-01,P1049,7,15861.86
2026-06-02,P1049,10,22659.8
2026-06-03,P1049,12,27191.76
2026-06-04,P1049,10,22659.8
2026-06-05,P1049,11,24925.78
2026-06-06,P1049,7,15861.86
2026-06-07,P1049,14,31723.72
2026-06-08,P1049,9,20393.82
2026-06-09,P1049,9,20393.82
2026-06-10,P1049,13,29457.74
2026-06-11,P1049,8,18127.84
2026-06-12,P1049,14,31723.72
2026-06-13,P1049,14,31723.72
2026-06-14,P1049,9,20393.82
2026-06-15,P1049,12,27191.76
2026-06-16,P1049,10,22659.8
2026-06-17,P1049,8,18127.84
2026-06-18,P1049,10,22659.8
2026-06-19,P1049,10,22659.8
2026-06-20,P1049,9,20393.82
2026-06-21,P1049,9,20393.82
2026-06-22,P1049,6,13595.88
2026-06-23,P1049,7,15861.86
2026-06-24,P1049,8,18127.84
2026-06-25,P1049,9,20393.82
2026-06-26,P1049,8,18127.84
2026-06-27,P1049,14,31723.72
2026-06-28,P1049,7,15861.86
2026-06-29,P1049,7,15861.86
2026-06-30,P1049,6,13595.88
2026-07-01,P1049,9,20393.82
2026-07-02,P1049,8,18127.84
2026-07-03,P1049,6,13595.88
2026-07-04,P1049,8,18127.84
2026-07-05,P1049,13,29457.74
2026-07-06,P1049,10,22659.8
2026-07-07,P1049,4,9063.92
2026-07-08,P1049,8,18127.84
2026-07-09,P1049,7,15861.86
2026-07-10,P1049,7,15861.86
2026-07-11,P1049,13,29457.74
2026-07-12,P1049,14,31723.72
2026-07-13,P1049,10,22659.8
2026-07-14,P1049,3,6797.94
2026-07-15,P1049,2,4531.96
2026-07-16,P1049,19,43053.62
2026-07-17,P1049,7,15861.86
2026-07-18,P1049,9,20393.82
2026-07-19,P1049,7,15861.86
2026-07-20,P1049,6,13595.88
2026-07-21,P1049,9,20393.82
2026-07-22,P1049,6,13595.88
2026-07-23,P1049,10,22659.8
2026-07-24,P1049,7,15861.86
2026-07-25,P1049,10,22659.8
2026-07-26,P1049,8,18127.84
2026-07-27,P1049,7,15861.86
2026-07-28,P1049,5,11329.9
2026-07-29,P1049,11,24925.78
2026-07-30,P1049,5,11329.9
2026-07-31,P1049,7,15861.86
2026-08-01,P1049,9,20393.82
2026-08-02,P1049,9,20393.82
2026-08-03,P1049,6,13595.88
2026-08-04,P1049,2,4531.96
2026-08-05,P1049,8,18127.84
2026-08-06,P1049,7,15861.86
2026-08-07,P1049,9,20393.82
2026-08-08,P1049,13,29457.74
2026-08-09,P1049,12,27191.76
2026-08-10,P1049,10,22659.8
2026-08-11,P1049,9,20393.82
2026-08-12,P1049,6,13595.88
2026-08-13,P1049,13,29457.74
2026-08-14,P1049,13,29457.74
2026-08-15,P1049,16,36255.68
2026-08-16,P1049,10,22659.8
2026-08-17,P1049,5,11329.9
2026-08-18,P1049,5,11329.9
2026-08-19,P1049,6,13595.88
2026-08-20,P1049,6,13595.88
2026-08-21,P1049,7,15861.86
2026-08-22,P1049,11,24925.78
2026-08-23,P1049,10,22659.8
2026-08-24,P1049,5,11329.9
2026-08-25,P1049,9,20393.82
2026-08-26,P1049,9,20393.82
2026-08-27,P1049,8,18127.84
2026-08-28,P1049,7,15861.86
2026-08-29,P1049,10,22659.8
2026-08-30,P1049,8,18127.84
2026-08-31,P1049,7,15861.86
2026-09-01,P1049,8,18127.84
2026-09-02,P1049,9,20393.82
2026-09-03,P1049,8,18127.84
2026-03-08,P1050,10,18560.0
2026-03-09,P1050,10,18560.0
2026-03-10,P1050,7,12992.0
2026-03-11,P1050,8,14848.0
2026-03-12,P1050,10,18560.0
2026-03-13,P1050,10,18560.0
2026-03-14,P1050,20,37120.0
2026-03-15,P1050,11,20416.0
2026-03-16,P1050,7,12992.0
2026-03-17,P1050,7,12992.0
2026-03-18,P1050,14,25984.0
2026-03-19,P1050,11,20416.0
2026-03-20,P1050,7,12992.0
2026-03-21,P1050,11,20416.0
2026-03-22,P1050,9,16704.0
2026-03-23,P1050,4,7424.0
2026-03-24,P1050,8,14848.0
2026-03-25,P1050,6,11136.0
2026-03-26,P1050,7,12992.0
2026-03-27,P1050,1,1856.0
2026-03-28,P1050,7,12992.0
2026-03-29,P1050,3,5568.0
2026-03-30,P1050,4,7424.0
2026-03-31,P1050,2,3712.0
2026-04-01,P1050,8,14848.0
2026-04-02,P1050,6,11136.0
2026-04-03,P1050,4,7424.0
2026-04-04,P1050,10,18560.0
2026-04-05,P1050,6,11136.0
2026-04-06,P1050,10,18560.0
2026-04-07,P1050,5,9280.0
2026-04-08,P1050,3,5568.0
2026-04-09,P1050,9,16704.0
2026-04-10,P1050,11,20416.0
2026-04-11,P1050,9,16704.0
2026-04-12,P1050,18,33408.0
2026-04-13,P1050,10,18560.0
2026-04-14,P1050,9,16704.0
2026-04-15,P1050,9,16704.0
2026-04-16,P1050,14,25984.0
2026-04-17,P1050,6,11136.0
2026-04-18,P1050,10,18560.0
2026-04-19,P1050,9,16704.0
2026-04-20,P1050,6,11136.0
2026-04-21,P1050,7,12992.0
2026-04-22,P1050,12,22272.0
2026-04-23,P1050,9,16704.0
2026-04-24,P1050,5,9280.0
2026-04-25,P1050,9,16704.0
2026-04-26,P1050,5,9280.0
2026-04-27,P1050,6,11136.0
2026-04-28,P1050,4,7424.0
2026-04-29,P1050,2,3712.0
2026-04-30,P1050,7,12992.0
2026-05-01,P1050,6,11136.0
2026-05-02,P1050,5,9280.0
2026-05-03,P1050,8,14848.0
2026-05-04,P1050,6,11136.0
2026-05-05,P1050,8,14848.0
2026-05-06,P1050,8,14848.0
2026-05-07,P1050,7,12992.0
2026-05-08,P1050,5,9280.0
2026-05-09,P1050,11,20416.0
2026-05-10,P1050,15,27840.0
2026-05-11,P1050,12,22272.0
2026-05-12,P1050,7,12992.0
2026-05-13,P1050,5,9280.0
2026-05-14,P1050,16,29696.0
2026-05-15,P1050,9,16704.0
2026-05-16,P1050,12,22272.0
2026-05-17,P1050,19,35264.0
2026-05-18,P1050,10,18560.0
2026-05-19,P1050,11,20416.0
2026-05-20,P1050,10,18560.0
2026-05-21,P1050,5,9280.0
2026-05-22,P1050,13,24128.0
2026-05-23,P1050,17,31552.0
2026-05-24,P1050,8,14848.0
2026-05-25,P1050,5,9280.0
2026-05-26,P1050,8,14848.0
2026-05-27,P1050,4,7424.0
2026-05-28,P1050,3,5568.0
2026-05-29,P1050,3,5568.0
2026-05-30,P1050,5,9280.0
2026-05-31,P1050,5,9280.0
2026-06-01,P1050,5,9280.0
2026-06-02,P1050,6,11136.0
2026-06-03,P1050,8,14848.0
2026-06-04,P1050,6,11136.0
2026-06-05,P1050,5,9280.0
2026-06-06,P1050,9,16704.0
2026-06-07,P1050,8,14848.0
2026-06-08,P1050,8,14848.0
2026-06-09,P1050,6,11136.0
2026-06-10,P1050,10,18560.0
2026-06-11,P1050,13,24128.0
2026-06-12,P1050,13,24128.0
2026-06-13,P1050,19,35264.0
2026-06-14,P1050,9,16704.0
2026-06-15,P1050,14,25984.0
2026-06-16,P1050,6,11136.0
2026-06-17,P1050,8,14848.0
2026-06-18,P1050,9,16704.0
2026-06-19,P1050,8,14848.0
2026-06-20,P1050,8,14848.0
2026-06-21,P1050,13,24128.0
2026-06-22,P1050,5,9280.0
2026-06-23,P1050,7,12992.0
2026-06-24,P1050,9,16704.0
2026-06-25,P1050,2,3712.0
2026-06-26,P1050,7,12992.0
2026-06-27,P1050,5,9280.0
2026-06-28,P1050,5,9280.0
2026-06-29,P1050,4,7424.0
2026-06-30,P1050,6,11136.0
2026-07-01,P1050,8,14848.0
2026-07-02,P1050,8,14848.0
2026-07-03,P1050,12,22272.0
2026-07-04,P1050,11,20416.0
2026-07-05,P1050,14,25984.0
2026-07-06,P1050,8,14848.0
2026-07-07,P1050,1,1856.0
2026-07-08,P1050,11,20416.0
2026-07-09,P1050,9,16704.0
2026-07-10,P1050,11,20416.0
2026-07-11,P1050,7,12992.0
2026-07-12,P1050,13,24128.0
2026-07-13,P1050,9,16704.0
2026-07-14,P1050,7,12992.0
2026-07-15,P1050,16,29696.0
2026-07-16,P1050,11,20416.0
2026-07-17,P1050,9,16704.0
2026-07-18,P1050,13,24128.0
2026-07-19,P1050,7,12992.0
2026-07-20,P1050,7,12992.0
2026-07-21,P1050,11,20416.0
2026-07-22,P1050,4,7424.0
2026-07-23,P1050,5,9280.0
2026-07-24,P1050,6,11136.0
2026-07-25,P1050,9,16704.0
2026-07-26,P1050,7,12992.0
2026-07-27,P1050,6,11136.0
2026-07-28,P1050,8,14848.0
2026-07-29,P1050,9,16704.0
2026-07-30,P1050,5,9280.0
2026-07-31,P1050,2,3712.0
2026-08-01,P1050,6,11136.0
2026-08-02,P1050,8,14848.0
2026-08-03,P1050,6,11136.0
2026-08-04,P1050,7,12992.0
2026-08-05,P1050,20,37120.0
2026-08-06,P1050,9,16704.0
2026-08-07,P1050,6,11136.0
2026-08-08,P1050,9,16704.0
2026-08-09,P1050,19,35264.0
2026-08-10,P1050,13,24128.0
2026-08-11,P1050,15,27840.0
2026-08-12,P1050,9,16704.0
2026-08-13,P1050,8,14848.0
2026-08-14,P1050,14,25984.0
2026-08-15,P1050,27,50112.0
2026-08-16,P1050,19,35264.0
2026-08-17,P1050,10,18560.0
2026-08-18,P1050,11,20416.0
2026-08-19,P1050,9,16704.0
2026-08-20,P1050,7,12992.0
2026-08-21,P1050,7,12992.0
2026-08-22,P1050,11,20416.0
2026-08-23,P1050,12,22272.0
2026-08-24,P1050,8,14848.0
2026-08-25,P1050,5,9280.0
2026-08-26,P1050,4,7424.0
2026-08-27,P1050,3,5568.0
2026-08-28,P1050,5,9280.0
2026-08-29,P1050,8,14848.0
2026-08-30,P1050,9,16704.0
2026-08-31,P1050,10,18560.0
2026-09-01,P1050,4,7424.0
2026-09-02,P1050,7,12992.0
2026-09-03,P1050,5,9280.0
2026-03-08,P1051,4,6635.08
2026-03-09,P1051,3,4976.31
2026-03-10,P1051,3,4976.31
2026-03-11,P1051,6,9952.62
2026-03-12,P1051,6,9952.62
2026-03-13,P1051,10,16587.7
2026-03-14,P1051,7,11611.39
2026-03-15,P1051,10,16587.7
2026-03-16,P1051,3,4976.31
2026-03-17,P1051,4,6635.08
2026-03-18,P1051,7,11611.39
2026-03-19,P1051,7,11611.39
2026-03-20,P1051,8,13270.16
2026-03-21,P1051,6,9952.62
2026-03-22,P1051,3,4976.31
2026-03-23,P1051,4,6635.08
2026-03-24,P1051,7,11611.39
2026-03-25,P1051,5,8293.85
2026-03-26,P1051,4,6635.08
2026-03-27,P1051,3,4976.31
2026-03-28,P1051,4,6635.08
2026-03-29,P1051,4,6635.08
2026-03-30,P1051,3,4976.31
2026-03-31,P1051,4,6635.08
2026-04-01,P1051,7,11611.39
2026-04-02,P1051,5,8293.85
2026-04-03,P1051,6,9952.62
2026-04-04,P1051,6,9952.62
2026-04-05,P1051,5,8293.85
2026-04-06,P1051,6,9952.62
2026-04-07,P1051,7,11611.39
2026-04-08,P1051,6,9952.62
2026-04-09,P1051,7,11611.39
2026-04-10,P1051,6,9952.62
2026-04-11,P1051,10,16587.7
2026-04-12,P1051,8,13270.16
2026-04-13,P1051,11,18246.47
2026-04-14,P1051,8,13270.16
2026-04-15,P1051,13,21564.01
2026-04-16,P1051,6,9952.62
2026-04-17,P1051,16,26540.32
2026-04-18,P1051,5,8293.85
2026-04-19,P1051,8,13270.16
2026-04-20,P1051,4,6635.08
2026-04-21,P1051,9,14928.93
2026-04-22,P1051,6,9952.62
2026-04-23,P1051,11,18246.47
2026-04-24,P1051,5,8293.85
2026-04-25,P1051,6,9952.62
2026-04-26,P1051,9,14928.93
2026-04-27,P1051,2,3317.54
2026-04-28,P1051,7,11611.39
2026-04-29,P1051,7,11611.39
2026-04-30,P1051,5,8293.85
2026-05-01,P1051,1,1658.77
2026-05-02,P1051,4,6635.08
2026-05-03,P1051,4,6635.08
2026-05-04,P1051,2,3317.54
2026-05-05,P1051,4,6635.08
2026-05-06,P1051,4,6635.08
2026-05-07,P1051,10,16587.7
2026-05-08,P1051,2,3317.54
2026-05-09,P1051,4,6635.08
2026-05-10,P1051,11,18246.47
2026-05-11,P1051,5,8293.85
2026-05-12,P1051,9,14928.93
2026-05-13,P1051,7,11611.39
2026-05-14,P1051,8,13270.16
2026-05-15,P1051,9,14928.93
2026-05-16,P1051,12,19905.24
2026-05-17,P1051,9,14928.93
2026-05-18,P1051,5,8293.85
2026-05-19,P1051,4,6635.08
2026-05-20,P1051,5,8293.85
2026-05-21,P1051,9,14928.93
2026-05-22,P1051,7,11611.39
2026-05-23,P1051,7,11611.39
2026-05-24,P1051,7,11611.39
2026-05-25,P1051,1,1658.77
2026-05-26,P1051,7,11611.39
2026-05-27,P1051,2,3317.54
2026-05-28,P1051,7,11611.39
2026-05-29,P1051,5,8293.85
2026-05-30,P1051,8,13270.16
2026-05-31,P1051,1,1658.77
2026-06-01,P1051,4,6635.08
2026-06-02,P1051,4,6635.08
2026-06-03,P1051,5,8293.85
2026-06-04,P1051,5,8293.85
2026-06-05,P1051,5,8293.85
2026-06-06,P1051,8,13270.16
2026-06-07,P1051,6,9952.62
2026-06-08,P1051,8,13270.16
2026-06-09,P1051,11,18246.47
2026-06-10,P1051,10,16587.7
2026-06-11,P1051,7,11611.39
2026-06-12,P1051,5,8293.85
2026-06-13,P1051,7,11611.39
2026-06-14,P1051,9,14928.93
2026-06-15,P1051,7,11611.39
2026-06-16,P1051,6,9952.62
2026-06-17,P1051,8,13270.16
2026-06-18,P1051,7,11611.39
2026-06-19,P1051,8,13270.16
2026-06-20,P1051,9,14928.93
2026-06-21,P1051,4,6635.08
2026-06-22,P1051,4,6635.08
2026-06-23,P1051,8,13270.16
2026-06-24,P1051,8,13270.16
2026-06-25,P1051,3,4976.31
2026-06-26,P1051,4,6635.08
2026-06-27,P1051,4,6635.08
2026-06-28,P1051,7,11611.39
2026-06-29,P1051,6,9952.62
2026-06-30,P1051,3,4976.31
2026-07-01,P1051,5,8293.85
2026-07-02,P1051,5,8293.85
2026-07-03,P1051,2,3317.54
2026-07-04,P1051,8,13270.16
2026-07-05,P1051,4,6635.08
2026-07-06,P1051,10,16587.7
2026-07-07,P1051,7,11611.39
2026-07-08,P1051,8,13270.16
2026-07-09,P1051,5,8293.85
2026-07-10,P1051,7,11611.39
2026-07-11,P1051,10,16587.7
2026-07-12,P1051,12,19905.24
2026-07-13,P1051,5,8293.85
2026-07-14,P1051,7,11611.39
2026-07-15,P1051,12,19905.24
2026-07-16,P1051,6,9952.62
2026-07-17,P1051,17,28199.09
2026-07-18,P1051,12,19905.24
2026-07-19,P1051,10,16587.7
2026-07-20,P1051,7,11611.39
2026-07-21,P1051,12,19905.24
2026-07-22,P1051,6,9952.62
2026-07-23,P1051,1,1658.77
2026-07-24,P1051,11,18246.47
2026-07-25,P1051,8,13270.16
2026-07-26,P1051,3,4976.31
2026-07-27,P1051,6,9952.62
2026-07-28,P1051,4,6635.08
2026-07-29,P1051,9,14928.93
2026-07-30,P1051,3,4976.31
2026-07-31,P1051,6,9952.62
2026-08-01,P1051,8,13270.16
2026-08-02,P1051,5,8293.85
2026-08-03,P1051,7,11611.39
2026-08-04,P1051,8,13270.16
2026-08-05,P1051,5,8293.85
2026-08-06,P1051,6,9952.62
2026-08-07,P1051,5,8293.85
2026-08-08,P1051,13,21564.01
2026-08-09,P1051,9,14928.93
2026-08-10,P1051,5,8293.85
2026-08-11,P1051,7,11611.39
2026-08-12,P1051,15,24881.55
2026-08-13,P1051,8,13270.16
2026-08-14,P1051,3,4976.31
2026-08-15,P1051,11,18246.47
2026-08-16,P1051,11,18246.47
2026-08-17,P1051,15,24881.55
2026-08-18,P1051,10,16587.7
2026-08-19,P1051,12,19905.24
2026-08-20,P1051,7,11611.39
2026-08-21,P1051,2,3317.54
2026-08-22,P1051,7,11611.39
2026-08-23,P1051,10,16587.7
2026-08-24,P1051,11,18246.47
2026-08-25,P1051,1,1658.77
2026-08-26,P1051,3,4976.31
2026-08-27,P1051,4,6635.08
2026-08-28,P1051,1,1658.77
2026-08-29,P1051,8,13270.16
2026-08-30,P1051,7,11611.39
2026-08-31,P1051,7,11611.39
2026-09-01,P1051,4,6635.08
2026-09-02,P1051,5,8293.85
2026-09-03,P1051,8,13270.16
2026-03-08,P1052,1,3717.29
2026-03-09,P1052,1,3717.29
2026-03-10,P1052,5,18586.45
2026-03-11,P1052,1,3717.29
2026-03-12,P1052,2,7434.58
2026-03-14,P1052,5,18586.45
2026-03-15,P1052,3,11151.87
2026-03-16,P1052,1,3717.29
2026-03-17,P1052,3,11151.87
2026-03-18,P1052,1,3717.29
2026-03-19,P1052,2,7434.58
2026-03-20,P1052,2,7434.58
2026-03-21,P1052,2,7434.58
2026-03-22,P1052,3,11151.87
2026-03-23,P1052,3,11151.87
2026-03-24,P1052,1,3717.29
2026-03-25,P1052,2,7434.58
2026-03-29,P1052,1,3717.29
2026-03-30,P1052,2,7434.58
2026-03-31,P1052,1,3717.29
2026-04-01,P1052,1,3717.29
2026-04-02,P1052,2,7434.58
2026-04-03,P1052,4,14869.16
2026-04-04,P1052,4,14869.16
2026-04-05,P1052,2,7434.58
2026-04-06,P1052,3,11151.87
2026-04-07,P1052,1,3717.29
2026-04-09,P1052,4,14869.16
2026-04-10,P1052,4,14869.16
2026-04-11,P1052,4,14869.16
2026-04-12,P1052,6,22303.74
2026-04-13,P1052,2,7434.58
2026-04-14,P1052,4,14869.16
2026-04-15,P1052,8,29738.32
2026-04-17,P1052,2,7434.58
2026-04-18,P1052,3,11151.87
2026-04-19,P1052,2,7434.58
2026-04-20,P1052,2,7434.58
2026-04-21,P1052,4,14869.16
2026-04-25,P1052,4,14869.16
2026-04-26,P1052,1,3717.29
2026-04-27,P1052,1,3717.29
2026-04-28,P1052,2,7434.58
2026-04-29,P1052,1,3717.29
2026-04-30,P1052,1,3717.29
2026-05-01,P1052,2,7434.58
2026-05-02,P1052,1,3717.29
2026-05-03,P1052,2,7434.58
2026-05-06,P1052,1,3717.29
2026-05-07,P1052,2,7434.58
2026-05-08,P1052,3,11151.87
2026-05-09,P1052,2,7434.58
2026-05-11,P1052,3,11151.87
2026-05-13,P1052,7,26021.03
2026-05-14,P1052,2,7434.58
2026-05-15,P1052,3,11151.87
2026-05-16,P1052,2,7434.58
2026-05-17,P1052,5,18586.45
2026-05-19,P1052,4,14869.16
2026-05-20,P1052,1,3717.29
2026-05-22,P1052,3,11151.87
2026-05-23,P1052,4,14869.16
2026-05-25,P1052,3,11151.87
2026-05-26,P1052,2,7434.58
2026-05-27,P1052,1,3717.29
2026-05-30,P1052,2,7434.58
2026-05-31,P1052,2,7434.58
2026-06-01,P1052,2,7434.58
2026-06-02,P1052,4,14869.16
2026-06-04,P1052,2,7434.58
2026-06-05,P1052,4,14869.16
2026-06-06,P1052,3,11151.87
2026-06-07,P1052,4,14869.16
2026-06-08,P1052,3,11151.87
2026-06-09,P1052,4,14869.16
2026-06-10,P1052,2,7434.58
2026-06-11,P1052,1,3717.29
2026-06-12,P1052,3,11151.87
2026-06-13,P1052,3,11151.87
2026-06-14,P1052,1,3717.29
2026-06-15,P1052,4,14869.16
2026-06-16,P1052,2,7434.58
2026-06-17,P1052,3,11151.87
2026-06-18,P1052,2,7434.58
2026-06-19,P1052,3,11151.87
2026-06-20,P1052,3,11151.87
2026-06-21,P1052,2,7434.58
2026-06-22,P1052,2,7434.58
2026-06-24,P1052,2,7434.58
2026-06-25,P1052,3,11151.87
2026-06-26,P1052,1,3717.29
2026-06-27,P1052,6,22303.74
2026-06-28,P1052,2,7434.58
2026-06-29,P1052,2,7434.58
2026-07-01,P1052,1,3717.29
2026-07-03,P1052,1,3717.29
2026-07-04,P1052,2,7434.58
2026-07-05,P1052,1,3717.29
2026-07-06,P1052,1,3717.29
2026-07-07,P1052,3,11151.87
2026-07-08,P1052,7,26021.03
2026-07-09,P1052,6,22303.74
2026-07-10,P1052,2,7434.58
2026-07-11,P1052,4,14869.16
2026-07-12,P1052,9,33455.61
2026-07-13,P1052,6,22303.74
2026-07-14,P1052,1,3717.29
2026-07-16,P1052,2,7434.58
2026-07-17,P1052,5,18586.45
2026-07-18,P1052,3,11151.87
2026-07-19,P1052,2,7434.58
2026-07-20,P1052,2,7434.58
2026-07-21,P1052,1,3717.29
2026-07-22,P1052,1,3717.29
2026-07-24,P1052,1,3717.29
2026-07-27,P1052,3,11151.87
2026-08-04,P1052,2,7434.58
2026-08-06,P1052,4,14869.16
2026-08-07,P1052,1,3717.29
2026-08-08,P1052,2,7434.58
2026-08-09,P1052,5,18586.45
2026-08-10,P1052,2,7434.58
2026-08-11,P1052,4,14869.16
2026-08-12,P1052,3,11151.87
2026-08-13,P1052,4,14869.16
2026-08-14,P1052,2,7434.58
2026-08-15,P1052,3,11151.87
2026-08-16,P1052,5,18586.45
2026-08-17,P1052,4,14869.16
2026-08-18,P1052,3,11151.87
2026-08-21,P1052,3,11151.87
2026-08-23,P1052,1,3717.29
2026-08-24,P1052,1,3717.29
2026-08-25,P1052,2,7434.58
2026-08-27,P1052,3,11151.87
2026-08-29,P1052,1,3717.29
2026-08-31,P1052,2,7434.58
2026-09-01,P1052,2,7434.58
2026-09-02,P1052,2,7434.58
2026-09-03,P1052,3,11151.87
2026-03-08,P1053,1,229.36
2026-03-09,P1053,1,229.36
2026-03-10,P1053,2,458.72
2026-03-11,P1053,4,917.44
2026-03-12,P1053,1,229.36
2026-03-13,P1053,1,229.36
2026-03-14,P1053,1,229.36
2026-03-17,P1053,3,688.08
2026-03-18,P1053,3,688.08
2026-03-19,P1053,1,229.36
2026-03-20,P1053,2,458.72
2026-03-23,P1053,2,458.72
2026-03-24,P1053,2,458.72
2026-03-25,P1053,1,229.36
2026-03-26,P1053,4,917.44
2026-03-27,P1053,2,458.72
2026-03-28,P1053,4,917.44
2026-03-29,P1053,3,688.08
2026-03-30,P1053,1,229.36
2026-03-31,P1053,1,229.36
2026-04-01,P1053,2,458.72
2026-04-03,P1053,1,229.36
2026-04-04,P1053,1,229.36
2026-04-05,P1053,2,458.72
2026-04-06,P1053,3,688.08
2026-04-07,P1053,1,229.36
2026-04-08,P1053,1,229.36
2026-04-11,P1053,3,688.08
2026-04-12,P1053,5,1146.8
2026-04-13,P1053,5,1146.8
2026-04-16,P1053,3,688.08
2026-04-17,P1053,1,229.36
2026-04-18,P1053,4,917.44
2026-04-19,P1053,2,458.72
2026-04-24,P1053,3,688.08
2026-04-27,P1053,3,688.08
2026-04-28,P1053,1,229.36
2026-05-02,P1053,1,229.36
2026-05-03,P1053,2,458.72
2026-05-04,P1053,2,458.72
2026-05-05,P1053,4,917.44
2026-05-06,P1053,2,458.72
2026-05-07,P1053,1,229.36
2026-05-09,P1053,4,917.44
2026-05-10,P1053,1,229.36
2026-05-11,P1053,1,229.36
2026-05-12,P1053,7,1605.52
2026-05-14,P1053,1,229.36
2026-05-16,P1053,2,458.72
2026-05-17,P1053,4,917.44
2026-05-19,P1053,2,458.72
2026-05-20,P1053,2,458.72
2026-05-21,P1053,1,229.36
2026-05-23,P1053,5,1146.8
2026-05-25,P1053,2,458.72
2026-05-27,P1053,2,458.72
2026-05-29,P1053,2,458.72
2026-05-30,P1053,2,458.72
2026-06-01,P1053,3,688.08
2026-06-02,P1053,4,917.44
2026-06-03,P1053,1,229.36
2026-06-05,P1053,7,1605.52
2026-06-06,P1053,5,1146.8
2026-06-08,P1053,1,229.36
2026-06-10,P1053,1,229.36
2026-06-11,P1053,4,917.44
2026-06-13,P1053,2,458.72
2026-06-14,P1053,2,458.72
2026-06-15,P1053,3,688.08
2026-06-16,P1053,3,688.08
2026-06-17,P1053,1,229.36
2026-06-18,P1053,4,917.44
2026-06-19,P1053,2,458.72
2026-06-20,P1053,1,229.36
2026-06-21,P1053,2,458.72
2026-06-22,P1053,7,1605.52
2026-06-23,P1053,1,229.36
2026-06-24,P1053,1,229.36
2026-06-25,P1053,3,688.08
2026-06-27,P1053,3,688.08
2026-06-28,P1053,2,458.72
2026-06-29,P1053,3,688.08
2026-06-30,P1053,4,917.44
2026-07-01,P1053,2,458.72
2026-07-02,P1053,3,688.08
2026-07-04,P1053,4,917.44
2026-07-05,P1053,3,688.08
2026-07-07,P1053,1,229.36
2026-07-08,P1053,2,458.72
2026-07-09,P1053,2,458.72
2026-07-10,P1053,3,688.08
2026-07-11,P1053,3,688.08
2026-07-12,P1053,5,1146.8
2026-07-13,P1053,1,229.36
2026-07-14,P1053,3,688.08
2026-07-17,P1053,1,229.36
2026-07-18,P1053,2,458.72
2026-07-19,P1053,4,917.44
2026-07-21,P1053,2,458.72
2026-07-22,P1053,1,229.36
2026-07-23,P1053,1,229.36
2026-07-24,P1053,1,229.36
2026-07-25,P1053,4,917.44
2026-07-26,P1053,3,688.08
2026-07-27,P1053,2,458.72
2026-07-28,P1053,1,229.36
2026-07-31,P1053,1,229.36
2026-08-01,P1053,3,688.08
2026-08-02,P1053,3,688.08
2026-08-04,P1053,2,458.72
2026-08-05,P1053,2,458.72
2026-08-06,P1053,3,688.08
2026-08-07,P1053,5,1146.8
2026-08-08,P1053,5,1146.8
2026-08-09,P1053,2,458.72
2026-08-10,P1053,3,688.08
2026-08-11,P1053,3,688.08
2026-08-13,P1053,4,917.44
2026-08-14,P1053,2,458.72
2026-08-15,P1053,2,458.72
2026-08-16,P1053,5,1146.8
2026-08-17,P1053,5,1146.8
2026-08-18,P1053,4,917.44
2026-08-19,P1053,1,229.36
2026-08-20,P1053,1,229.36
2026-08-22,P1053,4,917.44
2026-08-24,P1053,1,229.36
2026-08-25,P1053,2,458.72
2026-08-26,P1053,2,458.72
2026-08-27,P1053,2,458.72
2026-08-28,P1053,1,229.36
2026-08-29,P1053,2,458.72
2026-08-30,P1053,5,1146.8
2026-08-31,P1053,2,458.72
2026-09-01,P1053,5,1146.8
2026-09-02,P1053,2,458.72
2026-09-03,P1053,2,458.72
2026-03-09,P1054,3,11944.14
2026-03-10,P1054,3,11944.14
2026-03-12,P1054,1,3981.38
2026-03-13,P1054,1,3981.38
2026-03-14,P1054,1,3981.38
2026-03-15,P1054,1,3981.38
2026-03-17,P1054,5,19906.9
2026-03-18,P1054,6,23888.28
2026-03-19,P1054,1,3981.38
2026-03-20,P1054,3,11944.14
2026-03-21,P1054,3,11944.14
2026-03-22,P1054,1,3981.38
2026-03-23,P1054,1,3981.38
2026-03-24,P1054,1,3981.38
2026-03-25,P1054,2,7962.76
2026-03-26,P1054,1,3981.38
2026-03-29,P1054,3,11944.14
2026-03-30,P1054,2,7962.76
2026-03-31,P1054,3,11944.14
2026-04-01,P1054,2,7962.76
2026-04-02,P1054,3,11944.14
2026-04-03,P1054,1,3981.38
2026-04-04,P1054,2,7962.76
2026-04-05,P1054,3,11944.14
2026-04-06,P1054,2,7962.76
2026-04-07,P1054,3,11944.14
2026-04-09,P1054,1,3981.38
2026-04-10,P1054,3,11944.14
2026-04-11,P1054,2,7962.76
2026-04-12,P1054,3,11944.14
2026-04-13,P1054,1,3981.38
2026-04-14,P1054,3,11944.14
2026-04-18,P1054,2,7962.76
2026-04-19,P1054,4,15925.52
2026-04-20,P1054,2,7962.76
2026-04-21,P1054,4,15925.52
2026-04-22,P1054,5,19906.9
2026-04-24,P1054,4,15925.52
2026-04-25,P1054,2,7962.76
2026-04-26,P1054,1,3981.38
2026-04-28,P1054,2,7962.76
2026-04-29,P1054,4,15925.52
2026-05-01,P1054,1,3981.38
2026-05-02,P1054,2,7962.76
2026-05-03,P1054,2,7962.76
2026-05-04,P1054,1,3981.38
2026-05-05,P1054,1,3981.38
2026-05-06,P1054,2,7962.76
2026-05-07,P1054,1,3981.38
2026-05-08,P1054,6,23888.28
2026-05-09,P1054,1,3981.38
2026-05-10,P1054,6,23888.28
2026-05-12,P1054,3,11944.14
2026-05-13,P1054,4,15925.52
2026-05-15,P1054,1,3981.38
2026-05-17,P1054,3,11944.14
2026-05-18,P1054,1,3981.38
2026-05-21,P1054,3,11944.14
2026-05-22,P1054,3,11944.14
2026-05-23,P1054,3,11944.14
2026-05-24,P1054,2,7962.76
2026-05-25,P1054,1,3981.38
2026-05-26,P1054,1,3981.38
2026-05-27,P1054,1,3981.38
2026-05-28,P1054,3,11944.14
2026-05-29,P1054,4,15925.52
2026-05-30,P1054,3,11944.14
2026-05-31,P1054,3,11944.14
2026-06-02,P1054,2,7962.76
2026-06-03,P1054,3,11944.14
2026-06-06,P1054,3,11944.14
2026-06-07,P1054,2,7962.76
2026-06-08,P1054,3,11944.14
2026-06-09,P1054,3,11944.14
2026-06-10,P1054,2,7962.76
2026-06-11,P1054,4,15925.52
2026-06-12,P1054,2,7962.76
2026-06-13,P1054,3,11944.14
2026-06-14,P1054,2,7962.76
2026-06-16,P1054,1,3981.38
2026-06-17,P1054,3,11944.14
2026-06-19,P1054,1,3981.38
2026-06-20,P1054,6,23888.28
2026-06-21,P1054,2,7962.76
2026-06-22,P1054,1,3981.38
2026-06-23,P1054,2,7962.76
2026-06-24,P1054,2,7962.76
2026-06-26,P1054,5,19906.9
2026-07-01,P1054,3,11944.14
2026-07-02,P1054,1,3981.38
2026-07-03,P1054,1,3981.38
2026-07-05,P1054,6,23888.28
2026-07-06,P1054,5,19906.9
2026-07-07,P1054,6,23888.28
2026-07-08,P1054,3,11944.14
2026-07-09,P1054,2,7962.76
2026-07-10,P1054,5,19906.9
2026-07-11,P1054,2,7962.76
2026-07-14,P1054,3,11944.14
2026-07-15,P1054,2,7962.76
2026-07-16,P1054,1,3981.38
2026-07-17,P1054,1,3981.38
2026-07-18,P1054,2,7962.76
2026-07-19,P1054,4,15925.52
2026-07-20,P1054,4,15925.52
2026-07-22,P1054,1,3981.38
2026-07-23,P1054,3,11944.14
2026-07-25,P1054,2,7962.76
2026-07-26,P1054,2,7962.76
2026-07-27,P1054,2,7962.76
2026-07-29,P1054,2,7962.76
2026-08-01,P1054,3,11944.14
2026-08-02,P1054,3,11944.14
2026-08-03,P1054,3,11944.14
2026-08-05,P1054,2,7962.76
2026-08-06,P1054,2,7962.76
2026-08-07,P1054,3,11944.14
2026-08-08,P1054,3,11944.14
2026-08-09,P1054,3,11944.14
2026-08-10,P1054,2,7962.76
2026-08-12,P1054,4,15925.52
2026-08-13,P1054,3,11944.14
2026-08-14,P1054,2,7962.76
2026-08-15,P1054,2,7962.76
2026-08-16,P1054,5,19906.9
2026-08-18,P1054,3,11944.14
2026-08-19,P1054,2,7962.76
2026-08-20,P1054,1,3981.38
2026-08-21,P1054,2,7962.76
2026-08-23,P1054,2,7962.76
2026-08-24,P1054,6,23888.28
2026-08-25,P1054,1,3981.38
2026-08-26,P1054,3,11944.14
2026-08-27,P1054,1,3981.38
2026-08-28,P1054,5,19906.9
2026-08-29,P1054,1,3981.38
2026-08-30,P1054,2,7962.76
2026-09-01,P1054,2,7962.76
2026-09-02,P1054,4,15925.52
2026-03-08,P1055,4,8349.28
2026-03-09,P1055,4,8349.28
2026-03-10,P1055,10,20873.2
2026-03-11,P1055,6,12523.92
2026-03-12,P1055,3,6261.96
2026-03-13,P1055,6,12523.92
2026-03-14,P1055,5,10436.6
2026-03-15,P1055,11,22960.52
2026-03-16,P1055,11,22960.52
2026-03-17,P1055,3,6261.96
2026-03-18,P1055,3,6261.96
2026-03-19,P1055,1,2087.32
2026-03-20,P1055,5,10436.6
2026-03-21,P1055,7,14611.24
2026-03-22,P1055,5,10436.6
2026-03-23,P1055,3,6261.96
2026-03-24,P1055,5,10436.6
2026-03-25,P1055,2,4174.64
2026-03-26,P1055,5,10436.6
2026-03-27,P1055,3,6261.96
2026-03-29,P1055,3,6261.96
2026-03-30,P1055,1,2087.32
2026-03-31,P1055,2,4174.64
2026-04-01,P1055,3,6261.96
2026-04-02,P1055,3,6261.96
2026-04-03,P1055,3,6261.96
2026-04-04,P1055,3,6261.96
2026-04-05,P1055,3,6261.96
2026-04-06,P1055,3,6261.96
2026-04-07,P1055,1,2087.32
2026-04-08,P1055,4,8349.28
2026-04-09,P1055,3,6261.96
2026-04-10,P1055,5,10436.6
2026-04-11,P1055,10,20873.2
2026-04-12,P1055,8,16698.56
2026-04-13,P1055,5,10436.6
2026-04-14,P1055,7,14611.24
2026-04-15,P1055,2,4174.64
2026-04-16,P1055,4,8349.28
2026-04-17,P1055,6,12523.92
2026-04-18,P1055,7,14611.24
2026-04-19,P1055,9,18785.88
2026-04-20,P1055,7,14611.24
2026-04-21,P1055,4,8349.28
2026-04-22,P1055,2,4174.64
2026-04-23,P1055,1,2087.32
2026-04-24,P1055,4,8349.28
2026-04-25,P1055,5,10436.6
2026-04-26,P1055,1,2087.32
2026-04-27,P1055,3,6261.96
2026-04-29,P1055,4,8349.28
2026-04-30,P1055,2,4174.64
2026-05-01,P1055,3,6261.96
2026-05-02,P1055,6,12523.92
2026-05-03,P1055,4,8349.28
2026-05-04,P1055,3,6261.96
2026-05-05,P1055,7,14611.24
2026-05-06,P1055,3,6261.96
2026-05-07,P1055,8,16698.56
2026-05-08,P1055,1,2087.32
2026-05-09,P1055,4,8349.28
2026-05-10,P1055,8,16698.56
2026-05-11,P1055,6,12523.92
2026-05-12,P1055,1,2087.32
2026-05-13,P1055,5,10436.6
2026-05-14,P1055,6,12523.92
2026-05-15,P1055,8,16698.56
2026-05-16,P1055,7,14611.24
2026-05-17,P1055,4,8349.28
2026-05-18,P1055,3,6261.96
2026-05-19,P1055,5,10436.6
2026-05-20,P1055,6,12523.92
2026-05-21,P1055,3,6261.96
2026-05-22,P1055,1,2087.32
2026-05-23,P1055,4,8349.28
2026-05-24,P1055,6,12523.92
2026-05-25,P1055,3,6261.96
2026-05-26,P1055,6,12523.92
2026-05-27,P1055,2,4174.64
2026-05-28,P1055,2,4174.64
2026-05-29,P1055,3,6261.96
2026-05-30,P1055,3,6261.96
2026-05-31,P1055,5,10436.6
2026-06-01,P1055,2,4174.64
2026-06-02,P1055,3,6261.96
2026-06-03,P1055,4,8349.28
2026-06-04,P1055,4,8349.28
2026-06-05,P1055,3,6261.96
2026-06-06,P1055,3,6261.96
2026-06-07,P1055,4,8349.28
2026-06-08,P1055,10,20873.2
2026-06-09,P1055,4,8349.28
2026-06-10,P1055,7,14611.24
2026-06-11,P1055,6,12523.92
2026-06-12,P1055,9,18785.88
2026-06-13,P1055,8,16698.56
2026-06-14,P1055,8,16698.56
2026-06-15,P1055,4,8349.28
2026-06-16,P1055,8,16698.56
2026-06-17,P1055,6,12523.92
2026-06-18,P1055,6,12523.92
2026-06-19,P1055,1,2087.32
2026-06-20,P1055,3,6261.96
2026-06-21,P1055,6,12523.92
2026-06-22,P1055,4,8349.28
2026-06-24,P1055,2,4174.64
2026-06-25,P1055,4,8349.28
2026-06-26,P1055,5,10436.6
2026-06-27,P1055,7,14611.24
2026-06-28,P1055,3,6261.96
2026-06-29,P1055,2,4174.64
2026-06-30,P1055,3,6261.96
2026-07-01,P1055,2,4174.64
2026-07-02,P1055,1,2087.32
2026-07-03,P1055,9,18785.88
2026-07-04,P1055,2,4174.64
2026-07-05,P1055,10,20873.2
2026-07-06,P1055,4,8349.28
2026-07-07,P1055,4,8349.28
2026-07-08,P1055,11,22960.52
2026-07-09,P1055,1,2087.32
2026-07-10,P1055,2,4174.64
2026-07-11,P1055,11,22960.52
2026-07-12,P1055,6,12523.92
2026-07-13,P1055,6,12523.92
2026-07-14,P1055,5,10436.6
2026-07-15,P1055,5,10436.6
2026-07-16,P1055,5,10436.6
2026-07-17,P1055,9,18785.88
2026-07-18,P1055,8,16698.56
2026-07-19,P1055,9,18785.88
2026-07-20,P1055,6,12523.92
2026-07-21,P1055,1,2087.32
2026-07-22,P1055,3,6261.96
2026-07-23,P1055,2,4174.64
2026-07-24,P1055,5,10436.6
2026-07-25,P1055,2,4174.64
2026-07-26,P1055,3,6261.96
2026-07-27,P1055,4,8349.28
2026-07-28,P1055,2,4174.64
2026-07-29,P1055,5,10436.6
2026-07-30,P1055,1,2087.32
2026-07-31,P1055,2,4174.64
2026-08-01,P1055,2,4174.64
2026-08-02,P1055,5,10436.6
2026-08-03,P1055,3,6261.96
2026-08-04,P1055,7,14611.24
2026-08-05,P1055,5,10436.6
2026-08-06,P1055,5,10436.6
2026-08-07,P1055,1,2087.32
2026-08-08,P1055,8,16698.56
2026-08-09,P1055,13,27135.16
2026-08-10,P1055,7,14611.24
2026-08-11,P1055,12,25047.84
2026-08-12,P1055,2,4174.64
2026-08-13,P1055,7,14611.24
2026-08-14,P1055,7,14611.24
2026-08-15,P1055,8,16698.56
2026-08-16,P1055,6,12523.92
2026-08-17,P1055,8,16698.56
2026-08-18,P1055,5,10436.6
2026-08-19,P1055,3,6261.96
2026-08-20,P1055,1,2087.32
2026-08-21,P1055,3,6261.96
2026-08-22,P1055,6,12523.92
2026-08-23,P1055,2,4174.64
2026-08-24,P1055,1,2087.32
2026-08-25,P1055,3,6261.96
2026-08-26,P1055,2,4174.64
2026-08-27,P1055,3,6261.96
2026-08-28,P1055,3,6261.96
2026-08-29,P1055,3,6261.96
2026-08-30,P1055,1,2087.32
2026-08-31,P1055,1,2087.32
2026-09-01,P1055,1,2087.32
2026-09-02,P1055,1,2087.32
2026-09-03,P1055,4,8349.28
2026-03-08,P1056,3,12042.45
2026-03-09,P1056,4,16056.6
2026-03-10,P1056,4,16056.6
2026-03-11,P1056,5,20070.75
2026-03-12,P1056,2,8028.3
2026-03-13,P1056,3,12042.45
2026-03-14,P1056,9,36127.35
2026-03-15,P1056,5,20070.75
2026-03-16,P1056,2,8028.3
2026-03-18,P1056,2,8028.3
2026-03-19,P1056,3,12042.45
2026-03-21,P1056,1,4014.15
2026-03-22,P1056,1,4014.15
2026-03-24,P1056,3,12042.45
2026-03-26,P1056,4,16056.6
2026-03-27,P1056,5,20070.75
2026-03-28,P1056,4,16056.6
2026-03-29,P1056,2,8028.3
2026-03-30,P1056,1,4014.15
2026-03-31,P1056,1,4014.15
2026-04-02,P1056,2,8028.3
2026-04-04,P1056,4,16056.6
2026-04-07,P1056,1,4014.15
2026-04-09,P1056,4,16056.6
2026-04-10,P1056,1,4014.15
2026-04-11,P1056,10,40141.5
2026-04-12,P1056,6,24084.9
2026-04-13,P1056,2,8028.3
2026-04-14,P1056,3,12042.45
2026-04-15,P1056,4,16056.6
2026-04-16,P1056,4,16056.6
2026-04-17,P1056,2,8028.3
2026-04-18,P1056,4,16056.6
2026-04-19,P1056,3,12042.45
2026-04-20,P1056,2,8028.3
2026-04-21,P1056,1,4014.15
2026-04-22,P1056,2,8028.3
2026-04-24,P1056,2,8028.3
2026-04-25,P1056,2,8028.3
2026-04-26,P1056,2,8028.3
2026-04-27,P1056,3,12042.45
2026-04-28,P1056,2,8028.3
2026-04-29,P1056,1,4014.15
2026-04-30,P1056,3,12042.45
2026-05-02,P1056,1,4014.15
2026-05-03,P1056,4,16056.6
2026-05-04,P1056,1,4014.15
2026-05-05,P1056,1,4014.15
2026-05-06,P1056,4,16056.6
2026-05-07,P1056,2,8028.3
2026-05-08,P1056,4,16056.6
2026-05-09,P1056,5,20070.75
2026-05-10,P1056,2,8028.3
2026-05-11,P1056,3,12042.45
2026-05-12,P1056,6,24084.9
2026-05-13,P1056,4,16056.6
2026-05-15,P1056,3,12042.45
2026-05-16,P1056,3,12042.45
2026-05-17,P1056,3,12042.45
2026-05-18,P1056,2,8028.3
2026-05-19,P1056,3,12042.45
2026-05-20,P1056,2,8028.3
2026-05-21,P1056,3,12042.45
2026-05-22,P1056,4,16056.6
2026-05-23,P1056,4,16056.6
2026-05-24,P1056,4,16056.6
2026-05-25,P1056,2,8028.3
2026-05-26,P1056,1,4014.15
2026-05-27,P1056,1,4014.15
2026-05-28,P1056,3,12042.45
2026-05-29,P1056,1,4014.15
2026-05-30,P1056,1,4014.15
2026-05-31,P1056,6,24084.9
2026-06-01,P1056,1,4014.15
2026-06-02,P1056,3,12042.45
2026-06-03,P1056,1,4014.15
2026-06-04,P1056,1,4014.15
2026-06-06,P1056,2,8028.3
2026-06-07,P1056,4,16056.6
2026-06-08,P1056,4,16056.6
2026-06-09,P1056,5,20070.75
2026-06-10,P1056,4,16056.6
2026-06-11,P1056,3,12042.45
2026-06-12,P1056,2,8028.3
2026-06-13,P1056,6,24084.9
2026-06-14,P1056,3,12042.45
2026-06-15,P1056,4,16056.6
2026-06-16,P1056,3,12042.45
2026-06-18,P1056,4,16056.6
2026-06-19,P1056,7,28099.05
2026-06-21,P1056,3,12042.45
2026-06-22,P1056,1,4014.15
2026-06-24,P1056,4,16056.6
2026-06-25,P1056,2,8028.3
2026-06-26,P1056,3,12042.45
2026-06-27,P1056,1,4014.15
2026-06-28,P1056,2,8028.3
2026-06-30,P1056,2,8028.3
2026-07-01,P1056,1,4014.15
2026-07-02,P1056,3,12042.45
2026-07-03,P1056,3,12042.45
2026-07-04,P1056,3,12042.45
2026-07-05,P1056,5,20070.75
2026-07-07,P1056,6,24084.9
2026-07-08,P1056,2,8028.3
2026-07-09,P1056,4,16056.6
2026-07-10,P1056,7,28099.05
2026-07-11,P1056,4,16056.6
2026-07-12,P1056,3,12042.45
2026-07-13,P1056,3,12042.45
2026-07-14,P1056,5,20070.75
2026-07-15,P1056,4,16056.6
2026-07-16,P1056,1,4014.15
2026-07-17,P1056,4,16056.6
2026-07-18,P1056,3,12042.45
2026-07-19,P1056,2,8028.3
2026-07-20,P1056,3,12042.45
2026-07-21,P1056,2,8028.3
2026-07-22,P1056,2,8028.3
2026-07-23,P1056,3,12042.45
2026-07-24,P1056,1,4014.15
2026-07-25,P1056,1,4014.15
2026-07-26,P1056,1,4014.15
2026-07-27,P1056,3,12042.45
2026-07-28,P1056,1,4014.15
2026-07-29,P1056,1,4014.15
2026-07-31,P1056,2,8028.3
2026-08-01,P1056,3,12042.45
2026-08-03,P1056,2,8028.3
2026-08-04,P1056,1,4014.15
2026-08-05,P1056,5,20070.75
2026-08-06,P1056,3,12042.45
2026-08-07,P1056,3,12042.45
2026-08-08,P1056,2,8028.3
2026-08-09,P1056,4,16056.6
2026-08-10,P1056,3,12042.45
2026-08-11,P1056,3,12042.45
2026-08-12,P1056,5,20070.75
2026-08-13,P1056,4,16056.6
2026-08-14,P1056,1,4014.15
2026-08-15,P1056,2,8028.3
2026-08-16,P1056,2,8028.3
2026-08-17,P1056,8,32113.2
2026-08-18,P1056,4,16056.6
2026-08-19,P1056,3,12042.45
2026-08-20,P1056,4,16056.6
2026-08-21,P1056,3,12042.45
2026-08-22,P1056,3,12042.45
2026-08-23,P1056,5,20070.75
2026-08-24,P1056,4,16056.6
2026-08-25,P1056,3,12042.45
2026-08-27,P1056,1,4014.15
2026-08-28,P1056,2,8028.3
2026-08-29,P1056,2,8028.3
2026-08-30,P1056,2,8028.3
2026-08-31,P1056,5,20070.75
2026-09-01,P1056,1,4014.15
2026-09-02,P1056,2,8028.3
2026-09-03,P1056,3,12042.45
2026-03-12,P1057,2,3476.34
2026-03-13,P1057,1,1738.17
2026-03-14,P1057,1,
2026-03-15,P1057,1,1738.17
2026-03-16,P1057,1,1738.17
2026-03-17,P1057,3,5214.51
2026-03-18,P1057,1,1738.17
2026-03-23,P1057,2,3476.34
2026-03-24,P1057,4,6952.68
2026-03-26,P1057,1,1738.17
2026-03-27,P1057,2,3476.34
2026-04-01,P1057,3,5214.51
2026-04-02,P1057,2,3476.34
2026-04-03,P1057,3,5214.51
2026-04-04,P1057,1,1738.17
2026-04-06,P1057,3,5214.51
2026-04-07,P1057,1,1738.17
2026-04-09,P1057,1,1738.17
2026-04-12,P1057,4,6952.68
2026-04-13,P1057,1,1738.17
2026-04-15,P1057,2,3476.34
2026-04-16,P1057,2,3476.34
2026-04-17,P1057,2,3476.34
2026-04-18,P1057,2,3476.34
2026-04-20,P1057,1,1738.17
2026-04-21,P1057,1,1738.17
2026-04-23,P1057,3,5214.51
2026-04-24,P1057,1,1738.17
2026-04-25,P1057,1,
2026-04-26,P1057,2,3476.34
2026-05-01,P1057,1,1738.17
2026-05-03,P1057,2,3476.34
2026-05-05,P1057,2,3476.34
2026-05-09,P1057,1,1738.17
2026-05-10,P1057,2,3476.34
2026-05-14,P1057,2,3476.34
2026-05-15,P1057,1,1738.17
2026-05-16,P1057,3,5214.51
2026-05-17,P1057,2,3476.34
2026-05-18,P1057,2,3476.34
2026-05-19,P1057,1,1738.17
2026-05-20,P1057,2,3476.34
2026-05-21,P1057,1,1738.17
2026-05-23,P1057,3,5214.51
2026-05-29,P1057,1,1738.17
2026-06-03,P1057,1,1738.17
2026-06-06,P1057,1,1738.17
2026-06-08,P1057,2,3476.34
2026-06-10,P1057,3,5214.51
2026-06-11,P1057,4,6952.68
2026-06-12,P1057,1,1738.17
2026-06-16,P1057,2,3476.34
2026-06-19,P1057,2,3476.34
2026-06-20,P1057,3,5214.51
2026-06-21,P1057,1,1738.17
2026-06-22,P1057,1,1738.17
2026-06-25,P1057,1,1738.17
2026-06-27,P1057,1,1738.17
2026-06-28,P1057,1,1738.17
2026-06-29,P1057,2,3476.34
2026-07-03,P1057,2,3476.34
2026-07-05,P1057,1,1738.17
2026-07-08,P1057,1,1738.17
2026-07-10,P1057,1,1738.17
2026-07-12,P1057,3,5214.51
2026-07-13,P1057,1,1738.17
2026-07-14,P1057,2,3476.34
2026-07-15,P1057,1,1738.17
2026-07-18,P1057,2,3476.34
2026-07-20,P1057,1,1738.17
2026-07-22,P1057,2,3476.34
2026-07-25,P1057,1,1738.17
2026-07-26,P1057,1,1738.17
2026-07-30,P1057,1,1738.17
2026-08-01,P1057,4,6952.68
2026-08-03,P1057,2,3476.34
2026-08-04,P1057,1,1738.17
2026-08-05,P1057,2,3476.34
2026-08-06,P1057,1,1738.17
2026-08-07,P1057,1,1738.17
2026-08-08,P1057,1,1738.17
2026-08-09,P1057,2,3476.34
2026-08-10,P1057,2,3476.34
2026-08-12,P1057,1,1738.17
2026-08-14,P1057,1,1738.17
2026-08-15,P1057,2,3476.34
2026-08-16,P1057,1,1738.17
2026-08-17,P1057,3,5214.51
2026-08-21,P1057,1,1738.17
2026-08-22,P1057,1,1738.17
2026-08-25,P1057,6,10429.02
2026-08-28,P1057,2,3476.34
2026-08-29,P1057,1,1738.17
2026-09-01,P1057,2,3476.34
2026-09-02,P1057,1,1738.17
2026-03-08,P1058,8,42990.96
2026-03-09,P1058,5,26869.35
2026-03-10,P1058,6,32243.22
2026-03-11,P1058,3,16121.61
2026-03-12,P1058,3,16121.61
2026-03-13,P1058,6,32243.22
2026-03-14,P1058,3,16121.61
2026-03-15,P1058,6,32243.22
2026-03-16,P1058,7,37617.09
2026-03-18,P1058,9,48364.83
2026-03-19,P1058,7,37617.09
2026-03-20,P1058,7,37617.09
2026-03-21,P1058,5,26869.35
2026-03-22,P1058,2,10747.74
2026-03-23,P1058,4,21495.48
2026-03-24,P1058,1,5373.87
2026-03-25,P1058,2,10747.74
2026-03-26,P1058,5,26869.35
2026-03-27,P1058,3,16121.61
2026-03-28,P1058,3,16121.61
2026-03-29,P1058,2,10747.74
2026-03-31,P1058,2,10747.74
2026-04-01,P1058,4,21495.48
2026-04-02,P1058,1,5373.87
2026-04-03,P1058,5,26869.35
2026-04-04,P1058,2,10747.74
2026-04-05,P1058,8,42990.96
2026-04-06,P1058,4,21495.48
2026-04-07,P1058,2,10747.74
2026-04-09,P1058,2,10747.74
2026-04-10,P1058,2,10747.74
2026-04-11,P1058,6,32243.22
2026-04-12,P1058,9,48364.83
2026-04-13,P1058,8,42990.96
2026-04-14,P1058,3,16121.61
2026-04-15,P1058,9,48364.83
2026-04-16,P1058,1,5373.87
2026-04-17,P1058,3,16121.61
2026-04-18,P1058,4,21495.48
2026-04-19,P1058,9,48364.83
2026-04-20,P1058,7,37617.09
2026-04-21,P1058,6,32243.22
2026-04-22,P1058,5,26869.35
2026-04-23,P1058,3,16121.61
2026-04-24,P1058,2,10747.74
2026-04-25,P1058,5,26869.35
2026-04-26,P1058,6,32243.22
2026-04-27,P1058,1,5373.87
2026-04-28,P1058,1,5373.87
2026-05-02,P1058,3,16121.61
2026-05-03,P1058,5,26869.35
2026-05-04,P1058,4,21495.48
2026-05-05,P1058,4,21495.48
2026-05-06,P1058,1,5373.87
2026-05-07,P1058,4,21495.48
2026-05-08,P1058,6,32243.22
2026-05-09,P1058,3,16121.61
2026-05-10,P1058,7,37617.09
2026-05-11,P1058,3,16121.61
2026-05-12,P1058,6,32243.22
2026-05-13,P1058,6,32243.22
2026-05-14,P1058,3,16121.61
2026-05-15,P1058,3,16121.61
2026-05-16,P1058,11,59112.57
2026-05-17,P1058,8,42990.96
2026-05-18,P1058,4,21495.48
2026-05-19,P1058,8,42990.96
2026-05-20,P1058,6,32243.22
2026-05-21,P1058,6,32243.22
2026-05-22,P1058,4,21495.48
2026-05-23,P1058,1,5373.87
2026-05-24,P1058,7,37617.09
2026-05-25,P1058,1,5373.87
2026-05-26,P1058,1,5373.87
2026-05-27,P1058,1,5373.87
2026-05-28,P1058,1,5373.87
2026-05-29,P1058,1,5373.87
2026-05-30,P1058,3,16121.61
2026-05-31,P1058,1,5373.87
2026-06-01,P1058,1,5373.87
2026-06-02,P1058,3,16121.61
2026-06-03,P1058,2,10747.74
2026-06-04,P1058,1,5373.87
2026-06-05,P1058,4,21495.48
2026-06-06,P1058,4,21495.48
2026-06-07,P1058,5,26869.35
2026-06-08,P1058,3,16121.61
2026-06-09,P1058,4,21495.48
2026-06-10,P1058,5,26869.35
2026-06-11,P1058,7,37617.09
2026-06-12,P1058,7,37617.09
2026-06-13,P1058,8,42990.96
2026-06-14,P1058,9,48364.83
2026-06-15,P1058,7,37617.09
2026-06-16,P1058,5,26869.35
2026-06-17,P1058,8,42990.96
2026-06-18,P1058,5,26869.35
2026-06-19,P1058,2,10747.74
2026-06-20,P1058,2,10747.74
2026-06-21,P1058,9,48364.83
2026-06-22,P1058,7,37617.09
2026-06-24,P1058,1,5373.87
2026-06-25,P1058,3,16121.61
2026-06-26,P1058,2,10747.74
2026-06-27,P1058,5,26869.35
2026-06-28,P1058,1,5373.87
2026-06-29,P1058,1,5373.87
2026-07-01,P1058,3,16121.61
2026-07-03,P1058,2,10747.74
2026-07-04,P1058,6,32243.22
2026-07-05,P1058,5,26869.35
2026-07-06,P1058,2,10747.74
2026-07-07,P1058,4,21495.48
2026-07-08,P1058,5,26869.35
2026-07-09,P1058,5,26869.35
2026-07-10,P1058,2,10747.74
2026-07-11,P1058,7,37617.09
2026-07-12,P1058,6,32243.22
2026-07-13,P1058,4,21495.48
2026-07-14,P1058,8,42990.96
2026-07-15,P1058,10,53738.7
2026-07-16,P1058,4,21495.48
2026-07-17,P1058,3,16121.61
2026-07-18,P1058,7,37617.09
2026-07-19,P1058,5,26869.35
2026-07-20,P1058,2,10747.74
2026-07-21,P1058,8,42990.96
2026-07-22,P1058,4,21495.48
2026-07-23,P1058,6,32243.22
2026-07-25,P1058,5,26869.35
2026-07-26,P1058,3,16121.61
2026-07-27,P1058,5,26869.35
2026-07-28,P1058,1,5373.87
2026-07-29,P1058,1,5373.87
2026-07-30,P1058,4,21495.48
2026-07-31,P1058,7,37617.09
2026-08-01,P1058,3,16121.61
2026-08-02,P1058,7,37617.09
2026-08-04,P1058,6,32243.22
2026-08-05,P1058,3,16121.61
2026-08-06,P1058,3,16121.61
2026-08-07,P1058,5,26869.35
2026-08-08,P1058,7,37617.09
2026-08-09,P1058,7,37617.09
2026-08-10,P1058,2,10747.74
2026-08-11,P1058,3,16121.61
2026-08-12,P1058,3,16121.61
2026-08-13,P1058,3,16121.61
2026-08-14,P1058,9,48364.83
2026-08-15,P1058,12,64486.44
2026-08-16,P1058,17,91355.79
2026-08-17,P1058,3,16121.61
2026-08-18,P1058,5,26869.35
2026-08-19,P1058,2,10747.74
2026-08-20,P1058,3,16121.61
2026-08-21,P1058,2,10747.74
2026-08-22,P1058,8,42990.96
2026-08-23,P1058,7,37617.09
2026-08-24,P1058,1,5373.87
2026-08-25,P1058,2,10747.74
2026-08-26,P1058,3,16121.61
2026-08-27,P1058,5,26869.35
2026-08-28,P1058,3,16121.61
2026-08-30,P1058,6,32243.22
2026-08-31,P1058,3,16121.61
2026-09-01,P1058,3,16121.61
2026-09-02,P1058,3,16121.61
2026-09-03,P1058,2,10747.74
2026-03-08,P1059,1,3299.9
2026-03-09,P1059,2,6599.8
2026-03-10,P1059,10,32999.0
2026-03-11,P1059,3,9899.7
2026-03-12,P1059,5,16499.5
2026-03-13,P1059,2,6599.8
2026-03-14,P1059,4,13199.6
2026-03-15,P1059,8,26399.2
2026-03-16,P1059,10,32999.0
2026-03-17,P1059,5,16499.5
2026-03-18,P1059,2,6599.8
2026-03-19,P1059,5,16499.5
2026-03-20,P1059,6,19799.4
2026-03-21,P1059,3,9899.7
2026-03-22,P1059,12,39598.8
2026-03-23,P1059,5,16499.5
2026-03-24,P1059,3,9899.7
2026-03-26,P1059,4,13199.6
2026-03-27,P1059,7,23099.3
2026-03-28,P1059,8,26399.2
2026-03-29,P1059,11,36298.9
2026-03-30,P1059,4,13199.6
2026-03-31,P1059,4,13199.6
2026-04-01,P1059,2,6599.8
2026-04-02,P1059,4,13199.6
2026-04-03,P1059,3,9899.7
2026-04-04,P1059,5,16499.5
2026-04-05,P1059,6,19799.4
2026-04-06,P1059,4,13199.6
2026-04-07,P1059,5,16499.5
2026-04-08,P1059,3,9899.7
2026-04-09,P1059,4,13199.6
2026-04-10,P1059,4,13199.6
2026-04-11,P1059,5,16499.5
2026-04-12,P1059,6,19799.4
2026-04-13,P1059,4,13199.6
2026-04-14,P1059,1,3299.9
2026-04-15,P1059,6,19799.4
2026-04-16,P1059,4,13199.6
2026-04-17,P1059,2,6599.8
2026-04-18,P1059,5,16499.5
2026-04-19,P1059,6,19799.4
2026-04-20,P1059,5,16499.5
2026-04-21,P1059,2,6599.8
2026-04-22,P1059,4,13199.6
2026-04-23,P1059,1,3299.9
2026-04-24,P1059,6,19799.4
2026-04-25,P1059,4,13199.6
2026-04-26,P1059,3,9899.7
2026-04-28,P1059,4,13199.6
2026-04-29,P1059,5,16499.5
2026-04-30,P1059,3,9899.7
2026-05-01,P1059,2,6599.8
2026-05-02,P1059,5,16499.5
2026-05-03,P1059,7,23099.3
2026-05-04,P1059,3,9899.7
2026-05-05,P1059,6,19799.4
2026-05-06,P1059,1,3299.9
2026-05-07,P1059,4,13199.6
2026-05-08,P1059,5,16499.5
2026-05-09,P1059,4,13199.6
2026-05-10,P1059,5,16499.5
2026-05-12,P1059,3,9899.7
2026-05-13,P1059,4,13199.6
2026-05-14,P1059,8,26399.2
2026-05-15,P1059,8,26399.2
2026-05-16,P1059,3,9899.7
2026-05-17,P1059,5,16499.5
2026-05-18,P1059,5,16499.5
2026-05-19,P1059,6,19799.4
2026-05-20,P1059,5,16499.5
2026-05-21,P1059,3,9899.7
2026-05-23,P1059,8,26399.2
2026-05-24,P1059,4,13199.6
2026-05-25,P1059,2,6599.8
2026-05-26,P1059,5,16499.5
2026-05-27,P1059,3,9899.7
2026-05-28,P1059,4,13199.6
2026-05-30,P1059,3,9899.7
2026-05-31,P1059,6,19799.4
2026-06-01,P1059,3,9899.7
2026-06-02,P1059,4,13199.6
2026-06-03,P1059,3,9899.7
2026-06-04,P1059,2,6599.8
2026-06-05,P1059,4,13199.6
2026-06-06,P1059,2,6599.8
2026-06-07,P1059,6,19799.4
2026-06-08,P1059,6,19799.4
2026-06-09,P1059,4,13199.6
2026-06-10,P1059,4,13199.6
2026-06-11,P1059,3,9899.7
2026-06-12,P1059,5,16499.5
2026-06-13,P1059,3,9899.7
2026-06-14,P1059,6,19799.4
2026-06-15,P1059,1,3299.9
2026-06-16,P1059,8,26399.2
2026-06-17,P1059,5,16499.5
2026-06-18,P1059,2,6599.8
2026-06-19,P1059,6,19799.4
2026-06-20,P1059,9,29699.1
2026-06-21,P1059,6,19799.4
2026-06-22,P1059,4,13199.6
2026-06-23,P1059,9,29699.1
2026-06-24,P1059,2,6599.8
2026-06-25,P1059,5,16499.5
2026-06-26,P1059,4,13199.6
2026-06-27,P1059,4,13199.6
2026-06-28,P1059,6,19799.4
2026-06-30,P1059,2,6599.8
2026-07-01,P1059,3,9899.7
2026-07-02,P1059,5,16499.5
2026-07-04,P1059,3,9899.7
2026-07-05,P1059,4,13199.6
2026-07-06,P1059,6,19799.4
2026-07-07,P1059,5,16499.5
2026-07-08,P1059,4,13199.6
2026-07-09,P1059,3,9899.7
2026-07-10,P1059,2,6599.8
2026-07-11,P1059,6,19799.4
2026-07-12,P1059,11,36298.9
2026-07-13,P1059,5,16499.5
2026-07-14,P1059,5,16499.5
2026-07-15,P1059,4,13199.6
2026-07-16,P1059,4,13199.6
2026-07-17,P1059,2,6599.8
2026-07-18,P1059,4,13199.6
2026-07-19,P1059,11,36298.9
2026-07-20,P1059,11,36298.9
2026-07-21,P1059,3,9899.7
2026-07-22,P1059,6,19799.4
2026-07-23,P1059,10,32999.0
2026-07-24,P1059,7,23099.3
2026-07-25,P1059,4,13199.6
2026-07-26,P1059,5,16499.5
2026-07-27,P1059,2,6599.8
2026-07-28,P1059,4,13199.6
2026-07-29,P1059,6,19799.4
2026-07-30,P1059,2,6599.8
2026-07-31,P1059,6,19799.4
2026-08-01,P1059,7,23099.3
2026-08-02,P1059,3,9899.7
2026-08-03,P1059,8,26399.2
2026-08-04,P1059,3,9899.7
2026-08-05,P1059,5,16499.5
2026-08-06,P1059,4,13199.6
2026-08-07,P1059,7,23099.3
2026-08-08,P1059,11,36298.9
2026-08-09,P1059,5,16499.5
2026-08-10,P1059,3,9899.7
2026-08-11,P1059,2,6599.8
2026-08-12,P1059,6,19799.4
2026-08-13,P1059,4,13199.6
2026-08-14,P1059,10,32999.0
2026-08-15,P1059,6,19799.4
2026-08-16,P1059,8,26399.2
2026-08-17,P1059,4,13199.6
2026-08-18,P1059,5,16499.5
2026-08-19,P1059,4,13199.6
2026-08-20,P1059,8,26399.2
2026-08-21,P1059,3,9899.7
2026-08-22,P1059,9,29699.1
2026-08-23,P1059,4,13199.6
2026-08-24,P1059,3,9899.7
2026-08-25,P1059,4,13199.6
2026-08-26,P1059,1,3299.9
2026-08-27,P1059,3,9899.7
2026-08-28,P1059,4,13199.6
2026-08-29,P1059,8,26399.2
2026-08-30,P1059,2,6599.8
2026-08-31,P1059,6,19799.4
2026-09-01,P1059,8,26399.2
2026-09-02,P1059,6,19799.4
2026-09-03,P1059,5,16499.5
2026-03-08,P1060,14,24640.28
2026-03-09,P1060,9,15840.18
2026-03-10,P1060,8,14080.16
2026-03-11,P1060,15,26400.3
2026-03-12,P1060,12,21120.24
2026-03-13,P1060,11,19360.22
2026-03-14,P1060,17,29920.34
2026-03-15,P1060,11,19360.22
2026-03-16,P1060,20,35200.4
2026-03-17,P1060,16,28160.32
2026-03-18,P1060,14,24640.28
2026-03-19,P1060,11,19360.22
2026-03-20,P1060,17,29920.34
2026-03-21,P1060,28,49280.56
2026-03-22,P1060,16,
2026-03-23,P1060,11,19360.22
2026-03-24,P1060,3,5280.06
2026-03-25,P1060,9,15840.18
2026-03-26,P1060,6,10560.12
2026-03-27,P1060,7,12320.14
2026-03-28,P1060,11,19360.22
2026-03-29,P1060,10,17600.2
2026-03-30,P1060,8,14080.16
2026-03-31,P1060,7,12320.14
2026-04-01,P1060,8,14080.16
2026-04-02,P1060,11,19360.22
2026-04-03,P1060,12,21120.24
2026-04-04,P1060,16,28160.32
2026-04-05,P1060,17,29920.34
2026-04-06,P1060,7,12320.14
2026-04-07,P1060,15,26400.3
2026-04-08,P1060,12,21120.24
2026-04-09,P1060,13,22880.26
2026-04-10,P1060,16,28160.32
2026-04-11,P1060,10,17600.2
2026-04-12,P1060,24,42240.48
2026-04-13,P1060,14,24640.28
2026-04-14,P1060,11,19360.22
2026-04-15,P1060,17,29920.34
2026-04-16,P1060,15,26400.3
2026-04-17,P1060,8,14080.16
2026-04-18,P1060,28,49280.56
2026-04-19,P1060,19,33440.38
2026-04-20,P1060,14,24640.28
2026-04-21,P1060,11,19360.22
2026-04-22,P1060,11,19360.22
2026-04-23,P1060,6,10560.12
2026-04-24,P1060,8,14080.16
2026-04-25,P1060,11,19360.22
2026-04-26,P1060,6,10560.12
2026-04-27,P1060,13,22880.26
2026-04-28,P1060,8,14080.16
2026-04-29,P1060,14,24640.28
2026-04-30,P1060,7,12320.14
2026-05-01,P1060,8,14080.16
2026-05-02,P1060,9,15840.18
2026-05-03,P1060,11,19360.22
2026-05-04,P1060,9,15840.18
2026-05-05,P1060,10,17600.2
2026-05-06,P1060,8,14080.16
2026-05-07,P1060,15,26400.3
2026-05-08,P1060,13,22880.26
2026-05-09,P1060,14,24640.28
2026-05-10,P1060,11,19360.22
2026-05-11,P1060,17,29920.34
2026-05-12,P1060,14,24640.28
2026-05-13,P1060,19,33440.38
2026-05-14,P1060,12,21120.24
2026-05-15,P1060,12,21120.24
2026-05-16,P1060,11,19360.22
2026-05-17,P1060,16,28160.32
2026-05-18,P1060,16,28160.32
2026-05-19,P1060,19,33440.38
2026-05-20,P1060,12,21120.24
2026-05-21,P1060,10,17600.2
2026-05-22,P1060,10,17600.2
2026-05-23,P1060,15,26400.3
2026-05-24,P1060,14,24640.28
2026-05-25,P1060,9,15840.18
2026-05-26,P1060,5,8800.1
2026-05-27,P1060,8,14080.16
2026-05-28,P1060,5,8800.1
2026-05-29,P1060,11,19360.22
2026-05-30,P1060,7,12320.14
2026-05-31,P1060,9,15840.18
2026-06-01,P1060,11,19360.22
2026-06-02,P1060,17,29920.34
2026-06-03,P1060,14,24640.28
2026-06-04,P1060,11,19360.22
2026-06-05,P1060,14,24640.28
2026-06-06,P1060,11,19360.22
2026-06-07,P1060,12,21120.24
2026-06-08,P1060,11,19360.22
2026-06-09,P1060,22,38720.44
2026-06-10,P1060,14,24640.28
2026-06-11,P1060,15,26400.3
2026-06-12,P1060,16,28160.32
2026-06-13,P1060,17,29920.34
2026-06-14,P1060,19,33440.38
2026-06-15,P1060,11,19360.22
2026-06-16,P1060,13,22880.26
2026-06-17,P1060,15,26400.3
2026-06-18,P1060,19,33440.38
2026-06-19,P1060,12,21120.24
2026-06-20,P1060,14,24640.28
2026-06-21,P1060,6,10560.12
2026-06-22,P1060,19,33440.38
2026-06-23,P1060,9,15840.18
2026-06-24,P1060,7,12320.14
2026-06-25,P1060,10,17600.2
2026-06-26,P1060,8,14080.16
2026-06-27,P1060,6,10560.12
2026-06-28,P1060,10,17600.2
2026-06-29,P1060,14,24640.28
2026-06-30,P1060,9,15840.18
2026-07-01,P1060,11,19360.22
2026-07-02,P1060,7,12320.14
2026-07-03,P1060,13,22880.26
2026-07-04,P1060,11,19360.22
2026-07-05,P1060,14,24640.28
2026-07-06,P1060,22,38720.44
2026-07-07,P1060,12,21120.24
2026-07-08,P1060,12,21120.24
2026-07-09,P1060,15,26400.3
2026-07-10,P1060,20,35200.4
2026-07-11,P1060,19,33440.38
2026-07-12,P1060,31,54560.62
2026-07-13,P1060,24,42240.48
2026-07-14,P1060,15,26400.3
2026-07-15,P1060,16,28160.32
2026-07-16,P1060,21,36960.42
2026-07-17,P1060,15,26400.3
2026-07-18,P1060,25,44000.5
2026-07-19,P1060,16,28160.32
2026-07-20,P1060,14,24640.28
2026-07-21,P1060,13,22880.26
2026-07-22,P1060,15,26400.3
2026-07-23,P1060,11,19360.22
2026-07-24,P1060,9,15840.18
2026-07-25,P1060,16,28160.32
2026-07-26,P1060,14,24640.28
2026-07-27,P1060,10,17600.2
2026-07-28,P1060,4,7040.08
2026-07-29,P1060,8,14080.16
2026-07-30,P1060,13,22880.26
2026-07-31,P1060,10,17600.2
2026-08-01,P1060,12,21120.24
2026-08-02,P1060,12,21120.24
2026-08-03,P1060,10,17600.2
2026-08-04,P1060,12,21120.24
2026-08-05,P1060,13,22880.26
2026-08-06,P1060,19,33440.38
2026-08-07,P1060,14,24640.28
2026-08-08,P1060,17,29920.34
2026-08-09,P1060,22,38720.44
2026-08-10,P1060,23,40480.46
2026-08-11,P1060,14,24640.28
2026-08-12,P1060,22,38720.44
2026-08-13,P1060,15,26400.3
2026-08-14,P1060,25,44000.5
2026-08-15,P1060,18,31680.36
2026-08-16,P1060,27,47520.54
2026-08-17,P1060,16,28160.32
2026-08-18,P1060,19,33440.38
2026-08-19,P1060,19,33440.38
2026-08-20,P1060,10,17600.2
2026-08-21,P1060,10,17600.2
2026-08-22,P1060,14,24640.28
2026-08-23,P1060,9,15840.18
2026-08-24,P1060,7,12320.14
2026-08-25,P1060,4,7040.08
2026-08-26,P1060,10,17600.2
2026-08-27,P1060,5,8800.1
2026-08-28,P1060,12,21120.24
2026-08-29,P1060,16,28160.32
2026-08-30,P1060,14,24640.28
2026-08-31,P1060,14,24640.28
2026-09-01,P1060,8,14080.16
2026-09-02,P1060,11,19360.22
2026-09-03,P1060,14,24640.28
2026-03-08,P1061,5,25951.9
2026-03-09,P1061,7,36332.66
2026-03-10,P1061,4,20761.52
2026-03-11,P1061,11,57094.18
2026-03-12,P1061,6,31142.28
2026-03-13,P1061,13,67474.94
2026-03-14,P1061,8,41523.04
2026-03-15,P1061,12,62284.56
2026-03-16,P1061,7,36332.66
2026-03-17,P1061,8,41523.04
2026-03-18,P1061,5,25951.9
2026-03-19,P1061,8,41523.04
2026-03-20,P1061,8,41523.04
2026-03-21,P1061,8,41523.04
2026-03-22,P1061,8,41523.04
2026-03-23,P1061,4,20761.52
2026-03-24,P1061,7,36332.66
2026-03-25,P1061,8,41523.04
2026-03-26,P1061,3,15571.14
2026-03-27,P1061,5,25951.9
2026-03-28,P1061,5,25951.9
2026-03-29,P1061,3,15571.14
2026-03-30,P1061,4,20761.52
2026-03-31,P1061,11,57094.18
2026-04-01,P1061,5,25951.9
2026-04-02,P1061,2,10380.76
2026-04-03,P1061,7,36332.66
2026-04-04,P1061,3,15571.14
2026-04-05,P1061,5,25951.9
2026-04-06,P1061,7,36332.66
2026-04-07,P1061,3,15571.14
2026-04-08,P1061,6,31142.28
2026-04-09,P1061,4,20761.52
2026-04-10,P1061,5,25951.9
2026-04-11,P1061,8,41523.04
2026-04-12,P1061,10,51903.8
2026-04-13,P1061,9,46713.42
2026-04-14,P1061,13,67474.94
2026-04-15,P1061,11,57094.18
2026-04-16,P1061,5,25951.9
2026-04-17,P1061,6,31142.28
2026-04-18,P1061,4,20761.52
2026-04-19,P1061,7,36332.66
2026-04-20,P1061,7,36332.66
2026-04-21,P1061,8,41523.04
2026-04-22,P1061,1,5190.38
2026-04-23,P1061,6,31142.28
2026-04-24,P1061,7,36332.66
2026-04-25,P1061,6,31142.28
2026-04-26,P1061,1,5190.38
2026-04-27,P1061,2,10380.76
2026-04-28,P1061,8,41523.04
2026-04-29,P1061,3,15571.14
2026-05-02,P1061,8,41523.04
2026-05-03,P1061,6,31142.28
2026-05-04,P1061,5,25951.9
2026-05-05,P1061,12,62284.56
2026-05-06,P1061,6,31142.28
2026-05-07,P1061,9,46713.42
2026-05-08,P1061,9,46713.42
2026-05-09,P1061,14,72665.32
2026-05-10,P1061,5,25951.9
2026-05-11,P1061,5,25951.9
2026-05-12,P1061,7,36332.66
2026-05-13,P1061,8,41523.04
2026-05-14,P1061,5,25951.9
2026-05-15,P1061,9,46713.42
2026-05-16,P1061,13,67474.94
2026-05-17,P1061,7,36332.66
2026-05-18,P1061,6,31142.28
2026-05-19,P1061,4,20761.52
2026-05-20,P1061,6,31142.28
2026-05-21,P1061,5,25951.9
2026-05-22,P1061,5,25951.9
2026-05-23,P1061,9,46713.42
2026-05-24,P1061,11,57094.18
2026-05-25,P1061,7,36332.66
2026-05-26,P1061,4,20761.52
2026-05-27,P1061,5,25951.9
2026-05-28,P1061,4,20761.52
2026-05-29,P1061,4,20761.52
2026-05-30,P1061,10,51903.8
2026-05-31,P1061,4,20761.52
2026-06-01,P1061,6,31142.28
2026-06-02,P1061,3,15571.14
2026-06-03,P1061,4,20761.52
2026-06-04,P1061,2,10380.76
2026-06-05,P1061,10,51903.8
2026-06-06,P1061,6,31142.28
2026-06-07,P1061,6,31142.28
2026-06-08,P1061,6,31142.28
2026-06-09,P1061,3,15571.14
2026-06-10,P1061,7,36332.66
2026-06-11,P1061,3,15571.14
2026-06-12,P1061,12,62284.56
2026-06-13,P1061,13,67474.94
2026-06-14,P1061,8,41523.04
2026-06-15,P1061,6,31142.28
2026-06-16,P1061,8,41523.04
2026-06-17,P1061,4,20761.52
2026-06-18,P1061,8,41523.04
2026-06-19,P1061,3,15571.14
2026-06-20,P1061,6,31142.28
2026-06-21,P1061,9,46713.42
2026-06-22,P1061,4,20761.52
2026-06-23,P1061,7,36332.66
2026-06-24,P1061,9,46713.42
2026-06-25,P1061,3,15571.14
2026-06-26,P1061,5,25951.9
2026-06-27,P1061,4,20761.52
2026-06-28,P1061,8,41523.04
2026-06-29,P1061,7,36332.66
2026-06-30,P1061,1,5190.38
2026-07-01,P1061,9,46713.42
2026-07-02,P1061,3,15571.14
2026-07-03,P1061,6,31142.28
2026-07-04,P1061,9,46713.42
2026-07-05,P1061,3,15571.14
2026-07-06,P1061,2,10380.76
2026-07-07,P1061,6,31142.28
2026-07-08,P1061,8,41523.04
2026-07-09,P1061,10,51903.8
2026-07-10,P1061,12,62284.56
2026-07-11,P1061,7,36332.66
2026-07-12,P1061,14,72665.32
2026-07-13,P1061,10,51903.8
2026-07-14,P1061,9,46713.42
2026-07-15,P1061,12,62284.56
2026-07-16,P1061,7,36332.66
2026-07-17,P1061,8,41523.04
2026-07-18,P1061,16,83046.08
2026-07-19,P1061,9,46713.42
2026-07-20,P1061,15,77855.7
2026-07-21,P1061,5,25951.9
2026-07-22,P1061,6,31142.28
2026-07-23,P1061,6,31142.28
2026-07-24,P1061,11,57094.18
2026-07-25,P1061,4,20761.52
2026-07-26,P1061,12,62284.56
2026-07-27,P1061,3,15571.14
2026-07-28,P1061,4,20761.52
2026-07-29,P1061,6,31142.28
2026-07-30,P1061,7,36332.66
2026-07-31,P1061,5,25951.9
2026-08-01,P1061,4,20761.52
2026-08-02,P1061,2,10380.76
2026-08-03,P1061,10,51903.8
2026-08-04,P1061,7,36332.66
2026-08-05,P1061,4,20761.52
2026-08-06,P1061,1,5190.38
2026-08-07,P1061,9,46713.42
2026-08-08,P1061,16,83046.08
2026-08-09,P1061,8,41523.04
2026-08-10,P1061,6,31142.28
2026-08-11,P1061,4,20761.52
2026-08-12,P1061,6,31142.28
2026-08-13,P1061,10,51903.8
2026-08-14,P1061,13,67474.94
2026-08-15,P1061,10,51903.8
2026-08-16,P1061,12,62284.56
2026-08-17,P1061,9,46713.42
2026-08-18,P1061,7,36332.66
2026-08-19,P1061,6,31142.28
2026-08-20,P1061,4,20761.52
2026-08-21,P1061,10,51903.8
2026-08-22,P1061,3,15571.14
2026-08-23,P1061,11,57094.18
2026-08-24,P1061,2,10380.76
2026-08-25,P1061,7,36332.66
2026-08-26,P1061,7,36332.66
2026-08-27,P1061,3,15571.14
2026-08-28,P1061,7,36332.66
2026-08-29,P1061,4,20761.52
2026-08-31,P1061,6,31142.28
2026-09-01,P1061,7,36332.66
2026-09-02,P1061,7,36332.66
2026-09-03,P1061,4,20761.52
2026-03-08,P1062,16,6085.92
2026-03-09,P1062,7,2662.59
2026-03-10,P1062,10,3803.7
2026-03-11,P1062,6,2282.22
2026-03-12,P1062,14,5325.18
2026-03-13,P1062,15,5705.55
2026-03-14,P1062,13,4944.81
2026-03-15,P1062,17,6466.29
2026-03-16,P1062,11,4184.07
2026-03-17,P1062,14,5325.18
2026-03-18,P1062,14,5325.18
2026-03-19,P1062,13,4944.81
2026-03-20,P1062,18,6846.66
2026-03-21,P1062,16,6085.92
2026-03-22,P1062,17,6466.29
2026-03-23,P1062,11,4184.07
2026-03-24,P1062,6,2282.22
2026-03-25,P1062,9,3423.33
2026-03-26,P1062,9,3423.33
2026-03-27,P1062,11,4184.07
2026-03-28,P1062,3,1141.11
2026-03-29,P1062,8,3042.96
2026-03-30,P1062,12,4564.44
2026-03-31,P1062,7,2662.59
2026-04-01,P1062,4,1521.48
2026-04-02,P1062,7,2662.59
2026-04-03,P1062,9,3423.33
2026-04-04,P1062,12,4564.44
2026-04-05,P1062,9,3423.33
2026-04-06,P1062,8,3042.96
2026-04-07,P1062,17,6466.29
2026-04-08,P1062,13,4944.81
2026-04-09,P1062,12,4564.44
2026-04-10,P1062,9,3423.33
2026-04-11,P1062,16,6085.92
2026-04-12,P1062,16,6085.92
2026-04-13,P1062,11,4184.07
2026-04-14,P1062,15,5705.55
2026-04-15,P1062,17,6466.29
2026-04-16,P1062,15,5705.55
2026-04-17,P1062,13,4944.81
2026-04-18,P1062,17,6466.29
2026-04-19,P1062,18,6846.66
2026-04-20,P1062,11,4184.07
2026-04-21,P1062,9,3423.33
2026-04-22,P1062,10,3803.7
2026-04-23,P1062,11,4184.07
2026-04-24,P1062,10,3803.7
2026-04-25,P1062,10,3803.7
2026-04-26,P1062,5,1901.85
2026-04-27,P1062,9,3423.33
2026-04-28,P1062,3,1141.11
2026-04-29,P1062,6,2282.22
2026-04-30,P1062,12,4564.44
2026-05-01,P1062,7,2662.59
2026-05-02,P1062,5,1901.85
2026-05-03,P1062,12,4564.44
2026-05-04,P1062,11,4184.07
2026-05-05,P1062,7,2662.59
2026-05-06,P1062,11,4184.07
2026-05-07,P1062,16,6085.92
2026-05-08,P1062,11,4184.07
2026-05-09,P1062,17,6466.29
2026-05-10,P1062,19,7227.03
2026-05-11,P1062,15,5705.55
2026-05-12,P1062,9,3423.33
2026-05-13,P1062,9,3423.33
2026-05-14,P1062,21,7987.77
2026-05-15,P1062,9,3423.33
2026-05-16,P1062,25,9509.25
2026-05-17,P1062,21,7987.77
2026-05-18,P1062,13,4944.81
2026-05-19,P1062,5,1901.85
2026-05-20,P1062,11,4184.07
2026-05-21,P1062,7,2662.59
2026-05-22,P1062,12,4564.44
2026-05-23,P1062,14,5325.18
2026-05-24,P1062,6,2282.22
2026-05-25,P1062,7,2662.59
2026-05-26,P1062,9,3423.33
2026-05-27,P1062,12,4564.44
2026-05-28,P1062,5,1901.85
2026-05-29,P1062,13,4944.81
2026-05-30,P1062,10,3803.7
2026-05-31,P1062,13,4944.81
2026-06-01,P1062,7,2662.59
2026-06-02,P1062,5,1901.85
2026-06-03,P1062,4,1521.48
2026-06-04,P1062,11,4184.07
2026-06-05,P1062,13,4944.81
2026-06-06,P1062,15,5705.55
2026-06-07,P1062,11,4184.07
2026-06-08,P1062,12,4564.44
2026-06-09,P1062,12,4564.44
2026-06-10,P1062,17,6466.29
2026-06-11,P1062,11,4184.07
2026-06-12,P1062,18,6846.66
2026-06-13,P1062,28,10650.36
2026-06-14,P1062,15,5705.55
2026-06-15,P1062,13,4944.81
2026-06-16,P1062,20,7607.4
2026-06-17,P1062,11,4184.07
2026-06-18,P1062,9,3423.33
2026-06-19,P1062,13,4944.81
2026-06-20,P1062,14,5325.18
2026-06-21,P1062,12,4564.44
2026-06-22,P1062,11,4184.07
2026-06-23,P1062,8,3042.96
2026-06-24,P1062,11,4184.07
2026-06-25,P1062,15,5705.55
2026-06-26,P1062,7,2662.59
2026-06-27,P1062,9,3423.33
2026-06-28,P1062,11,4184.07
2026-06-29,P1062,8,3042.96
2026-06-30,P1062,7,2662.59
2026-07-01,P1062,10,3803.7
2026-07-02,P1062,9,3423.33
2026-07-03,P1062,6,2282.22
2026-07-04,P1062,11,4184.07
2026-07-05,P1062,21,7987.77
2026-07-06,P1062,12,4564.44
2026-07-07,P1062,12,4564.44
2026-07-08,P1062,17,6466.29
2026-07-09,P1062,21,7987.77
2026-07-10,P1062,15,5705.55
2026-07-11,P1062,12,4564.44
2026-07-12,P1062,14,5325.18
2026-07-13,P1062,16,6085.92
2026-07-14,P1062,18,6846.66
2026-07-15,P1062,21,7987.77
2026-07-16,P1062,15,5705.55
2026-07-17,P1062,18,6846.66
2026-07-18,P1062,15,5705.55
2026-07-19,P1062,10,3803.7
2026-07-20,P1062,9,3423.33
2026-07-21,P1062,9,3423.33
2026-07-22,P1062,6,2282.22
2026-07-23,P1062,2,760.74
2026-07-24,P1062,7,2662.59
2026-07-25,P1062,12,4564.44
2026-07-26,P1062,8,3042.96
2026-07-27,P1062,10,3803.7
2026-07-28,P1062,7,2662.59
2026-07-29,P1062,10,3803.7
2026-07-30,P1062,8,3042.96
2026-07-31,P1062,10,3803.7
2026-08-01,P1062,16,6085.92
2026-08-02,P1062,12,4564.44
2026-08-03,P1062,19,7227.03
2026-08-04,P1062,8,3042.96
2026-08-05,P1062,14,5325.18
2026-08-06,P1062,9,3423.33
2026-08-07,P1062,14,5325.18
2026-08-08,P1062,23,8748.51
2026-08-09,P1062,13,4944.81
2026-08-10,P1062,14,5325.18
2026-08-11,P1062,6,2282.22
2026-08-12,P1062,16,6085.92
2026-08-13,P1062,17,6466.29
2026-08-14,P1062,17,6466.29
2026-08-15,P1062,17,6466.29
2026-08-16,P1062,19,7227.03
2026-08-17,P1062,8,3042.96
2026-08-18,P1062,11,4184.07
2026-08-19,P1062,7,2662.59
2026-08-20,P1062,12,4564.44
2026-08-21,P1062,6,2282.22
2026-08-22,P1062,13,4944.81
2026-08-23,P1062,16,6085.92
2026-08-24,P1062,10,3803.7
2026-08-25,P1062,5,1901.85
2026-08-26,P1062,4,1521.48
2026-08-27,P1062,15,5705.55
2026-08-28,P1062,8,3042.96
2026-08-29,P1062,12,4564.44
2026-08-30,P1062,16,6085.92
2026-08-31,P1062,9,3423.33
2026-09-01,P1062,8,3042.96
2026-09-02,P1062,11,4184.07
2026-09-03,P1062,13,4944.81
2026-03-08,P1063,7,37175.74
2026-03-09,P1063,4,21243.28
2026-03-10,P1063,10,53108.2
2026-03-11,P1063,7,37175.74
2026-03-12,P1063,11,58419.02
2026-03-13,P1063,9,47797.38
2026-03-14,P1063,15,79662.3
2026-03-15,P1063,18,95594.76
2026-03-16,P1063,9,47797.38
2026-03-17,P1063,6,31864.92
2026-03-18,P1063,6,31864.92
2026-03-19,P1063,8,42486.56
2026-03-20,P1063,10,53108.2
2026-03-21,P1063,15,79662.3
2026-03-22,P1063,10,53108.2
2026-03-23,P1063,8,42486.56
2026-03-24,P1063,4,21243.28
2026-03-25,P1063,11,58419.02
2026-03-26,P1063,6,31864.92
2026-03-27,P1063,6,31864.92
2026-03-28,P1063,10,53108.2
2026-03-29,P1063,12,63729.84
2026-03-30,P1063,9,47797.38
2026-03-31,P1063,8,42486.56
2026-04-01,P1063,4,21243.28
2026-04-02,P1063,9,47797.38
2026-04-03,P1063,5,26554.1
2026-04-04,P1063,6,31864.92
2026-04-05,P1063,6,31864.92
2026-04-06,P1063,11,58419.02
2026-04-07,P1063,6,31864.92
2026-04-08,P1063,11,58419.02
2026-04-09,P1063,9,47797.38
2026-04-10,P1063,10,53108.2
2026-04-11,P1063,11,58419.02
2026-04-12,P1063,7,37175.74
2026-04-13,P1063,14,74351.48
2026-04-14,P1063,8,42486.56
2026-04-15,P1063,14,74351.48
2026-04-16,P1063,6,31864.92
2026-04-17,P1063,9,47797.38
2026-04-18,P1063,13,69040.66
2026-04-19,P1063,7,37175.74
2026-04-20,P1063,10,53108.2
2026-04-21,P1063,14,74351.48
2026-04-22,P1063,10,53108.2
2026-04-23,P1063,12,63729.84
2026-04-24,P1063,9,47797.38
2026-04-25,P1063,7,37175.74
2026-04-26,P1063,14,74351.48
2026-04-27,P1063,7,37175.74
2026-04-28,P1063,7,37175.74
2026-04-29,P1063,10,53108.2
2026-04-30,P1063,10,53108.2
2026-05-01,P1063,11,58419.02
2026-05-02,P1063,6,31864.92
2026-05-03,P1063,12,63729.84
2026-05-04,P1063,6,31864.92
2026-05-05,P1063,7,37175.74
2026-05-06,P1063,5,26554.1
2026-05-07,P1063,11,58419.02
2026-05-08,P1063,5,26554.1
2026-05-09,P1063,18,95594.76
2026-05-10,P1063,13,69040.66
2026-05-11,P1063,9,47797.38
2026-05-12,P1063,9,47797.38
2026-05-13,P1063,13,69040.66
2026-05-14,P1063,5,26554.1
2026-05-15,P1063,9,47797.38
2026-05-16,P1063,14,74351.48
2026-05-17,P1063,7,37175.74
2026-05-18,P1063,10,53108.2
2026-05-19,P1063,9,47797.38
2026-05-20,P1063,11,58419.02
2026-05-21,P1063,5,26554.1
2026-05-22,P1063,11,58419.02
2026-05-23,P1063,16,84973.12
2026-05-24,P1063,14,74351.48
2026-05-25,P1063,6,31864.92
2026-05-26,P1063,6,31864.92
2026-05-27,P1063,9,47797.38
2026-05-28,P1063,7,37175.74
2026-05-29,P1063,11,58419.02
2026-05-30,P1063,6,31864.92
2026-05-31,P1063,13,69040.66
2026-06-01,P1063,11,58419.02
2026-06-02,P1063,10,53108.2
2026-06-03,P1063,7,37175.74
2026-06-04,P1063,5,26554.1
2026-06-05,P1063,13,69040.66
2026-06-06,P1063,8,42486.56
2026-06-07,P1063,8,42486.56
2026-06-08,P1063,12,63729.84
2026-06-09,P1063,7,37175.74
2026-06-10,P1063,7,37175.74
2026-06-11,P1063,6,31864.92
2026-06-12,P1063,7,37175.74
2026-06-13,P1063,12,63729.84
2026-06-14,P1063,17,90283.94
2026-06-15,P1063,14,74351.48
2026-06-16,P1063,10,53108.2
2026-06-17,P1063,7,37175.74
2026-06-18,P1063,8,42486.56
2026-06-19,P1063,7,37175.74
2026-06-20,P1063,19,100905.58
2026-06-21,P1063,7,37175.74
2026-06-22,P1063,13,69040.66
2026-06-23,P1063,7,37175.74
2026-06-24,P1063,9,47797.38
2026-06-25,P1063,5,26554.1
2026-06-26,P1063,7,37175.74
2026-06-27,P1063,10,53108.2
2026-06-28,P1063,9,47797.38
2026-06-29,P1063,6,31864.92
2026-06-30,P1063,12,63729.84
2026-07-01,P1063,4,21243.28
2026-07-02,P1063,7,37175.74
2026-07-03,P1063,8,42486.56
2026-07-04,P1063,13,69040.66
2026-07-05,P1063,7,37175.74
2026-07-06,P1063,8,42486.56
2026-07-07,P1063,10,53108.2
2026-07-08,P1063,11,58419.02
2026-07-09,P1063,6,31864.92
2026-07-10,P1063,18,95594.76
2026-07-11,P1063,15,79662.3
2026-07-12,P1063,9,47797.38
2026-07-13,P1063,10,53108.2
2026-07-14,P1063,11,58419.02
2026-07-15,P1063,11,58419.02
2026-07-16,P1063,8,42486.56
2026-07-17,P1063,11,58419.02
2026-07-18,P1063,7,37175.74
2026-07-19,P1063,15,79662.3
2026-07-20,P1063,10,53108.2
2026-07-21,P1063,7,37175.74
2026-07-22,P1063,8,42486.56
2026-07-23,P1063,14,74351.48
2026-07-24,P1063,6,31864.92
2026-07-25,P1063,10,53108.2
2026-07-26,P1063,9,47797.38
2026-07-27,P1063,14,74351.48
2026-07-28,P1063,7,37175.74
2026-07-29,P1063,6,31864.92
2026-07-30,P1063,11,58419.02
2026-07-31,P1063,7,37175.74
2026-08-01,P1063,10,53108.2
2026-08-02,P1063,13,69040.66
2026-08-03,P1063,6,31864.92
2026-08-04,P1063,11,58419.02
2026-08-05,P1063,13,69040.66
2026-08-06,P1063,14,74351.48
2026-08-07,P1063,10,53108.2
2026-08-08,P1063,12,63729.84
2026-08-09,P1063,14,74351.48
2026-08-10,P1063,12,63729.84
2026-08-11,P1063,11,58419.02
2026-08-12,P1063,16,84973.12
2026-08-13,P1063,10,53108.2
2026-08-14,P1063,6,31864.92
2026-08-15,P1063,10,53108.2
2026-08-16,P1063,10,53108.2
2026-08-17,P1063,19,100905.58
2026-08-18,P1063,7,37175.74
2026-08-19,P1063,13,69040.66
2026-08-20,P1063,12,63729.84
2026-08-21,P1063,8,42486.56
2026-08-22,P1063,9,47797.38
2026-08-23,P1063,15,79662.3
2026-08-24,P1063,10,53108.2
2026-08-25,P1063,14,74351.48
2026-08-26,P1063,7,37175.74
2026-08-27,P1063,3,15932.46
2026-08-28,P1063,7,37175.74
2026-08-29,P1063,9,47797.38
2026-08-30,P1063,9,47797.38
2026-08-31,P1063,14,74351.48
2026-09-01,P1063,7,37175.74
2026-09-02,P1063,9,47797.38
2026-09-03,P1063,7,37175.74
2026-03-08,P1064,16,75614.56
2026-03-09,P1064,8,37807.28
2026-03-10,P1064,17,80340.47
2026-03-11,P1064,6,28355.46
2026-03-12,P1064,18,85066.38
2026-03-13,P1064,16,75614.56
2026-03-14,P1064,22,103970.02
2026-03-15,P1064,16,75614.56
2026-03-16,P1064,10,47259.1
2026-03-17,P1064,10,47259.1
2026-03-18,P1064,11,51985.01
2026-03-19,P1064,10,47259.1
2026-03-20,P1064,19,89792.29
2026-03-21,P1064,15,70888.65
2026-03-22,P1064,11,51985.01
2026-03-23,P1064,8,37807.28
2026-03-24,P1064,15,70888.65
2026-03-25,P1064,14,66162.74
2026-03-26,P1064,8,37807.28
2026-03-27,P1064,11,51985.01
2026-03-28,P1064,14,66162.74
2026-03-29,P1064,12,56710.92
2026-03-30,P1064,13,61436.83
2026-03-31,P1064,12,56710.92
2026-04-01,P1064,11,51985.01
2026-04-02,P1064,16,75614.56
2026-04-03,P1064,13,61436.83
2026-04-04,P1064,12,56710.92
2026-04-05,P1064,15,70888.65
2026-04-06,P1064,14,66162.74
2026-04-07,P1064,11,51985.01
2026-04-08,P1064,11,51985.01
2026-04-09,P1064,10,47259.1
2026-04-10,P1064,9,42533.19
2026-04-11,P1064,20,94518.2
2026-04-12,P1064,9,42533.19
2026-04-13,P1064,14,66162.74
2026-04-14,P1064,15,70888.65
2026-04-15,P1064,21,99244.11
2026-04-16,P1064,18,85066.38
2026-04-17,P1064,16,75614.56
2026-04-18,P1064,30,141777.3
2026-04-19,P1064,18,85066.38
2026-04-20,P1064,11,51985.01
2026-04-21,P1064,12,56710.92
2026-04-22,P1064,14,66162.74
2026-04-23,P1064,12,56710.92
2026-04-24,P1064,14,66162.74
2026-04-25,P1064,17,80340.47
2026-04-26,P1064,16,75614.56
2026-04-27,P1064,16,75614.56
2026-04-28,P1064,7,33081.37
2026-04-29,P1064,9,42533.19
2026-04-30,P1064,14,66162.74
2026-05-01,P1064,12,56710.92
2026-05-02,P1064,9,42533.19
2026-05-03,P1064,15,70888.65
2026-05-04,P1064,11,51985.01
2026-05-05,P1064,12,56710.92
2026-05-06,P1064,10,47259.1
2026-05-07,P1064,17,80340.47
2026-05-08,P1064,10,47259.1
2026-05-09,P1064,12,56710.92
2026-05-10,P1064,19,89792.29
2026-05-11,P1064,25,118147.75
2026-05-12,P1064,22,103970.02
2026-05-13,P1064,11,51985.01
2026-05-14,P1064,12,56710.92
2026-05-15,P1064,16,75614.56
2026-05-16,P1064,15,70888.65
2026-05-17,P1064,25,118147.75
2026-05-18,P1064,16,75614.56
2026-05-19,P1064,17,80340.47
2026-05-20,P1064,19,89792.29
2026-05-21,P1064,17,80340.47
2026-05-22,P1064,19,89792.29
2026-05-23,P1064,14,66162.74
2026-05-24,P1064,11,51985.01
2026-05-25,P1064,7,33081.37
2026-05-26,P1064,16,75614.56
2026-05-27,P1064,18,85066.38
2026-05-28,P1064,12,56710.92
2026-05-29,P1064,10,47259.1
2026-05-30,P1064,26,122873.66
2026-05-31,P1064,9,42533.19
2026-06-01,P1064,11,51985.01
2026-06-02,P1064,15,70888.65
2026-06-03,P1064,14,66162.74
2026-06-04,P1064,7,33081.37
2026-06-05,P1064,8,37807.28
2026-06-06,P1064,18,85066.38
2026-06-07,P1064,13,61436.83
2026-06-08,P1064,12,56710.92
2026-06-09,P1064,12,56710.92
2026-06-10,P1064,15,70888.65
2026-06-11,P1064,16,75614.56
2026-06-12,P1064,27,127599.57
2026-06-13,P1064,22,103970.02
2026-06-14,P1064,21,99244.11
2026-06-15,P1064,17,80340.47
2026-06-16,P1064,14,66162.74
2026-06-17,P1064,13,61436.83
2026-06-18,P1064,9,42533.19
2026-06-19,P1064,11,51985.01
2026-06-20,P1064,20,94518.2
2026-06-21,P1064,16,75614.56
2026-06-22,P1064,10,47259.1
2026-06-23,P1064,16,75614.56
2026-06-24,P1064,10,47259.1
2026-06-25,P1064,16,75614.56
2026-06-26,P1064,8,37807.28
2026-06-27,P1064,12,56710.92
2026-06-28,P1064,11,51985.01
2026-06-29,P1064,6,28355.46
2026-06-30,P1064,9,42533.19
2026-07-01,P1064,12,56710.92
2026-07-02,P1064,5,23629.55
2026-07-03,P1064,12,56710.92
2026-07-04,P1064,16,75614.56
2026-07-05,P1064,20,94518.2
2026-07-06,P1064,21,99244.11
2026-07-07,P1064,11,51985.01
2026-07-08,P1064,19,89792.29
2026-07-09,P1064,18,85066.38
2026-07-10,P1064,17,80340.47
2026-07-11,P1064,25,118147.75
2026-07-12,P1064,25,118147.75
2026-07-13,P1064,12,56710.92
2026-07-14,P1064,17,80340.47
2026-07-15,P1064,17,80340.47
2026-07-16,P1064,9,42533.19
2026-07-17,P1064,16,75614.56
2026-07-18,P1064,16,75614.56
2026-07-19,P1064,19,89792.29
2026-07-20,P1064,7,33081.37
2026-07-21,P1064,15,70888.65
2026-07-22,P1064,13,61436.83
2026-07-23,P1064,17,80340.47
2026-07-24,P1064,3,14177.73
2026-07-25,P1064,17,80340.47
2026-07-26,P1064,14,66162.74
2026-07-27,P1064,15,70888.65
2026-07-28,P1064,9,42533.19
2026-07-29,P1064,10,47259.1
2026-07-30,P1064,11,51985.01
2026-07-31,P1064,9,42533.19
2026-08-01,P1064,20,94518.2
2026-08-02,P1064,10,47259.1
2026-08-03,P1064,14,66162.74
2026-08-04,P1064,15,70888.65
2026-08-05,P1064,13,61436.83
2026-08-06,P1064,20,94518.2
2026-08-07,P1064,18,85066.38
2026-08-08,P1064,29,137051.39
2026-08-09,P1064,28,132325.48
2026-08-10,P1064,19,89792.29
2026-08-11,P1064,21,99244.11
2026-08-12,P1064,21,99244.11
2026-08-13,P1064,16,75614.56
2026-08-14,P1064,20,94518.2
2026-08-15,P1064,25,118147.75
2026-08-16,P1064,17,80340.47
2026-08-17,P1064,20,94518.2
2026-08-18,P1064,16,75614.56
2026-08-19,P1064,16,75614.56
2026-08-20,P1064,15,70888.65
2026-08-21,P1064,13,61436.83
2026-08-22,P1064,15,70888.65
2026-08-23,P1064,17,80340.47
2026-08-24,P1064,10,47259.1
2026-08-25,P1064,15,70888.65
2026-08-26,P1064,14,66162.74
2026-08-27,P1064,7,33081.37
2026-08-28,P1064,14,66162.74
2026-08-29,P1064,13,61436.83
2026-08-30,P1064,8,37807.28
2026-08-31,P1064,10,47259.1
2026-09-01,P1064,13,61436.83
2026-09-02,P1064,12,56710.92
2026-09-03,P1064,19,89792.29
2026-03-08,P1065,15,77520.0
2026-03-09,P1065,11,56848.0
2026-03-10,P1065,6,31008.0
2026-03-11,P1065,8,41344.0
2026-03-12,P1065,17,87856.0
2026-03-13,P1065,10,51680.0
2026-03-14,P1065,19,98192.0
2026-03-15,P1065,17,87856.0
2026-03-16,P1065,15,77520.0
2026-03-17,P1065,25,129200.0
2026-03-18,P1065,15,77520.0
2026-03-19,P1065,15,77520.0
2026-03-20,P1065,7,36176.0
2026-03-21,P1065,16,82688.0
2026-03-22,P1065,12,62016.0
2026-03-23,P1065,13,67184.0
2026-03-24,P1065,9,46512.0
2026-03-25,P1065,3,15504.0
2026-03-26,P1065,8,41344.0
2026-03-27,P1065,8,41344.0
2026-03-28,P1065,8,41344.0
2026-03-29,P1065,5,25840.0
2026-03-30,P1065,5,25840.0
2026-03-31,P1065,5,25840.0
2026-04-01,P1065,8,41344.0
2026-04-02,P1065,5,25840.0
2026-04-03,P1065,4,20672.0
2026-04-04,P1065,17,87856.0
2026-04-05,P1065,13,67184.0
2026-04-06,P1065,9,46512.0
2026-04-07,P1065,13,67184.0
2026-04-08,P1065,10,51680.0
2026-04-09,P1065,8,41344.0
2026-04-10,P1065,14,72352.0
2026-04-11,P1065,10,51680.0
2026-04-12,P1065,22,113696.0
2026-04-13,P1065,11,56848.0
2026-04-14,P1065,14,72352.0
2026-04-15,P1065,13,67184.0
2026-04-16,P1065,17,87856.0
2026-04-17,P1065,9,46512.0
2026-04-18,P1065,20,103360.0
2026-04-19,P1065,9,46512.0
2026-04-20,P1065,8,41344.0
2026-04-21,P1065,7,36176.0
2026-04-22,P1065,12,62016.0
2026-04-23,P1065,6,31008.0
2026-04-24,P1065,10,51680.0
2026-04-25,P1065,9,46512.0
2026-04-26,P1065,11,56848.0
2026-04-27,P1065,9,46512.0
2026-04-28,P1065,6,31008.0
2026-04-29,P1065,12,62016.0
2026-04-30,P1065,5,25840.0
2026-05-01,P1065,14,72352.0
2026-05-02,P1065,10,51680.0
2026-05-03,P1065,8,41344.0
2026-05-04,P1065,10,51680.0
2026-05-05,P1065,7,36176.0
2026-05-06,P1065,7,36176.0
2026-05-07,P1065,12,62016.0
2026-05-08,P1065,8,41344.0
2026-05-09,P1065,13,67184.0
2026-05-10,P1065,14,72352.0
2026-05-11,P1065,7,36176.0
2026-05-12,P1065,14,72352.0
2026-05-13,P1065,16,82688.0
2026-05-14,P1065,9,46512.0
2026-05-15,P1065,9,46512.0
2026-05-16,P1065,14,72352.0
2026-05-17,P1065,11,56848.0
2026-05-18,P1065,16,82688.0
2026-05-19,P1065,4,20672.0
2026-05-20,P1065,9,46512.0
2026-05-21,P1065,16,82688.0
2026-05-22,P1065,14,72352.0
2026-05-23,P1065,14,72352.0
2026-05-24,P1065,12,62016.0
2026-05-25,P1065,11,56848.0
2026-05-26,P1065,8,41344.0
2026-05-27,P1065,10,51680.0
2026-05-28,P1065,6,31008.0
2026-05-29,P1065,6,31008.0
2026-05-30,P1065,9,46512.0
2026-05-31,P1065,7,36176.0
2026-06-01,P1065,8,41344.0
2026-06-02,P1065,8,41344.0
2026-06-03,P1065,9,46512.0
2026-06-04,P1065,15,77520.0
2026-06-05,P1065,19,98192.0
2026-06-06,P1065,19,98192.0
2026-06-07,P1065,16,82688.0
2026-06-08,P1065,11,56848.0
2026-06-09,P1065,12,62016.0
2026-06-10,P1065,12,62016.0
2026-06-11,P1065,18,93024.0
2026-06-12,P1065,13,67184.0
2026-06-13,P1065,19,98192.0
2026-06-14,P1065,18,93024.0
2026-06-15,P1065,8,41344.0
2026-06-16,P1065,17,87856.0
2026-06-17,P1065,10,51680.0
2026-06-18,P1065,14,72352.0
2026-06-19,P1065,9,46512.0
2026-06-20,P1065,14,
2026-06-21,P1065,4,20672.0
2026-06-22,P1065,13,67184.0
2026-06-23,P1065,10,51680.0
2026-06-24,P1065,12,62016.0
2026-06-25,P1065,6,31008.0
2026-06-26,P1065,10,51680.0
2026-06-27,P1065,10,51680.0
2026-06-28,P1065,11,56848.0
2026-06-29,P1065,17,87856.0
2026-06-30,P1065,11,56848.0
2026-07-01,P1065,18,93024.0
2026-07-02,P1065,9,46512.0
2026-07-03,P1065,12,62016.0
2026-07-04,P1065,12,62016.0
2026-07-05,P1065,14,72352.0
2026-07-06,P1065,9,46512.0
2026-07-07,P1065,11,56848.0
2026-07-08,P1065,17,87856.0
2026-07-09,P1065,11,56848.0
2026-07-10,P1065,9,46512.0
2026-07-11,P1065,15,77520.0
2026-07-12,P1065,17,87856.0
2026-07-13,P1065,14,72352.0
2026-07-14,P1065,19,98192.0
2026-07-15,P1065,16,82688.0
2026-07-16,P1065,13,67184.0
2026-07-17,P1065,11,56848.0
2026-07-18,P1065,24,124032.0
2026-07-19,P1065,19,98192.0
2026-07-20,P1065,9,46512.0
2026-07-21,P1065,9,46512.0
2026-07-22,P1065,8,41344.0
2026-07-23,P1065,10,51680.0
2026-07-24,P1065,15,77520.0
2026-07-25,P1065,10,51680.0
2026-07-26,P1065,10,51680.0
2026-07-27,P1065,7,36176.0
2026-07-28,P1065,13,67184.0
2026-07-29,P1065,10,51680.0
2026-07-30,P1065,8,41344.0
2026-07-31,P1065,12,62016.0
2026-08-01,P1065,9,46512.0
2026-08-02,P1065,15,77520.0
2026-08-03,P1065,8,41344.0
2026-08-04,P1065,8,41344.0
2026-08-05,P1065,10,51680.0
2026-08-06,P1065,15,77520.0
2026-08-07,P1065,13,67184.0
2026-08-08,P1065,11,56848.0
2026-08-09,P1065,16,82688.0
2026-08-10,P1065,15,77520.0
2026-08-11,P1065,18,93024.0
2026-08-12,P1065,24,124032.0
2026-08-13,P1065,21,108528.0
2026-08-14,P1065,17,87856.0
2026-08-15,P1065,18,93024.0
2026-08-16,P1065,19,98192.0
2026-08-17,P1065,17,87856.0
2026-08-18,P1065,19,98192.0
2026-08-19,P1065,14,72352.0
2026-08-20,P1065,12,62016.0
2026-08-21,P1065,18,93024.0
2026-08-22,P1065,18,93024.0
2026-08-23,P1065,9,46512.0
2026-08-24,P1065,9,46512.0
2026-08-25,P1065,8,41344.0
2026-08-26,P1065,8,41344.0
2026-08-27,P1065,6,31008.0
2026-08-28,P1065,9,46512.0
2026-08-29,P1065,9,46512.0
2026-08-30,P1065,13,67184.0
2026-08-31,P1065,8,41344.0
2026-09-01,P1065,8,41344.0
2026-09-02,P1065,14,72352.0
2026-09-03,P1065,12,62016.0
2026-03-08,P1066,13,45474.52
2026-03-09,P1066,14,48972.56
2026-03-10,P1066,11,38478.44
2026-03-11,P1066,7,24486.28
2026-03-12,P1066,14,48972.56
2026-03-13,P1066,15,52470.6
2026-03-14,P1066,11,38478.44
2026-03-15,P1066,16,55968.64
2026-03-16,P1066,10,34980.4
2026-03-17,P1066,10,34980.4
2026-03-18,P1066,16,55968.64
2026-03-19,P1066,15,52470.6
2026-03-20,P1066,10,34980.4
2026-03-21,P1066,15,52470.6
2026-03-22,P1066,11,38478.44
2026-03-23,P1066,8,27984.32
2026-03-24,P1066,6,20988.24
2026-03-25,P1066,9,31482.36
2026-03-26,P1066,8,27984.32
2026-03-27,P1066,7,24486.28
2026-03-28,P1066,15,52470.6
2026-03-29,P1066,4,13992.16
2026-03-30,P1066,4,13992.16
2026-03-31,P1066,7,24486.28
2026-04-01,P1066,12,41976.48
2026-04-02,P1066,6,20988.24
2026-04-03,P1066,9,31482.36
2026-04-04,P1066,7,24486.28
2026-04-05,P1066,7,24486.28
2026-04-06,P1066,11,38478.44
2026-04-07,P1066,6,20988.24
2026-04-08,P1066,11,38478.44
2026-04-09,P1066,13,45474.52
2026-04-10,P1066,8,27984.32
2026-04-11,P1066,15,52470.6
2026-04-12,P1066,16,55968.64
2026-04-13,P1066,12,41976.48
2026-04-14,P1066,17,59466.68
2026-04-15,P1066,13,45474.52
2026-04-16,P1066,14,48972.56
2026-04-17,P1066,16,55968.64
2026-04-18,P1066,13,45474.52
2026-04-19,P1066,14,48972.56
2026-04-20,P1066,13,45474.52
2026-04-21,P1066,16,55968.64
2026-04-22,P1066,12,41976.48
2026-04-23,P1066,9,31482.36
2026-04-24,P1066,8,27984.32
2026-04-25,P1066,15,52470.6
2026-04-26,P1066,11,38478.44
2026-04-28,P1066,5,17490.2
2026-04-29,P1066,4,13992.16
2026-04-30,P1066,5,17490.2
2026-05-01,P1066,8,27984.32
2026-05-02,P1066,6,20988.24
2026-05-03,P1066,11,38478.44
2026-05-04,P1066,12,41976.48
2026-05-05,P1066,11,38478.44
2026-05-06,P1066,15,52470.6
2026-05-07,P1066,10,34980.4
2026-05-08,P1066,10,34980.4
2026-05-09,P1066,15,52470.6
2026-05-10,P1066,19,66462.76
2026-05-11,P1066,15,52470.6
2026-05-12,P1066,13,45474.52
2026-05-13,P1066,18,62964.72
2026-05-14,P1066,12,41976.48
2026-05-15,P1066,13,45474.52
2026-05-16,P1066,18,62964.72
2026-05-17,P1066,21,73458.84
2026-05-18,P1066,10,34980.4
2026-05-19,P1066,11,38478.44
2026-05-20,P1066,8,27984.32
2026-05-21,P1066,15,52470.6
2026-05-22,P1066,13,45474.52
2026-05-23,P1066,14,48972.56
2026-05-24,P1066,12,41976.48
2026-05-25,P1066,10,34980.4
2026-05-26,P1066,11,38478.44
2026-05-27,P1066,5,17490.2
2026-05-28,P1066,8,27984.32
2026-05-29,P1066,11,38478.44
2026-05-30,P1066,8,27984.32
2026-05-31,P1066,9,31482.36
2026-06-01,P1066,8,27984.32
2026-06-02,P1066,3,10494.12
2026-06-03,P1066,10,34980.4
2026-06-04,P1066,13,45474.52
2026-06-05,P1066,7,24486.28
2026-06-06,P1066,12,41976.48
2026-06-07,P1066,18,62964.72
2026-06-08,P1066,18,62964.72
2026-06-09,P1066,10,34980.4
2026-06-10,P1066,15,52470.6
2026-06-11,P1066,15,52470.6
2026-06-12,P1066,22,76956.88
2026-06-13,P1066,13,45474.52
2026-06-14,P1066,21,73458.84
2026-06-15,P1066,17,59466.68
2026-06-16,P1066,14,48972.56
2026-06-17,P1066,17,59466.68
2026-06-18,P1066,20,69960.8
2026-06-19,P1066,20,69960.8
2026-06-20,P1066,18,62964.72
2026-06-21,P1066,17,59466.68
2026-06-22,P1066,11,38478.44
2026-06-23,P1066,12,41976.48
2026-06-24,P1066,7,24486.28
2026-06-25,P1066,8,27984.32
2026-06-26,P1066,14,48972.56
2026-06-27,P1066,11,38478.44
2026-06-28,P1066,5,17490.2
2026-06-29,P1066,9,31482.36
2026-06-30,P1066,6,20988.24
2026-07-01,P1066,6,20988.24
2026-07-02,P1066,7,24486.28
2026-07-03,P1066,10,34980.4
2026-07-04,P1066,22,76956.88
2026-07-05,P1066,7,24486.28
2026-07-06,P1066,12,41976.48
2026-07-07,P1066,11,38478.44
2026-07-08,P1066,15,52470.6
2026-07-09,P1066,18,62964.72
2026-07-10,P1066,11,38478.44
2026-07-11,P1066,13,45474.52
2026-07-12,P1066,11,38478.44
2026-07-13,P1066,14,48972.56
2026-07-14,P1066,17,59466.68
2026-07-15,P1066,17,59466.68
2026-07-16,P1066,17,59466.68
2026-07-17,P1066,17,59466.68
2026-07-18,P1066,26,90949.04
2026-07-19,P1066,21,73458.84
2026-07-20,P1066,18,62964.72
2026-07-21,P1066,9,31482.36
2026-07-22,P1066,10,34980.4
2026-07-23,P1066,9,31482.36
2026-07-24,P1066,9,31482.36
2026-07-25,P1066,14,48972.56
2026-07-26,P1066,17,59466.68
2026-07-27,P1066,6,20988.24
2026-07-28,P1066,5,17490.2
2026-07-29,P1066,10,34980.4
2026-07-30,P1066,9,31482.36
2026-07-31,P1066,7,24486.28
2026-08-01,P1066,10,34980.4
2026-08-02,P1066,17,59466.68
2026-08-03,P1066,7,24486.28
2026-08-04,P1066,8,27984.32
2026-08-05,P1066,12,41976.48
2026-08-06,P1066,15,52470.6
2026-08-07,P1066,17,59466.68
2026-08-08,P1066,15,52470.6
2026-08-09,P1066,15,52470.6
2026-08-10,P1066,17,59466.68
2026-08-11,P1066,17,59466.68
2026-08-12,P1066,16,55968.64
2026-08-13,P1066,18,62964.72
2026-08-14,P1066,20,69960.8
2026-08-15,P1066,21,73458.84
2026-08-16,P1066,19,66462.76
2026-08-17,P1066,13,45474.52
2026-08-18,P1066,17,59466.68
2026-08-19,P1066,12,41976.48
2026-08-20,P1066,11,38478.44
2026-08-21,P1066,12,41976.48
2026-08-22,P1066,9,31482.36
2026-08-23,P1066,10,34980.4
2026-08-24,P1066,11,38478.44
2026-08-25,P1066,9,31482.36
2026-08-26,P1066,9,31482.36
2026-08-27,P1066,14,48972.56
2026-08-28,P1066,10,34980.4
2026-08-29,P1066,12,41976.48
2026-08-30,P1066,5,17490.2
2026-08-31,P1066,8,27984.32
2026-09-01,P1066,9,31482.36
2026-09-02,P1066,5,17490.2
2026-09-03,P1066,16,55968.64
2026-04-23,P1011,2,1391.48
2026-03-25,P1013,9,7870.05
2026-03-08,P1048,7,9762.76
2026-05-12,P1019,4,2979.96
2026-07-23,P1026,11,181012.04
2026-04-10,P1000,5,18105.25
2026-06-24,P1051,8,13270.16
2026-08-12,P1025,18,207849.78
2026-03-29,P1065,5,25840.0
2026-04-15,P1063,14,74351.48
